movie,post_id,text,platform,subreddit,date,timestamp,likes,comments,shares,week,month
Michael,MIC_0297,Strong performance from Jaafar but the script carries all the risk. Fight me.,Instagram,,2025-10-29,2025-10-29T14:06:00,485,40,59,44,10
Michael,MIC_0363,The marketing challenge for this film is one of the most complex in recent Hollywood history. Anyone else feel this way?,YouTube comments,,2025-09-08,2025-09-08T11:26:00,222,84,21,37,9
Michael,MIC_0190,"Beat It, Billie Jean, Man in the Mirror — on a cinema screen with surround sound. Come on. Thoughts?",Instagram,,2025-10-27,2025-10-27T09:59:00,150,59,11,44,10
Michael,MIC_0201,How this performs internationally will be fascinating. MJ's global brand is unprecedented. Real talk.,Twitter/X,,2025-10-19,2025-10-19T07:20:00,195,11,25,42,10
The Devil Wears Prada 2,THE_0252,The writing needs to be sharp. Fashion satire works best when it's uncomfortable. Hot take.,Instagram,,2025-10-27,2025-10-27T20:51:00,101,28,13,44,10
Michael,MIC_0214,Graham King producing means serious awards intentions here. Not just a cash grab. Can't wait.,YouTube comments,,2025-09-16,2025-09-16T14:28:00,298,72,34,38,9
The Devil Wears Prada 2,THE_0049,I'm a fashion journalist and this movie is basically a love letter to our industry. Excited doesn't cover it. Real talk.,TikTok comments,,2025-09-05,2025-09-05T11:41:00,171,60,24,36,9
The Devil Wears Prada 2,THE_0025,Devil Wears Prada shaped my entire career path. This sequel feels personal. Fight me.,YouTube comments,,2025-09-15,2025-09-15T13:26:00,196,16,20,38,9
The Devil Wears Prada 2,THE_0091,Meryl Streep in a sequel? She doesn't do sequels. This must be THAT good. Genuinely can't stop thinking about this.,Reddit,r/movies,2025-10-21,2025-10-21T15:06:00,197,29,28,43,10
Michael,MIC_0086,Strong performance from Jaafar but the script carries all the risk. Thoughts?,YouTube comments,,2025-10-06,2025-10-06T11:32:00,117,27,5,41,10
The Devil Wears Prada 2,THE_0143,The original didn't need a sequel. Hope they don't ruin the legacy. Thoughts?,TikTok comments,,2025-08-08,2025-08-08T12:17:00,153,55,15,32,8
Michael,MIC_0033,"Motown, Off the Wall, Thriller era all in one film? The scope is incredible. Anyone else feel this way?",YouTube comments,,2025-08-17,2025-08-17T06:46:00,384,49,42,33,8
Michael,MIC_0273,The King of Pop on the big screen with full music rights. This is a historic moment for music cinema. Thoughts?,YouTube comments,,2025-10-30,2025-10-30T09:27:00,247,71,34,44,10
Michael,MIC_0081,If they include the full Thriller sequence I will cry in the theater. Not a question. Genuinely can't stop thinking about this.,YouTube comments,,2025-10-30,2025-10-30T10:33:00,75,18,4,44,10
Michael,MIC_0136,The runtime reportedly over 2.5 hours. They'll need every minute for this story. Thoughts?,Twitter/X,,2025-08-13,2025-08-13T06:32:00,119,38,17,33,8
The Devil Wears Prada 2,THE_0008,Fashion Twitter is absolutely losing it. Rightfully so. Thoughts?,Instagram,,2025-08-21,2025-08-21T14:24:00,224,24,25,34,8
Michael,MIC_0328,The choreography in the trailer already looks stunning. They clearly invested in getting it right.,TikTok comments,,2025-08-20,2025-08-20T15:48:00,226,87,21,34,8
Michael,MIC_0101,Leaving Neverland made it impossible for me to separate the art from the artist here. Anyone else feel this way?,Twitter/X,,2025-08-25,2025-08-25T10:31:00,324,48,6,35,8
The Devil Wears Prada 2,THE_0260,The demographic skew toward 25-45 women is very clear in the marketing. Smart targeting. Anyone else feel this way?,YouTube comments,,2025-10-01,2025-10-01T20:12:00,273,102,36,40,10
The Devil Wears Prada 2,THE_0228,Devil Wears Prada 2 is giving me everything I didn't know I needed. The casting looks *chef's kiss*. Genuinely can't stop thinking about this.,Twitter/X,,2025-10-20,2025-10-20T09:39:00,113,43,5,43,10
The Devil Wears Prada 2,THE_0317,I'll watch it but I have reservations. Fashion films are very of-their-moment. Anyone else feel this way?,Instagram,,2025-09-07,2025-09-07T07:45:00,109,19,12,36,9
Michael,MIC_0019,This is going to be emotionally overwhelming. I'm already not ready. Genuinely can't stop thinking about this.,YouTube comments,,2025-10-30,2025-10-30T18:52:00,125,23,1,44,10
The Devil Wears Prada 2,THE_0327,The original is a masterpiece of corporate satire. Sequel has massive shoes to fill. Hot take.,Instagram,,2025-09-20,2025-09-20T10:18:00,134,16,7,38,9
The Devil Wears Prada 2,THE_0305,The nostalgia economy is real. Studios know exactly what they're doing with this IP. Fight me.,YouTube comments,,2025-08-02,2025-08-02T00:33:00,304,15,26,31,8
Michael,MIC_0406,Watching Jaafar Jackson embody his father is genuinely moving. The resemblance is uncanny. Fight me.,Reddit,r/TrueFilm,2025-10-17,2025-10-17T16:03:00,197,23,10,42,10
The Devil Wears Prada 2,THE_0194,Some of the new casting choices are surprising. Trust the director but will reserve judgment. Can't wait.,Instagram,,2025-10-01,2025-10-01T11:35:00,227,80,3,40,10
The Devil Wears Prada 2,THE_0200,Meryl Streep in a sequel? She doesn't do sequels. This must be THAT good. Real talk.,Reddit,r/femalefashionadvice,2025-09-23,2025-09-23T20:50:00,101,15,1,39,9
Michael,MIC_0413,Biopic storytelling is hard. MJ's life is extraordinarily complex. Hoping they don't simplify. Genuinely can't stop thinking about this.,Instagram,,2025-08-29,2025-08-29T00:50:00,188,41,21,35,8
The Devil Wears Prada 2,THE_0401,Devil Wears Prada 2 is giving me everything I didn't know I needed. The casting looks *chef's kiss*. Thoughts?,Instagram,,2025-10-15,2025-10-15T18:03:00,203,55,13,42,10
The Devil Wears Prada 2,THE_0266,Sequels to perfect movies almost never work. I'm cautiously optimistic but nervous. Genuinely can't stop thinking about this.,Instagram,,2025-10-21,2025-10-21T12:52:00,111,34,3,43,10
Michael,MIC_0203,The marketing challenge for this film is one of the most complex in recent Hollywood history. Genuinely can't stop thinking about this.,TikTok comments,,2025-10-06,2025-10-06T21:04:00,129,35,3,41,10
Michael,MIC_0025,This is going to be emotionally overwhelming. I'm already not ready. Real talk.,Reddit,r/Music,2025-10-12,2025-10-12T14:09:00,246,97,14,41,10
The Devil Wears Prada 2,THE_0088,I'll watch it but I have reservations. Fashion films are very of-their-moment. Hot take.,TikTok comments,,2025-08-30,2025-08-30T03:46:00,263,54,13,35,8
The Devil Wears Prada 2,THE_0093,Hoping they address the toxic workplace dynamics more critically this time. Fight me.,Reddit,r/movies,2025-10-27,2025-10-27T01:09:00,153,33,13,44,10
The Devil Wears Prada 2,THE_0275,Hoping they address the toxic workplace dynamics more critically this time. Fight me.,Reddit,r/TrueFilm,2025-10-05,2025-10-05T14:51:00,171,43,3,40,10
The Devil Wears Prada 2,THE_0449,Good trailer. Not great. But the bar for the actual film is set correctly.,Instagram,,2025-09-23,2025-09-23T04:09:00,89,20,6,39,9
The Devil Wears Prada 2,THE_0419,Hoping they address the toxic workplace dynamics more critically this time. Real talk.,TikTok comments,,2025-08-23,2025-08-23T07:37:00,209,71,26,34,8
Michael,MIC_0140,The box office upside here is massive if they can navigate the controversy cleanly. Genuinely can't stop thinking about this.,Instagram,,2025-10-21,2025-10-21T15:28:00,391,148,48,43,10
Michael,MIC_0063,The King of Pop on the big screen with full music rights. This is a historic moment for music cinema. Fight me.,YouTube comments,,2025-10-03,2025-10-03T00:33:00,168,43,13,40,10
Michael,MIC_0240,The box office upside here is massive if they can navigate the controversy cleanly. Genuinely can't stop thinking about this.,Reddit,r/MichaelJackson,2025-08-04,2025-08-04T17:17:00,183,33,27,32,8
Michael,MIC_0344,Celebrating MJ's artistry while ignoring the serious allegations feels irresponsible. Genuinely can't stop thinking about this.,Reddit,r/movies,2025-09-27,2025-09-27T00:57:00,225,16,25,39,9
The Devil Wears Prada 2,THE_0000,The costume design alone justifies a ticket. Anna Wintour era aesthetic is peak cinema. Thoughts?,Reddit,r/femalefashionadvice,2025-10-26,2025-10-26T23:57:00,209,26,23,43,10
The Devil Wears Prada 2,THE_0230,The nostalgia economy is real. Studios know exactly what they're doing with this IP. Hot take.,Instagram,,2025-08-06,2025-08-06T20:49:00,360,121,5,32,8
The Devil Wears Prada 2,THE_0053,The pacing of the trailer felt a bit rushed. Hope the actual film breathes more. Can't wait.,TikTok comments,,2025-09-12,2025-09-12T19:20:00,219,16,22,37,9
Michael,MIC_0026,Can't ignore the documentary accusations. This film feels like reputation rehabilitation. Anyone else feel this way?,Reddit,r/boxoffice,2025-10-21,2025-10-21T01:00:00,154,41,5,43,10
The Devil Wears Prada 2,THE_0366,Some of the new casting choices are surprising. Trust the director but will reserve judgment. Fight me.,Reddit,r/movies,2025-08-01,2025-08-01T13:12:00,122,42,8,31,8
The Devil Wears Prada 2,THE_0190,The demographic skew toward 25-45 women is very clear in the marketing. Smart targeting.,TikTok comments,,2025-09-18,2025-09-18T04:10:00,240,76,6,38,9
The Devil Wears Prada 2,THE_0374,I'm a fashion journalist and this movie is basically a love letter to our industry. Excited doesn't cover it. Anyone else feel this way?,YouTube comments,,2025-08-12,2025-08-12T03:08:00,101,29,13,33,8
The Devil Wears Prada 2,THE_0362,The industry commentary in the original was years ahead of its time. Can't wait to see 2024 through that lens. Genuinely can't stop thinking about this.,TikTok comments,,2025-08-01,2025-08-01T23:05:00,113,43,6,31,8
Michael,MIC_0268,"If they get the music and the movement right, this will be one of the most important biopics ever made. Hot take.",Reddit,r/Music,2025-10-17,2025-10-17T09:21:00,362,22,32,42,10
The Devil Wears Prada 2,THE_0341,The demographic skew toward 25-45 women is very clear in the marketing. Smart targeting. Anyone else feel this way?,TikTok comments,,2025-09-21,2025-09-21T20:11:00,169,33,12,38,9
Michael,MIC_0405,Can't ignore the documentary accusations. This film feels like reputation rehabilitation.,Instagram,,2025-09-05,2025-09-05T06:01:00,98,11,8,36,9
Michael,MIC_0012,If they include the full Thriller sequence I will cry in the theater. Not a question. Can't wait.,TikTok comments,,2025-10-27,2025-10-27T00:30:00,55,10,0,44,10
The Devil Wears Prada 2,THE_0436,The nostalgia economy is real. Studios know exactly what they're doing with this IP. Real talk.,Twitter/X,,2025-08-25,2025-08-25T13:44:00,160,13,6,35,8
The Devil Wears Prada 2,THE_0144,I'm a fashion journalist and this movie is basically a love letter to our industry. Excited doesn't cover it. Thoughts?,YouTube comments,,2025-10-16,2025-10-16T00:03:00,218,61,21,42,10
Michael,MIC_0217,Music biopics have a very specific commercial formula. MJ is the ultimate subject. Anyone else feel this way?,Reddit,r/movies,2025-09-16,2025-09-16T18:15:00,111,19,3,38,9
The Devil Wears Prada 2,THE_0415,The costume design alone justifies a ticket. Anna Wintour era aesthetic is peak cinema.,YouTube comments,,2025-10-02,2025-10-02T11:58:00,203,60,15,40,10
The Devil Wears Prada 2,THE_0447,Devil Wears Prada 2 is giving me everything I didn't know I needed. The casting looks *chef's kiss*. Real talk.,Twitter/X,,2025-09-03,2025-09-03T10:58:00,202,54,25,36,9
The Devil Wears Prada 2,THE_0070,Anne Hathaway returning means this is going to be emotionally devastating. I'm prepared. Real talk.,YouTube comments,,2025-09-21,2025-09-21T23:10:00,404,75,41,38,9
Michael,MIC_0112,"Beat It, Billie Jean, Man in the Mirror — on a cinema screen with surround sound. Come on. Fight me.",TikTok comments,,2025-08-09,2025-08-09T08:23:00,224,28,17,32,8
Michael,MIC_0150,The music catalog alone makes this a theatrical experience. Needs to be seen on IMAX. Genuinely can't stop thinking about this.,Twitter/X,,2025-09-13,2025-09-13T02:35:00,157,12,16,37,9
The Devil Wears Prada 2,THE_0283,The writing needs to be sharp. Fashion satire works best when it's uncomfortable. Hot take.,Twitter/X,,2025-08-15,2025-08-15T01:51:00,75,8,9,33,8
The Devil Wears Prada 2,THE_0031,Box office tracking says this is projected to open at 60M+. Makes sense given the IP. Anyone else feel this way?,Twitter/X,,2025-10-09,2025-10-09T01:47:00,78,9,1,41,10
The Devil Wears Prada 2,THE_0397,The fashion sequences look incredible. The plot remains to be seen. Can't wait.,Twitter/X,,2025-10-09,2025-10-09T11:40:00,304,114,4,41,10
Michael,MIC_0090,I want to love this but the controversy makes it complicated. Conflicted. Thoughts?,Twitter/X,,2025-08-12,2025-08-12T02:03:00,236,49,13,33,8
The Devil Wears Prada 2,THE_0045,Hoping they address the toxic workplace dynamics more critically this time. Real talk.,Instagram,,2025-08-21,2025-08-21T05:56:00,247,25,34,34,8
The Devil Wears Prada 2,THE_0148,The original didn't need a sequel. Hope they don't ruin the legacy. Can't wait.,Instagram,,2025-08-17,2025-08-17T23:26:00,218,12,10,33,8
The Devil Wears Prada 2,THE_0358,The demographic skew toward 25-45 women is very clear in the marketing. Smart targeting. Genuinely can't stop thinking about this.,Instagram,,2025-09-07,2025-09-07T09:36:00,124,13,18,36,9
Michael,MIC_0023,The decision to not address the allegations directly is a narrative choice with real consequences. Hot take.,TikTok comments,,2025-08-16,2025-08-16T15:03:00,93,23,6,33,8
Michael,MIC_0288,Strong performance from Jaafar but the script carries all the risk. Fight me.,Instagram,,2025-08-13,2025-08-13T16:43:00,191,61,5,33,8
Michael,MIC_0125,Michael Jackson's cultural impact is genuinely underrepresented in cinema. This is overdue. Real talk.,YouTube comments,,2025-10-04,2025-10-04T21:26:00,66,5,2,40,10
The Devil Wears Prada 2,THE_0113,The writing needs to be sharp. Fashion satire works best when it's uncomfortable. Anyone else feel this way?,YouTube comments,,2025-08-18,2025-08-18T02:17:00,142,52,11,34,8
Michael,MIC_0255,Music biopics have a very specific commercial formula. MJ is the ultimate subject. Real talk.,Reddit,r/TrueFilm,2025-08-07,2025-08-07T06:18:00,233,53,22,32,8
Michael,MIC_0216,Michael Jackson's cultural impact is genuinely underrepresented in cinema. This is overdue. Can't wait.,TikTok comments,,2025-09-05,2025-09-05T17:32:00,391,125,55,36,9
Michael,MIC_0197,Michael Jackson's story deserves to be told with this level of care. The trailer gave me chills. Real talk.,TikTok comments,,2025-10-02,2025-10-02T22:28:00,177,17,24,40,10
Michael,MIC_0042,The fan base will love it. Everyone else will have questions about editorial choices. Anyone else feel this way?,Reddit,r/TrueFilm,2025-09-02,2025-09-02T20:14:00,167,50,4,36,9
The Devil Wears Prada 2,THE_0023,I've been waiting for this sequel for 15 years. Miranda Priestly is back and I am NOT ready. Thoughts?,Reddit,r/TrueFilm,2025-08-10,2025-08-10T16:15:00,309,113,40,32,8
Michael,MIC_0295,The fan base will love it. Everyone else will have questions about editorial choices.,Reddit,r/boxoffice,2025-10-30,2025-10-30T19:57:00,430,34,27,44,10
The Devil Wears Prada 2,THE_0443,Devil Wears Prada 2 is giving me everything I didn't know I needed. The casting looks *chef's kiss*. Hot take.,Instagram,,2025-10-10,2025-10-10T01:53:00,134,52,12,41,10
The Devil Wears Prada 2,THE_0138,Box office tracking says this is projected to open at 60M+. Makes sense given the IP.,Instagram,,2025-10-18,2025-10-18T07:41:00,202,76,11,42,10
The Devil Wears Prada 2,THE_0141,This is the fashion girl movie of the decade. Period. Real talk.,Instagram,,2025-10-23,2025-10-23T03:53:00,78,23,10,43,10
The Devil Wears Prada 2,THE_0006,This is the fashion girl movie of the decade. Period. Thoughts?,Reddit,r/TrueFilm,2025-08-30,2025-08-30T03:24:00,83,12,1,35,8
The Devil Wears Prada 2,THE_0056,The original is a masterpiece of corporate satire. Sequel has massive shoes to fill. Real talk.,Instagram,,2025-09-25,2025-09-25T18:38:00,398,19,19,39,9
Michael,MIC_0123,Michael Jackson's cultural impact is genuinely underrepresented in cinema. This is overdue. Real talk.,Instagram,,2025-08-24,2025-08-24T19:42:00,104,34,12,34,8
Michael,MIC_0078,The choreography in the trailer already looks stunning. They clearly invested in getting it right. Thoughts?,Twitter/X,,2025-09-18,2025-09-18T01:27:00,364,40,29,38,9
Michael,MIC_0323,This is a marketing and cultural experiment as much as it is a film. Genuinely can't stop thinking about this.,TikTok comments,,2025-09-08,2025-09-08T23:50:00,193,12,26,37,9
Michael,MIC_0419,The choreography in the trailer already looks stunning. They clearly invested in getting it right.,TikTok comments,,2025-09-15,2025-09-15T01:18:00,295,58,40,38,9
The Devil Wears Prada 2,THE_0197,I've been waiting for this sequel for 15 years. Miranda Priestly is back and I am NOT ready. Real talk.,Reddit,r/boxoffice,2025-08-11,2025-08-11T11:14:00,121,21,7,33,8
Michael,MIC_0182,The decision to cast his actual son is bold and beautiful. Can't imagine it going any other way. Thoughts?,YouTube comments,,2025-10-18,2025-10-18T22:43:00,83,11,9,42,10
The Devil Wears Prada 2,THE_0217,"The teaser just dropped and I'm already emotional. Fashion, power, and Meryl Streep. Anyone else feel this way?",YouTube comments,,2025-10-13,2025-10-13T04:33:00,220,39,25,42,10
The Devil Wears Prada 2,THE_0416,This will be fascinating to analyze from an audience reception standpoint. Hot take.,YouTube comments,,2025-08-29,2025-08-29T00:57:00,106,11,5,35,8
The Devil Wears Prada 2,THE_0244,The writing needs to be sharp. Fashion satire works best when it's uncomfortable. Anyone else feel this way?,Instagram,,2025-10-18,2025-10-18T10:10:00,227,52,12,42,10
The Devil Wears Prada 2,THE_0127,The pacing of the trailer felt a bit rushed. Hope the actual film breathes more. Fight me.,TikTok comments,,2025-09-14,2025-09-14T18:19:00,205,49,4,37,9
Michael,MIC_0162,Every music lover owes it to themselves to experience this in a theater. Anyone else feel this way?,YouTube comments,,2025-08-18,2025-08-18T20:33:00,210,11,14,34,8
Michael,MIC_0127,Every music lover owes it to themselves to experience this in a theater. Thoughts?,Reddit,r/boxoffice,2025-08-01,2025-08-01T21:41:00,143,13,13,31,8
Michael,MIC_0138,Michael Jackson's story deserves to be told with this level of care. The trailer gave me chills. Thoughts?,Twitter/X,,2025-08-09,2025-08-09T08:14:00,165,61,11,32,8
The Devil Wears Prada 2,THE_0245,Not sure how they'll top the original. The bar is literally Meryl Streep at peak Meryl. Genuinely can't stop thinking about this.,Instagram,,2025-10-02,2025-10-02T22:36:00,230,52,18,40,10
Michael,MIC_0014,This is a marketing and cultural experiment as much as it is a film. Genuinely can't stop thinking about this.,YouTube comments,,2025-09-02,2025-09-02T06:29:00,171,31,10,36,9
The Devil Wears Prada 2,THE_0442,The writing needs to be sharp. Fashion satire works best when it's uncomfortable. Genuinely can't stop thinking about this.,Twitter/X,,2025-10-29,2025-10-29T21:06:00,312,44,5,44,10
The Devil Wears Prada 2,THE_0035,Anne Hathaway returning means this is going to be emotionally devastating. I'm prepared. Can't wait.,TikTok comments,,2025-10-22,2025-10-22T09:29:00,310,44,8,43,10
The Devil Wears Prada 2,THE_0184,The costume design alone justifies a ticket. Anna Wintour era aesthetic is peak cinema. Hot take.,Reddit,r/femalefashionadvice,2025-09-02,2025-09-02T23:54:00,190,46,12,36,9
The Devil Wears Prada 2,THE_0124,"The teaser just dropped and I'm already emotional. Fashion, power, and Meryl Streep. Genuinely can't stop thinking about this.",TikTok comments,,2025-09-22,2025-09-22T18:43:00,255,51,11,39,9
The Devil Wears Prada 2,THE_0235,Devil Wears Prada shaped my entire career path. This sequel feels personal. Fight me.,Reddit,r/femalefashionadvice,2025-09-07,2025-09-07T12:55:00,31,4,0,36,9
Michael,MIC_0411,Watching Jaafar Jackson embody his father is genuinely moving. The resemblance is uncanny. Real talk.,Reddit,r/movies,2025-08-23,2025-08-23T17:29:00,192,52,9,34,8
The Devil Wears Prada 2,THE_0444,Not sure how they'll top the original. The bar is literally Meryl Streep at peak Meryl. Real talk.,Instagram,,2025-08-31,2025-08-31T15:19:00,193,68,14,35,8
Michael,MIC_0358,This is a marketing and cultural experiment as much as it is a film. Can't wait.,Reddit,r/TrueFilm,2025-08-19,2025-08-19T13:10:00,182,30,4,34,8
The Devil Wears Prada 2,THE_0261,Every fashion editor I know has already pre-booked opening weekend. Genuinely can't stop thinking about this.,TikTok comments,,2025-08-12,2025-08-12T20:36:00,166,45,22,33,8
The Devil Wears Prada 2,THE_0169,The demographic skew toward 25-45 women is very clear in the marketing. Smart targeting. Can't wait.,Instagram,,2025-08-10,2025-08-10T12:55:00,87,29,10,32,8
The Devil Wears Prada 2,THE_0302,The writing needs to be sharp. Fashion satire works best when it's uncomfortable. Anyone else feel this way?,TikTok comments,,2025-08-24,2025-08-24T17:41:00,372,36,32,34,8
Michael,MIC_0322,Michael Jackson's story deserves to be told with this level of care. The trailer gave me chills. Fight me.,YouTube comments,,2025-09-12,2025-09-12T13:22:00,151,55,13,37,9
The Devil Wears Prada 2,THE_0278,I'll watch it but I have reservations. Fashion films are very of-their-moment. Hot take.,Reddit,r/Oscars,2025-09-30,2025-09-30T01:18:00,214,80,4,40,9
The Devil Wears Prada 2,THE_0445,Devil Wears Prada 2 is giving me everything I didn't know I needed. The casting looks *chef's kiss*. Real talk.,Reddit,r/Oscars,2025-10-26,2025-10-26T19:09:00,116,42,14,43,10
The Devil Wears Prada 2,THE_0229,The demographic skew toward 25-45 women is very clear in the marketing. Smart targeting. Thoughts?,Instagram,,2025-08-20,2025-08-20T05:42:00,118,12,16,34,8
The Devil Wears Prada 2,THE_0059,The original is a masterpiece of corporate satire. Sequel has massive shoes to fill. Can't wait.,Twitter/X,,2025-09-30,2025-09-30T19:54:00,347,20,15,40,9
Michael,MIC_0126,Biopic storytelling is hard. MJ's life is extraordinarily complex. Hoping they don't simplify. Anyone else feel this way?,Instagram,,2025-10-16,2025-10-16T01:56:00,130,14,17,42,10
The Devil Wears Prada 2,THE_0425,Sequels to perfect movies almost never work. I'm cautiously optimistic but nervous. Anyone else feel this way?,Twitter/X,,2025-10-02,2025-10-02T20:20:00,186,71,22,40,10
Michael,MIC_0160,"Motown, Off the Wall, Thriller era all in one film? The scope is incredible. Real talk.",TikTok comments,,2025-08-24,2025-08-24T18:08:00,110,38,5,34,8
The Devil Wears Prada 2,THE_0249,Some of the new casting choices are surprising. Trust the director but will reserve judgment. Can't wait.,Reddit,r/Oscars,2025-09-10,2025-09-10T13:09:00,130,11,1,37,9
Michael,MIC_0398,Biopic storytelling is hard. MJ's life is extraordinarily complex. Hoping they don't simplify. Anyone else feel this way?,Twitter/X,,2025-10-13,2025-10-13T04:28:00,122,11,18,42,10
Michael,MIC_0215,This is a marketing and cultural experiment as much as it is a film. Real talk.,Reddit,r/movies,2025-09-08,2025-09-08T00:19:00,333,86,27,37,9
Michael,MIC_0316,I want to love this but the controversy makes it complicated. Conflicted. Anyone else feel this way?,YouTube comments,,2025-09-19,2025-09-19T11:14:00,103,20,12,38,9
The Devil Wears Prada 2,THE_0161,The nostalgia economy is real. Studios know exactly what they're doing with this IP. Genuinely can't stop thinking about this.,Reddit,r/TrueFilm,2025-09-13,2025-09-13T11:00:00,239,70,12,37,9
The Devil Wears Prada 2,THE_0246,The original is a masterpiece of corporate satire. Sequel has massive shoes to fill. Fight me.,Reddit,r/femalefashionadvice,2025-10-14,2025-10-14T09:50:00,121,34,17,42,10
The Devil Wears Prada 2,THE_0355,Hoping they address the toxic workplace dynamics more critically this time.,YouTube comments,,2025-09-26,2025-09-26T03:49:00,187,32,23,39,9
Michael,MIC_0325,Michael Jackson's story deserves to be told with this level of care. The trailer gave me chills. Genuinely can't stop thinking about this.,YouTube comments,,2025-09-05,2025-09-05T08:08:00,236,22,4,36,9
The Devil Wears Prada 2,THE_0418,Devil Wears Prada shaped my entire career path. This sequel feels personal. Can't wait.,TikTok comments,,2025-08-08,2025-08-08T07:36:00,102,34,14,32,8
The Devil Wears Prada 2,THE_0016,The industry commentary in the original was years ahead of its time. Can't wait to see 2024 through that lens. Genuinely can't stop thinking about this.,Instagram,,2025-10-20,2025-10-20T09:53:00,142,15,19,43,10
The Devil Wears Prada 2,THE_0155,The industry commentary in the original was years ahead of its time. Can't wait to see 2024 through that lens. Thoughts?,TikTok comments,,2025-08-20,2025-08-20T21:59:00,151,24,6,34,8
Michael,MIC_0375,Every music lover owes it to themselves to experience this in a theater. Anyone else feel this way?,Instagram,,2025-10-06,2025-10-06T15:55:00,119,41,2,41,10
Michael,MIC_0228,The King of Pop on the big screen with full music rights. This is a historic moment for music cinema. Real talk.,YouTube comments,,2025-10-16,2025-10-16T20:01:00,142,24,7,42,10
The Devil Wears Prada 2,THE_0174,Interesting that they're releasing this during awards season. Strategic positioning. Thoughts?,Instagram,,2025-09-14,2025-09-14T23:52:00,135,15,16,37,9
Michael,MIC_0371,Michael Jackson's cultural impact is genuinely underrepresented in cinema. This is overdue. Thoughts?,YouTube comments,,2025-08-19,2025-08-19T06:59:00,150,32,20,34,8
The Devil Wears Prada 2,THE_0064,The fashion sequences look incredible. The plot remains to be seen. Anyone else feel this way?,YouTube comments,,2025-10-21,2025-10-21T08:49:00,98,13,4,43,10
The Devil Wears Prada 2,THE_0270,The original is a masterpiece of corporate satire. Sequel has massive shoes to fill. Anyone else feel this way?,YouTube comments,,2025-10-30,2025-10-30T09:44:00,88,19,11,44,10
The Devil Wears Prada 2,THE_0011,Box office tracking says this is projected to open at 60M+. Makes sense given the IP. Real talk.,YouTube comments,,2025-10-11,2025-10-11T17:16:00,134,19,5,41,10
The Devil Wears Prada 2,THE_0373,Meryl Streep in a sequel? She doesn't do sequels. This must be THAT good. Thoughts?,Instagram,,2025-09-26,2025-09-26T11:46:00,98,5,9,39,9
Michael,MIC_0183,The decision to cast his actual son is bold and beautiful. Can't imagine it going any other way. Genuinely can't stop thinking about this.,Instagram,,2025-08-09,2025-08-09T05:08:00,156,22,5,32,8
The Devil Wears Prada 2,THE_0159,Hoping they address the toxic workplace dynamics more critically this time. Thoughts?,TikTok comments,,2025-09-05,2025-09-05T18:14:00,220,53,5,36,9
The Devil Wears Prada 2,THE_0085,Anne Hathaway returning means this is going to be emotionally devastating. I'm prepared. Genuinely can't stop thinking about this.,Instagram,,2025-08-31,2025-08-31T23:26:00,181,41,6,35,8
Michael,MIC_0220,Strong performance from Jaafar but the script carries all the risk. Thoughts?,Instagram,,2025-10-13,2025-10-13T12:05:00,145,22,16,42,10
The Devil Wears Prada 2,THE_0015,Can we talk about how perfectly aged this story is? The fashion industry critique hits differently now. Genuinely can't stop thinking about this.,TikTok comments,,2025-08-01,2025-08-01T23:56:00,337,51,10,31,8
Michael,MIC_0044,Every music lover owes it to themselves to experience this in a theater. Hot take.,YouTube comments,,2025-08-06,2025-08-06T00:54:00,198,17,25,32,8
The Devil Wears Prada 2,THE_0383,Good trailer. Not great. But the bar for the actual film is set correctly. Can't wait.,Twitter/X,,2025-10-23,2025-10-23T21:41:00,192,31,17,43,10
The Devil Wears Prada 2,THE_0065,Every fashion editor I know has already pre-booked opening weekend. Fight me.,Twitter/X,,2025-08-31,2025-08-31T08:21:00,116,23,12,35,8
The Devil Wears Prada 2,THE_0108,Hoping they address the toxic workplace dynamics more critically this time. Fight me.,YouTube comments,,2025-10-03,2025-10-03T20:28:00,216,24,13,40,10
The Devil Wears Prada 2,THE_0429,This will be fascinating to analyze from an audience reception standpoint. Thoughts?,YouTube comments,,2025-09-14,2025-09-14T10:10:00,246,40,5,37,9
The Devil Wears Prada 2,THE_0384,Devil Wears Prada 2 is giving me everything I didn't know I needed. The casting looks *chef's kiss*. Genuinely can't stop thinking about this.,YouTube comments,,2025-09-01,2025-09-01T02:59:00,346,132,15,36,9
Michael,MIC_0173,Michael Jackson's story deserves to be told with this level of care. The trailer gave me chills. Real talk.,Instagram,,2025-10-19,2025-10-19T04:05:00,151,60,3,42,10
Michael,MIC_0034,Michael Jackson's story deserves to be told with this level of care. The trailer gave me chills. Anyone else feel this way?,Reddit,r/MichaelJackson,2025-10-21,2025-10-21T08:49:00,101,28,1,43,10
The Devil Wears Prada 2,THE_0265,Anne Hathaway returning means this is going to be emotionally devastating. I'm prepared. Can't wait.,Reddit,r/femalefashionadvice,2025-08-24,2025-08-24T00:47:00,124,37,12,34,8
Michael,MIC_0275,The fan base will love it. Everyone else will have questions about editorial choices. Fight me.,YouTube comments,,2025-10-30,2025-10-30T09:12:00,296,33,28,44,10
The Devil Wears Prada 2,THE_0002,I've been waiting for this sequel for 15 years. Miranda Priestly is back and I am NOT ready. Can't wait.,Instagram,,2025-08-01,2025-08-01T05:44:00,105,13,9,31,8
The Devil Wears Prada 2,THE_0412,Box office tracking says this is projected to open at 60M+. Makes sense given the IP.,YouTube comments,,2025-08-24,2025-08-24T08:17:00,275,54,16,34,8
Michael,MIC_0087,Every music lover owes it to themselves to experience this in a theater. Fight me.,YouTube comments,,2025-09-11,2025-09-11T16:05:00,266,40,26,37,9
Michael,MIC_0293,The King of Pop on the big screen with full music rights. This is a historic moment for music cinema. Can't wait.,Instagram,,2025-10-30,2025-10-30T09:36:00,52,12,2,44,10
Michael,MIC_0373,The decision to cast his actual son is bold and beautiful. Can't imagine it going any other way. Can't wait.,TikTok comments,,2025-09-05,2025-09-05T04:07:00,291,17,26,36,9
Michael,MIC_0367,Leaving Neverland made it impossible for me to separate the art from the artist here. Genuinely can't stop thinking about this.,Twitter/X,,2025-09-28,2025-09-28T01:06:00,100,13,9,39,9
The Devil Wears Prada 2,THE_0420,Sequels to perfect movies almost never work. I'm cautiously optimistic but nervous. Hot take.,Instagram,,2025-10-12,2025-10-12T18:09:00,334,98,19,41,10
The Devil Wears Prada 2,THE_0294,The nostalgia economy is real. Studios know exactly what they're doing with this IP.,Reddit,r/TrueFilm,2025-10-11,2025-10-11T06:30:00,135,42,15,41,10
Michael,MIC_0313,The choreography in the trailer already looks stunning. They clearly invested in getting it right. Fight me.,Twitter/X,,2025-09-16,2025-09-16T13:09:00,431,105,55,38,9
Michael,MIC_0290,"If they get the music and the movement right, this will be one of the most important biopics ever made. Thoughts?",TikTok comments,,2025-10-24,2025-10-24T23:19:00,133,48,3,43,10
Michael,MIC_0368,"Beat It, Billie Jean, Man in the Mirror — on a cinema screen with surround sound. Come on.",Instagram,,2025-10-05,2025-10-05T03:04:00,201,21,2,40,10
The Devil Wears Prada 2,THE_0007,Anne Hathaway returning means this is going to be emotionally devastating. I'm prepared. Fight me.,TikTok comments,,2025-09-04,2025-09-04T22:59:00,118,21,4,36,9
The Devil Wears Prada 2,THE_0037,Interesting that they're releasing this during awards season. Strategic positioning. Genuinely can't stop thinking about this.,Twitter/X,,2025-09-01,2025-09-01T11:18:00,481,82,9,36,9
Michael,MIC_0139,Leaving Neverland made it impossible for me to separate the art from the artist here. Thoughts?,Instagram,,2025-09-21,2025-09-21T19:41:00,149,45,20,38,9
Michael,MIC_0400,Leaving Neverland made it impossible for me to separate the art from the artist here. Fight me.,Instagram,,2025-08-04,2025-08-04T12:59:00,272,64,7,32,8
The Devil Wears Prada 2,THE_0387,The pacing of the trailer felt a bit rushed. Hope the actual film breathes more. Genuinely can't stop thinking about this.,Twitter/X,,2025-09-04,2025-09-04T23:56:00,93,8,11,36,9
The Devil Wears Prada 2,THE_0178,Anne Hathaway returning means this is going to be emotionally devastating. I'm prepared.,TikTok comments,,2025-08-05,2025-08-05T01:23:00,103,7,7,32,8
Michael,MIC_0292,Celebrating MJ's artistry while ignoring the serious allegations feels irresponsible. Thoughts?,TikTok comments,,2025-10-19,2025-10-19T17:32:00,311,32,8,42,10
The Devil Wears Prada 2,THE_0055,The demographic skew toward 25-45 women is very clear in the marketing. Smart targeting. Anyone else feel this way?,Twitter/X,,2025-08-23,2025-08-23T19:36:00,161,45,10,34,8
Michael,MIC_0285,Can't ignore the documentary accusations. This film feels like reputation rehabilitation.,TikTok comments,,2025-09-17,2025-09-17T14:53:00,149,11,19,38,9
Michael,MIC_0198,Music biopics have a very specific commercial formula. MJ is the ultimate subject. Genuinely can't stop thinking about this.,Instagram,,2025-10-09,2025-10-09T11:20:00,122,27,10,41,10
Michael,MIC_0181,The decision to not address the allegations directly is a narrative choice with real consequences. Real talk.,YouTube comments,,2025-09-19,2025-09-19T12:14:00,161,17,18,38,9
Michael,MIC_0134,The decision to cast his actual son is bold and beautiful. Can't imagine it going any other way. Real talk.,Twitter/X,,2025-08-23,2025-08-23T11:35:00,195,47,17,34,8
The Devil Wears Prada 2,THE_0097,Fashion Twitter is absolutely losing it. Rightfully so. Thoughts?,Twitter/X,,2025-08-01,2025-08-01T13:28:00,227,25,4,31,8
The Devil Wears Prada 2,THE_0370,Meryl Streep in a sequel? She doesn't do sequels. This must be THAT good. Can't wait.,Instagram,,2025-09-13,2025-09-13T03:55:00,157,32,1,37,9
The Devil Wears Prada 2,THE_0332,The nostalgia economy is real. Studios know exactly what they're doing with this IP. Fight me.,Instagram,,2025-10-28,2025-10-28T13:34:00,107,25,14,44,10
The Devil Wears Prada 2,THE_0068,Every fashion editor I know has already pre-booked opening weekend.,Instagram,,2025-09-08,2025-09-08T12:54:00,91,19,12,37,9
Michael,MIC_0032,The box office upside here is massive if they can navigate the controversy cleanly. Hot take.,YouTube comments,,2025-10-02,2025-10-02T11:48:00,356,103,10,40,10
The Devil Wears Prada 2,THE_0052,Can we talk about how perfectly aged this story is? The fashion industry critique hits differently now. Real talk.,Instagram,,2025-08-01,2025-08-01T16:59:00,225,31,24,31,8
Michael,MIC_0330,Biopic storytelling is hard. MJ's life is extraordinarily complex. Hoping they don't simplify. Hot take.,Reddit,r/MichaelJackson,2025-09-29,2025-09-29T12:30:00,154,51,2,40,9
Michael,MIC_0266,If they include the full Thriller sequence I will cry in the theater. Not a question. Fight me.,YouTube comments,,2025-08-01,2025-08-01T07:56:00,138,28,12,31,8
Michael,MIC_0119,I want to love this but the controversy makes it complicated. Conflicted. Hot take.,Reddit,r/boxoffice,2025-08-21,2025-08-21T20:53:00,165,35,6,34,8
Michael,MIC_0315,I grew up listening to MJ. This film feels like a love letter to an entire generation. Thoughts?,Twitter/X,,2025-10-29,2025-10-29T19:59:00,68,22,8,44,10
Michael,MIC_0362,I grew up listening to MJ. This film feels like a love letter to an entire generation. Genuinely can't stop thinking about this.,Instagram,,2025-10-18,2025-10-18T22:02:00,267,51,37,42,10
Michael,MIC_0018,The box office upside here is massive if they can navigate the controversy cleanly. Can't wait.,Reddit,r/TrueFilm,2025-08-04,2025-08-04T20:31:00,127,35,13,32,8
Michael,MIC_0357,Every music lover owes it to themselves to experience this in a theater. Real talk.,TikTok comments,,2025-08-18,2025-08-18T10:53:00,464,181,42,34,8
Michael,MIC_0168,The marketing challenge for this film is one of the most complex in recent Hollywood history. Genuinely can't stop thinking about this.,YouTube comments,,2025-10-21,2025-10-21T10:26:00,102,39,13,43,10
The Devil Wears Prada 2,THE_0003,I'll watch it but I have reservations. Fashion films are very of-their-moment. Hot take.,TikTok comments,,2025-08-14,2025-08-14T02:24:00,372,46,43,33,8
The Devil Wears Prada 2,THE_0424,Interesting that they're releasing this during awards season. Strategic positioning. Hot take.,Reddit,r/femalefashionadvice,2025-08-13,2025-08-13T10:19:00,178,67,11,33,8
Michael,MIC_0335,The sonic experience of this film is going to be unmatched. Pop history on screen. Can't wait.,Instagram,,2025-10-28,2025-10-28T05:20:00,101,11,5,44,10
The Devil Wears Prada 2,THE_0352,I've been waiting for this sequel for 15 years. Miranda Priestly is back and I am NOT ready. Can't wait.,TikTok comments,,2025-08-22,2025-08-22T14:36:00,233,34,19,34,8
The Devil Wears Prada 2,THE_0220,The original is a masterpiece of corporate satire. Sequel has massive shoes to fill. Fight me.,Twitter/X,,2025-08-23,2025-08-23T22:28:00,258,25,5,34,8
Michael,MIC_0158,If they include the full Thriller sequence I will cry in the theater. Not a question. Can't wait.,YouTube comments,,2025-09-03,2025-09-03T05:35:00,172,14,10,36,9
Michael,MIC_0370,The sonic experience of this film is going to be unmatched. Pop history on screen. Thoughts?,TikTok comments,,2025-08-26,2025-08-26T12:57:00,284,23,32,35,8
Michael,MIC_0230,Celebrating MJ's artistry while ignoring the serious allegations feels irresponsible.,Twitter/X,,2025-08-11,2025-08-11T03:47:00,246,71,7,33,8
Michael,MIC_0200,The box office upside here is massive if they can navigate the controversy cleanly. Anyone else feel this way?,YouTube comments,,2025-09-28,2025-09-28T00:49:00,188,63,16,39,9
The Devil Wears Prada 2,THE_0426,The aesthetic is immaculate. That first look at the editorial set made me gasp. Hot take.,Twitter/X,,2025-09-09,2025-09-09T23:44:00,272,69,9,37,9
Michael,MIC_0412,The music catalog alone makes this a theatrical experience. Needs to be seen on IMAX. Anyone else feel this way?,Twitter/X,,2025-10-02,2025-10-02T01:52:00,238,81,12,40,10
The Devil Wears Prada 2,THE_0257,Anne Hathaway returning means this is going to be emotionally devastating. I'm prepared. Fight me.,Twitter/X,,2025-10-11,2025-10-11T22:17:00,223,75,10,41,10
The Devil Wears Prada 2,THE_0012,The industry commentary in the original was years ahead of its time. Can't wait to see 2024 through that lens. Real talk.,Instagram,,2025-08-18,2025-08-18T16:31:00,115,20,17,34,8
Michael,MIC_0407,Strong performance from Jaafar but the script carries all the risk. Hot take.,YouTube comments,,2025-09-19,2025-09-19T11:00:00,203,61,14,38,9
The Devil Wears Prada 2,THE_0179,Some of the new casting choices are surprising. Trust the director but will reserve judgment. Genuinely can't stop thinking about this.,Reddit,r/movies,2025-10-14,2025-10-14T17:50:00,100,25,6,42,10
Michael,MIC_0089,If they include the full Thriller sequence I will cry in the theater. Not a question. Can't wait.,YouTube comments,,2025-10-29,2025-10-29T23:49:00,193,16,16,44,10
The Devil Wears Prada 2,THE_0234,Sequels to perfect movies almost never work. I'm cautiously optimistic but nervous. Hot take.,TikTok comments,,2025-10-11,2025-10-11T03:20:00,92,8,5,41,10
Michael,MIC_0237,The music catalog alone makes this a theatrical experience. Needs to be seen on IMAX. Thoughts?,TikTok comments,,2025-08-24,2025-08-24T06:32:00,161,56,13,34,8
Michael,MIC_0074,The runtime reportedly over 2.5 hours. They'll need every minute for this story. Can't wait.,Instagram,,2025-10-29,2025-10-29T09:44:00,292,38,34,44,10
The Devil Wears Prada 2,THE_0395,The writing needs to be sharp. Fashion satire works best when it's uncomfortable. Genuinely can't stop thinking about this.,TikTok comments,,2025-09-17,2025-09-17T06:18:00,190,15,14,38,9
Michael,MIC_0146,The King of Pop on the big screen with full music rights. This is a historic moment for music cinema. Thoughts?,Instagram,,2025-10-05,2025-10-05T08:56:00,162,27,4,40,10
Michael,MIC_0124,The box office upside here is massive if they can navigate the controversy cleanly. Genuinely can't stop thinking about this.,Twitter/X,,2025-10-16,2025-10-16T18:04:00,86,24,11,42,10
The Devil Wears Prada 2,THE_0165,Fashion Twitter is absolutely losing it. Rightfully so. Real talk.,YouTube comments,,2025-10-05,2025-10-05T03:22:00,108,22,5,40,10
The Devil Wears Prada 2,THE_0313,I'm a fashion journalist and this movie is basically a love letter to our industry. Excited doesn't cover it. Anyone else feel this way?,YouTube comments,,2025-08-31,2025-08-31T18:53:00,300,23,9,35,8
The Devil Wears Prada 2,THE_0242,Can we talk about how perfectly aged this story is? The fashion industry critique hits differently now. Anyone else feel this way?,Reddit,r/boxoffice,2025-09-16,2025-09-16T04:12:00,65,21,3,38,9
The Devil Wears Prada 2,THE_0005,Good trailer. Not great. But the bar for the actual film is set correctly. Real talk.,Reddit,r/Oscars,2025-09-16,2025-09-16T18:12:00,130,44,12,38,9
Michael,MIC_0231,"If they get the music and the movement right, this will be one of the most important biopics ever made. Can't wait.",Instagram,,2025-09-06,2025-09-06T00:21:00,178,18,22,36,9
Michael,MIC_0211,If they include the full Thriller sequence I will cry in the theater. Not a question. Fight me.,YouTube comments,,2025-10-10,2025-10-10T12:32:00,284,24,34,41,10
The Devil Wears Prada 2,THE_0213,Fashion Twitter is absolutely losing it. Rightfully so. Genuinely can't stop thinking about this.,TikTok comments,,2025-10-28,2025-10-28T14:22:00,158,41,11,44,10
Michael,MIC_0409,The decision to not address the allegations directly is a narrative choice with real consequences. Fight me.,YouTube comments,,2025-09-24,2025-09-24T23:57:00,155,31,5,39,9
Michael,MIC_0069,Strong performance from Jaafar but the script carries all the risk. Anyone else feel this way?,Twitter/X,,2025-10-30,2025-10-30T03:48:00,137,32,13,44,10
Michael,MIC_0361,Watching Jaafar Jackson embody his father is genuinely moving. The resemblance is uncanny. Genuinely can't stop thinking about this.,YouTube comments,,2025-10-28,2025-10-28T04:13:00,107,35,12,44,10
The Devil Wears Prada 2,THE_0262,Devil Wears Prada shaped my entire career path. This sequel feels personal.,Twitter/X,,2025-08-05,2025-08-05T12:50:00,50,17,1,32,8
The Devil Wears Prada 2,THE_0106,I'll watch it but I have reservations. Fashion films are very of-their-moment. Fight me.,TikTok comments,,2025-10-10,2025-10-10T01:29:00,154,58,19,41,10
Michael,MIC_0093,"Beat It, Billie Jean, Man in the Mirror — on a cinema screen with surround sound. Come on. Thoughts?",Instagram,,2025-10-04,2025-10-04T03:18:00,337,99,6,40,10
The Devil Wears Prada 2,THE_0050,Interesting that they're releasing this during awards season. Strategic positioning. Real talk.,Instagram,,2025-09-03,2025-09-03T05:37:00,90,34,2,36,9
The Devil Wears Prada 2,THE_0072,I've been waiting for this sequel for 15 years. Miranda Priestly is back and I am NOT ready. Thoughts?,YouTube comments,,2025-09-03,2025-09-03T12:20:00,300,106,10,36,9
Michael,MIC_0299,Leaving Neverland made it impossible for me to separate the art from the artist here. Real talk.,Twitter/X,,2025-09-11,2025-09-11T14:31:00,152,56,8,37,9
The Devil Wears Prada 2,THE_0083,Good trailer. Not great. But the bar for the actual film is set correctly. Thoughts?,TikTok comments,,2025-10-12,2025-10-12T19:42:00,343,71,39,41,10
Michael,MIC_0291,Michael Jackson's story deserves to be told with this level of care. The trailer gave me chills. Genuinely can't stop thinking about this.,Twitter/X,,2025-10-08,2025-10-08T10:49:00,212,25,10,41,10
The Devil Wears Prada 2,THE_0151,Not sure how they'll top the original. The bar is literally Meryl Streep at peak Meryl. Real talk.,Reddit,r/boxoffice,2025-08-11,2025-08-11T10:38:00,177,65,3,33,8
Michael,MIC_0418,The decision to cast his actual son is bold and beautiful. Can't imagine it going any other way. Anyone else feel this way?,Instagram,,2025-10-28,2025-10-28T04:22:00,150,15,11,44,10
Michael,MIC_0309,If they include the full Thriller sequence I will cry in the theater. Not a question. Hot take.,TikTok comments,,2025-09-25,2025-09-25T22:58:00,272,89,28,39,9
Michael,MIC_0206,The marketing challenge for this film is one of the most complex in recent Hollywood history. Thoughts?,Reddit,r/Music,2025-08-11,2025-08-11T14:51:00,128,28,17,33,8
Michael,MIC_0028,The sonic experience of this film is going to be unmatched. Pop history on screen. Thoughts?,Twitter/X,,2025-09-24,2025-09-24T15:24:00,142,28,9,39,9
The Devil Wears Prada 2,THE_0309,Devil Wears Prada shaped my entire career path. This sequel feels personal. Genuinely can't stop thinking about this.,Reddit,r/movies,2025-09-30,2025-09-30T01:40:00,296,56,18,40,9
Michael,MIC_0072,If they include the full Thriller sequence I will cry in the theater. Not a question.,Twitter/X,,2025-09-06,2025-09-06T21:16:00,226,70,7,36,9
The Devil Wears Prada 2,THE_0304,This is the fashion girl movie of the decade. Period. Anyone else feel this way?,Reddit,r/TrueFilm,2025-10-21,2025-10-21T21:59:00,278,58,5,43,10
Michael,MIC_0039,The King of Pop on the big screen with full music rights. This is a historic moment for music cinema. Thoughts?,YouTube comments,,2025-10-06,2025-10-06T06:22:00,170,44,20,41,10
Michael,MIC_0384,Graham King producing means serious awards intentions here. Not just a cash grab. Can't wait.,Reddit,r/TrueFilm,2025-10-05,2025-10-05T21:23:00,241,40,33,40,10
The Devil Wears Prada 2,THE_0202,This will be fascinating to analyze from an audience reception standpoint. Can't wait.,Twitter/X,,2025-08-31,2025-08-31T18:26:00,180,36,17,35,8
The Devil Wears Prada 2,THE_0105,I'll watch it but I have reservations. Fashion films are very of-their-moment. Fight me.,Reddit,r/boxoffice,2025-08-14,2025-08-14T05:21:00,232,44,12,33,8
Michael,MIC_0274,The marketing challenge for this film is one of the most complex in recent Hollywood history. Hot take.,TikTok comments,,2025-08-17,2025-08-17T19:36:00,150,37,14,33,8
The Devil Wears Prada 2,THE_0287,The original is a masterpiece of corporate satire. Sequel has massive shoes to fill. Can't wait.,Instagram,,2025-09-11,2025-09-11T07:19:00,66,16,7,37,9
Michael,MIC_0132,The King of Pop on the big screen with full music rights. This is a historic moment for music cinema.,YouTube comments,,2025-09-22,2025-09-22T11:06:00,184,22,22,39,9
Michael,MIC_0116,The estate controlling the narrative is a legitimate concern for journalistic integrity. Can't wait.,Instagram,,2025-10-02,2025-10-02T15:56:00,242,41,31,40,10
The Devil Wears Prada 2,THE_0195,Good trailer. Not great. But the bar for the actual film is set correctly. Thoughts?,Instagram,,2025-08-21,2025-08-21T08:28:00,326,30,7,34,8
Michael,MIC_0379,The fan base will love it. Everyone else will have questions about editorial choices. Can't wait.,Reddit,r/TrueFilm,2025-08-28,2025-08-28T04:22:00,327,17,36,35,8
Michael,MIC_0007,The sonic experience of this film is going to be unmatched. Pop history on screen.,Twitter/X,,2025-08-08,2025-08-08T07:02:00,223,79,8,32,8
The Devil Wears Prada 2,THE_0408,Hoping they address the toxic workplace dynamics more critically this time. Fight me.,Instagram,,2025-08-14,2025-08-14T04:07:00,233,56,5,33,8
The Devil Wears Prada 2,THE_0182,The aesthetic is immaculate. That first look at the editorial set made me gasp.,Twitter/X,,2025-10-06,2025-10-06T19:10:00,134,27,9,41,10
The Devil Wears Prada 2,THE_0377,Hoping they address the toxic workplace dynamics more critically this time. Genuinely can't stop thinking about this.,Twitter/X,,2025-09-20,2025-09-20T09:41:00,276,72,10,38,9
The Devil Wears Prada 2,THE_0063,Interesting that they're releasing this during awards season. Strategic positioning. Hot take.,YouTube comments,,2025-09-24,2025-09-24T17:28:00,159,53,21,39,9
The Devil Wears Prada 2,THE_0040,The original is a masterpiece of corporate satire. Sequel has massive shoes to fill. Can't wait.,TikTok comments,,2025-10-04,2025-10-04T15:16:00,219,63,28,40,10
Michael,MIC_0403,Every music lover owes it to themselves to experience this in a theater. Fight me.,TikTok comments,,2025-08-06,2025-08-06T04:43:00,227,20,17,32,8
Michael,MIC_0351,"Motown, Off the Wall, Thriller era all in one film? The scope is incredible.",Instagram,,2025-10-09,2025-10-09T20:19:00,128,28,2,41,10
Michael,MIC_0156,The sonic experience of this film is going to be unmatched. Pop history on screen. Anyone else feel this way?,Reddit,r/TrueFilm,2025-08-05,2025-08-05T16:22:00,307,60,43,32,8
Michael,MIC_0011,Michael Jackson's story deserves to be told with this level of care. The trailer gave me chills. Real talk.,Reddit,r/Music,2025-08-29,2025-08-29T20:14:00,179,44,25,35,8
Michael,MIC_0165,Can't ignore the documentary accusations. This film feels like reputation rehabilitation. Genuinely can't stop thinking about this.,TikTok comments,,2025-09-02,2025-09-02T11:01:00,74,18,10,36,9
The Devil Wears Prada 2,THE_0422,The nostalgia economy is real. Studios know exactly what they're doing with this IP. Can't wait.,Reddit,r/Oscars,2025-08-26,2025-08-26T04:21:00,123,6,17,35,8
Michael,MIC_0006,Leaving Neverland made it impossible for me to separate the art from the artist here.,Instagram,,2025-10-04,2025-10-04T12:08:00,293,30,15,40,10
The Devil Wears Prada 2,THE_0001,The demographic skew toward 25-45 women is very clear in the marketing. Smart targeting. Thoughts?,Instagram,,2025-08-30,2025-08-30T16:38:00,223,13,5,35,8
The Devil Wears Prada 2,THE_0379,The fashion sequences look incredible. The plot remains to be seen.,TikTok comments,,2025-10-12,2025-10-12T13:23:00,371,59,23,41,10
Michael,MIC_0338,The decision to not address the allegations directly is a narrative choice with real consequences. Can't wait.,Instagram,,2025-08-12,2025-08-12T19:08:00,303,28,43,33,8
The Devil Wears Prada 2,THE_0094,Meryl Streep in a sequel? She doesn't do sequels. This must be THAT good. Genuinely can't stop thinking about this.,Reddit,r/TrueFilm,2025-10-16,2025-10-16T19:14:00,112,27,7,42,10
The Devil Wears Prada 2,THE_0026,The writing needs to be sharp. Fashion satire works best when it's uncomfortable.,Reddit,r/movies,2025-08-14,2025-08-14T07:12:00,124,37,15,33,8
The Devil Wears Prada 2,THE_0378,"The teaser just dropped and I'm already emotional. Fashion, power, and Meryl Streep. Can't wait.",YouTube comments,,2025-10-16,2025-10-16T02:33:00,166,14,13,42,10
Michael,MIC_0349,The sonic experience of this film is going to be unmatched. Pop history on screen. Genuinely can't stop thinking about this.,Twitter/X,,2025-10-24,2025-10-24T06:19:00,174,42,25,43,10
The Devil Wears Prada 2,THE_0167,Devil Wears Prada shaped my entire career path. This sequel feels personal. Real talk.,Instagram,,2025-08-28,2025-08-28T04:48:00,298,15,15,35,8
The Devil Wears Prada 2,THE_0215,The costume design alone justifies a ticket. Anna Wintour era aesthetic is peak cinema. Real talk.,TikTok comments,,2025-08-04,2025-08-04T04:54:00,64,21,6,32,8
The Devil Wears Prada 2,THE_0180,The industry commentary in the original was years ahead of its time. Can't wait to see 2024 through that lens.,YouTube comments,,2025-09-11,2025-09-11T19:30:00,357,119,36,37,9
Michael,MIC_0137,The estate controlling the narrative is a legitimate concern for journalistic integrity. Hot take.,Instagram,,2025-08-21,2025-08-21T12:40:00,159,46,17,34,8
Michael,MIC_0310,Leaving Neverland made it impossible for me to separate the art from the artist here. Thoughts?,Instagram,,2025-08-17,2025-08-17T09:03:00,393,103,32,33,8
Michael,MIC_0329,I want to love this but the controversy makes it complicated. Conflicted. Real talk.,Twitter/X,,2025-08-27,2025-08-27T18:46:00,94,19,9,35,8
Michael,MIC_0184,This is going to be emotionally overwhelming. I'm already not ready. Thoughts?,YouTube comments,,2025-10-02,2025-10-02T06:20:00,238,49,25,40,10
The Devil Wears Prada 2,THE_0051,Anne Hathaway returning means this is going to be emotionally devastating. I'm prepared.,Reddit,r/Oscars,2025-09-25,2025-09-25T19:32:00,82,14,9,39,9
The Devil Wears Prada 2,THE_0316,Not sure how they'll top the original. The bar is literally Meryl Streep at peak Meryl. Hot take.,Reddit,r/femalefashionadvice,2025-09-15,2025-09-15T17:24:00,198,78,15,38,9
Michael,MIC_0287,Watching Jaafar Jackson embody his father is genuinely moving. The resemblance is uncanny. Fight me.,Instagram,,2025-08-20,2025-08-20T06:21:00,292,96,39,34,8
The Devil Wears Prada 2,THE_0406,Fashion Twitter is absolutely losing it. Rightfully so. Genuinely can't stop thinking about this.,Instagram,,2025-08-19,2025-08-19T02:45:00,352,44,45,34,8
The Devil Wears Prada 2,THE_0241,The original is a masterpiece of corporate satire. Sequel has massive shoes to fill. Thoughts?,YouTube comments,,2025-10-19,2025-10-19T21:39:00,195,40,16,42,10
Michael,MIC_0280,Can't ignore the documentary accusations. This film feels like reputation rehabilitation. Hot take.,YouTube comments,,2025-08-18,2025-08-18T15:09:00,166,35,2,34,8
Michael,MIC_0241,Michael Jackson's cultural impact is genuinely underrepresented in cinema. This is overdue. Anyone else feel this way?,TikTok comments,,2025-09-18,2025-09-18T16:43:00,121,22,3,38,9
Michael,MIC_0111,The sonic experience of this film is going to be unmatched. Pop history on screen. Anyone else feel this way?,YouTube comments,,2025-10-24,2025-10-24T04:47:00,164,18,23,43,10
Michael,MIC_0196,Michael Jackson's cultural impact is genuinely underrepresented in cinema. This is overdue. Hot take.,Instagram,,2025-09-26,2025-09-26T23:12:00,263,72,15,39,9
Michael,MIC_0113,Michael Jackson's cultural impact is genuinely underrepresented in cinema. This is overdue.,Twitter/X,,2025-09-30,2025-09-30T14:56:00,83,30,5,40,9
The Devil Wears Prada 2,THE_0318,Devil Wears Prada 2 is giving me everything I didn't know I needed. The casting looks *chef's kiss*. Thoughts?,TikTok comments,,2025-08-20,2025-08-20T23:24:00,274,50,32,34,8
The Devil Wears Prada 2,THE_0224,The fashion sequences look incredible. The plot remains to be seen. Thoughts?,Reddit,r/femalefashionadvice,2025-10-07,2025-10-07T13:49:00,77,30,8,41,10
The Devil Wears Prada 2,THE_0402,I'll watch it but I have reservations. Fashion films are very of-their-moment. Anyone else feel this way?,Twitter/X,,2025-09-20,2025-09-20T22:53:00,138,19,7,38,9
Michael,MIC_0022,Music biopics have a very specific commercial formula. MJ is the ultimate subject. Anyone else feel this way?,TikTok comments,,2025-09-09,2025-09-09T13:50:00,88,7,5,37,9
Michael,MIC_0259,I want to love this but the controversy makes it complicated. Conflicted. Hot take.,YouTube comments,,2025-08-26,2025-08-26T14:05:00,401,45,37,35,8
Michael,MIC_0262,The estate controlling the narrative is a legitimate concern for journalistic integrity. Real talk.,Reddit,r/Music,2025-08-20,2025-08-20T05:55:00,124,20,16,34,8
Michael,MIC_0096,This is a marketing and cultural experiment as much as it is a film. Anyone else feel this way?,TikTok comments,,2025-10-22,2025-10-22T11:00:00,133,47,19,43,10
Michael,MIC_0016,The marketing challenge for this film is one of the most complex in recent Hollywood history. Genuinely can't stop thinking about this.,TikTok comments,,2025-09-05,2025-09-05T20:20:00,77,6,1,36,9
Michael,MIC_0238,This is a marketing and cultural experiment as much as it is a film. Fight me.,Instagram,,2025-10-07,2025-10-07T09:21:00,376,112,5,41,10
Michael,MIC_0319,Leaving Neverland made it impossible for me to separate the art from the artist here. Thoughts?,Instagram,,2025-10-07,2025-10-07T08:29:00,20,7,0,41,10
Michael,MIC_0272,The runtime reportedly over 2.5 hours. They'll need every minute for this story. Genuinely can't stop thinking about this.,TikTok comments,,2025-08-27,2025-08-27T19:03:00,90,17,3,35,8
Michael,MIC_0414,Michael Jackson's story deserves to be told with this level of care. The trailer gave me chills. Anyone else feel this way?,TikTok comments,,2025-09-30,2025-09-30T03:41:00,297,114,37,40,9
Michael,MIC_0374,The runtime reportedly over 2.5 hours. They'll need every minute for this story. Fight me.,YouTube comments,,2025-09-07,2025-09-07T19:10:00,324,35,18,36,9
The Devil Wears Prada 2,THE_0342,The aesthetic is immaculate. That first look at the editorial set made me gasp. Real talk.,YouTube comments,,2025-09-27,2025-09-27T18:27:00,273,84,36,39,9
The Devil Wears Prada 2,THE_0446,Can we talk about how perfectly aged this story is? The fashion industry critique hits differently now. Fight me.,Twitter/X,,2025-08-17,2025-08-17T01:27:00,362,141,44,33,8
Michael,MIC_0380,This is going to be emotionally overwhelming. I'm already not ready. Can't wait.,Reddit,r/movies,2025-09-28,2025-09-28T18:47:00,159,45,5,39,9
Michael,MIC_0342,The decision to cast his actual son is bold and beautiful. Can't imagine it going any other way. Anyone else feel this way?,YouTube comments,,2025-10-18,2025-10-18T12:11:00,333,73,46,42,10
Michael,MIC_0263,I grew up listening to MJ. This film feels like a love letter to an entire generation. Anyone else feel this way?,Reddit,r/boxoffice,2025-09-27,2025-09-27T09:40:00,179,28,21,39,9
Michael,MIC_0343,How this performs internationally will be fascinating. MJ's global brand is unprecedented. Fight me.,Reddit,r/Music,2025-10-22,2025-10-22T03:58:00,97,30,3,43,10
The Devil Wears Prada 2,THE_0282,I've been waiting for this sequel for 15 years. Miranda Priestly is back and I am NOT ready. Genuinely can't stop thinking about this.,YouTube comments,,2025-09-18,2025-09-18T07:15:00,103,31,7,38,9
The Devil Wears Prada 2,THE_0129,Devil Wears Prada shaped my entire career path. This sequel feels personal. Real talk.,Instagram,,2025-09-07,2025-09-07T00:53:00,207,51,30,36,9
The Devil Wears Prada 2,THE_0396,This will be fascinating to analyze from an audience reception standpoint. Genuinely can't stop thinking about this.,Instagram,,2025-10-03,2025-10-03T06:46:00,128,27,11,40,10
Michael,MIC_0104,How this performs internationally will be fascinating. MJ's global brand is unprecedented. Real talk.,TikTok comments,,2025-09-12,2025-09-12T15:29:00,393,69,41,37,9
Michael,MIC_0356,Biopic storytelling is hard. MJ's life is extraordinarily complex. Hoping they don't simplify. Thoughts?,Reddit,r/boxoffice,2025-08-26,2025-08-26T13:21:00,98,32,4,35,8
The Devil Wears Prada 2,THE_0368,Anne Hathaway returning means this is going to be emotionally devastating. I'm prepared. Thoughts?,TikTok comments,,2025-09-20,2025-09-20T20:19:00,207,75,6,38,9
The Devil Wears Prada 2,THE_0157,"The teaser just dropped and I'm already emotional. Fashion, power, and Meryl Streep. Hot take.",Reddit,r/boxoffice,2025-09-24,2025-09-24T23:03:00,208,73,29,39,9
The Devil Wears Prada 2,THE_0188,The costume design alone justifies a ticket. Anna Wintour era aesthetic is peak cinema. Real talk.,Instagram,,2025-08-28,2025-08-28T10:49:00,197,11,10,35,8
The Devil Wears Prada 2,THE_0315,Interesting that they're releasing this during awards season. Strategic positioning. Hot take.,Reddit,r/movies,2025-10-17,2025-10-17T19:38:00,221,29,4,42,10
Michael,MIC_0336,Music biopics have a very specific commercial formula. MJ is the ultimate subject.,Reddit,r/movies,2025-10-27,2025-10-27T14:22:00,173,33,14,44,10
The Devil Wears Prada 2,THE_0074,Devil Wears Prada 2 is giving me everything I didn't know I needed. The casting looks *chef's kiss*. Fight me.,Reddit,r/Oscars,2025-10-23,2025-10-23T02:49:00,317,126,18,43,10
Michael,MIC_0222,How this performs internationally will be fascinating. MJ's global brand is unprecedented.,YouTube comments,,2025-10-09,2025-10-09T18:09:00,172,26,2,41,10
Michael,MIC_0250,The estate controlling the narrative is a legitimate concern for journalistic integrity. Fight me.,YouTube comments,,2025-09-22,2025-09-22T00:59:00,216,23,9,39,9
Michael,MIC_0024,The runtime reportedly over 2.5 hours. They'll need every minute for this story. Thoughts?,YouTube comments,,2025-10-27,2025-10-27T12:33:00,265,31,7,44,10
Michael,MIC_0302,How this performs internationally will be fascinating. MJ's global brand is unprecedented. Thoughts?,TikTok comments,,2025-08-31,2025-08-31T19:15:00,108,22,10,35,8
Michael,MIC_0192,The decision to not address the allegations directly is a narrative choice with real consequences.,Twitter/X,,2025-08-02,2025-08-02T05:50:00,126,16,8,31,8
The Devil Wears Prada 2,THE_0162,The aesthetic is immaculate. That first look at the editorial set made me gasp. Anyone else feel this way?,Instagram,,2025-10-21,2025-10-21T00:05:00,138,26,4,43,10
Michael,MIC_0099,Michael Jackson's cultural impact is genuinely underrepresented in cinema. This is overdue. Genuinely can't stop thinking about this.,Twitter/X,,2025-08-07,2025-08-07T17:29:00,316,35,38,32,8
The Devil Wears Prada 2,THE_0191,The aesthetic is immaculate. That first look at the editorial set made me gasp. Anyone else feel this way?,YouTube comments,,2025-08-31,2025-08-31T14:39:00,145,28,15,35,8
Michael,MIC_0079,The decision to cast his actual son is bold and beautiful. Can't imagine it going any other way. Genuinely can't stop thinking about this.,Twitter/X,,2025-09-12,2025-09-12T14:45:00,219,55,10,37,9
The Devil Wears Prada 2,THE_0251,Interesting that they're releasing this during awards season. Strategic positioning. Can't wait.,Instagram,,2025-09-18,2025-09-18T10:11:00,120,47,9,38,9
Michael,MIC_0035,Music biopics have a very specific commercial formula. MJ is the ultimate subject.,Instagram,,2025-08-03,2025-08-03T01:44:00,218,61,22,31,8
The Devil Wears Prada 2,THE_0301,The costume design alone justifies a ticket. Anna Wintour era aesthetic is peak cinema. Hot take.,TikTok comments,,2025-10-22,2025-10-22T23:31:00,237,80,34,43,10
The Devil Wears Prada 2,THE_0130,Fashion Twitter is absolutely losing it. Rightfully so. Real talk.,TikTok comments,,2025-08-07,2025-08-07T19:47:00,234,58,24,32,8
The Devil Wears Prada 2,THE_0209,"The teaser just dropped and I'm already emotional. Fashion, power, and Meryl Streep. Can't wait.",TikTok comments,,2025-10-23,2025-10-23T10:17:00,205,72,3,43,10
The Devil Wears Prada 2,THE_0225,I'll watch it but I have reservations. Fashion films are very of-their-moment. Thoughts?,Twitter/X,,2025-10-27,2025-10-27T16:22:00,202,55,14,44,10
Michael,MIC_0387,The King of Pop on the big screen with full music rights. This is a historic moment for music cinema. Fight me.,Instagram,,2025-08-29,2025-08-29T10:22:00,145,55,5,35,8
The Devil Wears Prada 2,THE_0439,Box office tracking says this is projected to open at 60M+. Makes sense given the IP. Can't wait.,Reddit,r/movies,2025-08-11,2025-08-11T15:54:00,281,30,14,33,8
The Devil Wears Prada 2,THE_0089,I'm a fashion journalist and this movie is basically a love letter to our industry. Excited doesn't cover it. Hot take.,Reddit,r/Oscars,2025-10-01,2025-10-01T08:46:00,399,116,14,40,10
Michael,MIC_0172,This is a marketing and cultural experiment as much as it is a film. Thoughts?,Twitter/X,,2025-09-30,2025-09-30T17:03:00,121,22,2,40,9
The Devil Wears Prada 2,THE_0073,I'm a fashion journalist and this movie is basically a love letter to our industry. Excited doesn't cover it. Fight me.,TikTok comments,,2025-09-23,2025-09-23T08:53:00,63,19,3,39,9
The Devil Wears Prada 2,THE_0111,I'll watch it but I have reservations. Fashion films are very of-their-moment. Thoughts?,Twitter/X,,2025-08-16,2025-08-16T20:53:00,103,38,7,33,8
Michael,MIC_0141,Michael Jackson's story deserves to be told with this level of care. The trailer gave me chills. Can't wait.,Instagram,,2025-10-05,2025-10-05T16:44:00,114,13,13,40,10
The Devil Wears Prada 2,THE_0354,Some of the new casting choices are surprising. Trust the director but will reserve judgment.,YouTube comments,,2025-10-23,2025-10-23T07:19:00,328,41,22,43,10
The Devil Wears Prada 2,THE_0199,Meryl Streep in a sequel? She doesn't do sequels. This must be THAT good. Fight me.,YouTube comments,,2025-09-02,2025-09-02T06:53:00,210,10,4,36,9
The Devil Wears Prada 2,THE_0299,"The teaser just dropped and I'm already emotional. Fashion, power, and Meryl Streep. Can't wait.",Twitter/X,,2025-10-14,2025-10-14T23:26:00,289,40,40,42,10
Michael,MIC_0283,If they include the full Thriller sequence I will cry in the theater. Not a question. Hot take.,TikTok comments,,2025-08-04,2025-08-04T10:24:00,371,144,18,32,8
Michael,MIC_0098,"Motown, Off the Wall, Thriller era all in one film? The scope is incredible. Hot take.",Twitter/X,,2025-08-19,2025-08-19T05:11:00,53,19,6,34,8
Michael,MIC_0110,The box office upside here is massive if they can navigate the controversy cleanly. Thoughts?,YouTube comments,,2025-10-18,2025-10-18T21:10:00,273,61,28,42,10
Michael,MIC_0071,Biopic storytelling is hard. MJ's life is extraordinarily complex. Hoping they don't simplify. Genuinely can't stop thinking about this.,YouTube comments,,2025-09-18,2025-09-18T04:03:00,159,8,3,38,9
Michael,MIC_0194,The music catalog alone makes this a theatrical experience. Needs to be seen on IMAX. Anyone else feel this way?,TikTok comments,,2025-08-12,2025-08-12T21:39:00,87,7,2,33,8
Michael,MIC_0152,If they include the full Thriller sequence I will cry in the theater. Not a question. Can't wait.,YouTube comments,,2025-09-03,2025-09-03T06:14:00,187,22,21,36,9
Michael,MIC_0115,Graham King producing means serious awards intentions here. Not just a cash grab. Anyone else feel this way?,YouTube comments,,2025-08-10,2025-08-10T16:16:00,155,28,14,32,8
Michael,MIC_0005,I want to love this but the controversy makes it complicated. Conflicted. Thoughts?,Twitter/X,,2025-10-02,2025-10-02T16:55:00,110,13,13,40,10
The Devil Wears Prada 2,THE_0268,Devil Wears Prada shaped my entire career path. This sequel feels personal.,TikTok comments,,2025-09-12,2025-09-12T09:37:00,90,11,10,37,9
Michael,MIC_0227,The marketing challenge for this film is one of the most complex in recent Hollywood history. Can't wait.,Twitter/X,,2025-10-27,2025-10-27T18:05:00,51,7,3,44,10
The Devil Wears Prada 2,THE_0340,This is the fashion girl movie of the decade. Period. Thoughts?,Reddit,r/femalefashionadvice,2025-09-01,2025-09-01T16:11:00,84,7,10,36,9
The Devil Wears Prada 2,THE_0423,This is the fashion girl movie of the decade. Period. Anyone else feel this way?,TikTok comments,,2025-08-19,2025-08-19T03:54:00,488,28,44,34,8
The Devil Wears Prada 2,THE_0061,Not sure how they'll top the original. The bar is literally Meryl Streep at peak Meryl. Can't wait.,Twitter/X,,2025-08-14,2025-08-14T13:14:00,59,17,7,33,8
Michael,MIC_0179,The box office upside here is massive if they can navigate the controversy cleanly. Anyone else feel this way?,TikTok comments,,2025-10-02,2025-10-02T15:19:00,141,30,1,40,10
The Devil Wears Prada 2,THE_0292,I'll watch it but I have reservations. Fashion films are very of-their-moment. Anyone else feel this way?,YouTube comments,,2025-08-11,2025-08-11T14:54:00,219,30,12,33,8
Michael,MIC_0095,If they include the full Thriller sequence I will cry in the theater. Not a question.,YouTube comments,,2025-09-20,2025-09-20T17:18:00,216,51,6,38,9
Michael,MIC_0128,I want to love this but the controversy makes it complicated. Conflicted. Real talk.,TikTok comments,,2025-08-30,2025-08-30T15:50:00,443,28,37,35,8
Michael,MIC_0224,The box office upside here is massive if they can navigate the controversy cleanly. Thoughts?,Twitter/X,,2025-08-17,2025-08-17T10:05:00,123,18,8,33,8
Michael,MIC_0417,The runtime reportedly over 2.5 hours. They'll need every minute for this story. Genuinely can't stop thinking about this.,YouTube comments,,2025-10-13,2025-10-13T00:54:00,71,23,4,42,10
Michael,MIC_0108,Strong performance from Jaafar but the script carries all the risk.,Instagram,,2025-09-30,2025-09-30T20:49:00,290,69,43,40,9
The Devil Wears Prada 2,THE_0336,This is the fashion girl movie of the decade. Period. Can't wait.,YouTube comments,,2025-10-15,2025-10-15T22:32:00,117,21,13,42,10
Michael,MIC_0001,I want to love this but the controversy makes it complicated. Conflicted. Genuinely can't stop thinking about this.,YouTube comments,,2025-08-05,2025-08-05T05:17:00,208,45,19,32,8
The Devil Wears Prada 2,THE_0437,The demographic skew toward 25-45 women is very clear in the marketing. Smart targeting. Genuinely can't stop thinking about this.,TikTok comments,,2025-10-13,2025-10-13T17:53:00,262,34,4,42,10
The Devil Wears Prada 2,THE_0208,"The teaser just dropped and I'm already emotional. Fashion, power, and Meryl Streep. Can't wait.",Reddit,r/femalefashionadvice,2025-10-09,2025-10-09T15:16:00,205,32,13,41,10
Michael,MIC_0191,Can't ignore the documentary accusations. This film feels like reputation rehabilitation. Anyone else feel this way?,Reddit,r/TrueFilm,2025-09-08,2025-09-08T06:23:00,162,15,12,37,9
Michael,MIC_0043,Celebrating MJ's artistry while ignoring the serious allegations feels irresponsible. Genuinely can't stop thinking about this.,TikTok comments,,2025-08-06,2025-08-06T09:23:00,233,15,28,32,8
Michael,MIC_0307,How this performs internationally will be fascinating. MJ's global brand is unprecedented.,Reddit,r/Music,2025-10-21,2025-10-21T00:48:00,217,21,19,43,10
Michael,MIC_0009,How this performs internationally will be fascinating. MJ's global brand is unprecedented. Thoughts?,Reddit,r/Music,2025-09-30,2025-09-30T18:35:00,139,30,10,40,9
The Devil Wears Prada 2,THE_0042,The aesthetic is immaculate. That first look at the editorial set made me gasp. Fight me.,Instagram,,2025-08-10,2025-08-10T22:57:00,187,37,2,32,8
Michael,MIC_0149,Every music lover owes it to themselves to experience this in a theater. Can't wait.,Twitter/X,,2025-10-06,2025-10-06T17:00:00,282,45,40,41,10
Michael,MIC_0305,Watching Jaafar Jackson embody his father is genuinely moving. The resemblance is uncanny. Fight me.,Reddit,r/TrueFilm,2025-09-26,2025-09-26T05:19:00,180,38,15,39,9
Michael,MIC_0258,The box office upside here is massive if they can navigate the controversy cleanly. Thoughts?,Twitter/X,,2025-10-09,2025-10-09T04:25:00,211,53,28,41,10
Michael,MIC_0244,The music catalog alone makes this a theatrical experience. Needs to be seen on IMAX. Anyone else feel this way?,YouTube comments,,2025-10-12,2025-10-12T05:20:00,197,77,5,41,10
The Devil Wears Prada 2,THE_0021,The industry commentary in the original was years ahead of its time. Can't wait to see 2024 through that lens. Can't wait.,TikTok comments,,2025-09-26,2025-09-26T16:28:00,118,46,11,39,9
The Devil Wears Prada 2,THE_0329,Good trailer. Not great. But the bar for the actual film is set correctly. Can't wait.,Instagram,,2025-08-04,2025-08-04T23:29:00,110,12,12,32,8
The Devil Wears Prada 2,THE_0090,This will be fascinating to analyze from an audience reception standpoint. Genuinely can't stop thinking about this.,Reddit,r/TrueFilm,2025-08-02,2025-08-02T22:34:00,148,19,5,31,8
The Devil Wears Prada 2,THE_0281,Hoping they address the toxic workplace dynamics more critically this time. Hot take.,Reddit,r/TrueFilm,2025-08-29,2025-08-29T00:48:00,103,19,2,35,8
The Devil Wears Prada 2,THE_0337,Meryl Streep in a sequel? She doesn't do sequels. This must be THAT good. Hot take.,Reddit,r/boxoffice,2025-08-11,2025-08-11T03:53:00,138,21,19,33,8
Michael,MIC_0350,The music catalog alone makes this a theatrical experience. Needs to be seen on IMAX. Real talk.,Reddit,r/MichaelJackson,2025-08-25,2025-08-25T04:02:00,144,11,14,35,8
The Devil Wears Prada 2,THE_0132,Fashion Twitter is absolutely losing it. Rightfully so. Anyone else feel this way?,Reddit,r/movies,2025-09-16,2025-09-16T23:08:00,100,32,1,38,9
Michael,MIC_0144,Watching Jaafar Jackson embody his father is genuinely moving. The resemblance is uncanny. Genuinely can't stop thinking about this.,Instagram,,2025-09-05,2025-09-05T07:38:00,164,41,9,36,9
Michael,MIC_0171,The box office upside here is massive if they can navigate the controversy cleanly. Fight me.,YouTube comments,,2025-08-31,2025-08-31T21:16:00,136,15,1,35,8
Michael,MIC_0029,Michael Jackson's story deserves to be told with this level of care. The trailer gave me chills.,Instagram,,2025-09-11,2025-09-11T16:12:00,267,81,38,37,9
The Devil Wears Prada 2,THE_0081,The original didn't need a sequel. Hope they don't ruin the legacy. Fight me.,Twitter/X,,2025-10-23,2025-10-23T08:39:00,132,14,10,43,10
Michael,MIC_0245,Watching Jaafar Jackson embody his father is genuinely moving. The resemblance is uncanny. Thoughts?,Twitter/X,,2025-08-04,2025-08-04T10:56:00,147,50,4,32,8
Michael,MIC_0148,Celebrating MJ's artistry while ignoring the serious allegations feels irresponsible. Fight me.,Instagram,,2025-08-09,2025-08-09T12:40:00,273,16,7,32,8
The Devil Wears Prada 2,THE_0331,Meryl Streep in a sequel? She doesn't do sequels. This must be THAT good. Genuinely can't stop thinking about this.,Twitter/X,,2025-09-18,2025-09-18T02:28:00,152,42,16,38,9
The Devil Wears Prada 2,THE_0216,The nostalgia economy is real. Studios know exactly what they're doing with this IP. Fight me.,Reddit,r/TrueFilm,2025-09-16,2025-09-16T12:36:00,296,39,29,38,9
Michael,MIC_0064,"Beat It, Billie Jean, Man in the Mirror — on a cinema screen with surround sound. Come on.",Instagram,,2025-10-05,2025-10-05T05:44:00,158,31,14,40,10
The Devil Wears Prada 2,THE_0286,Not sure how they'll top the original. The bar is literally Meryl Streep at peak Meryl. Fight me.,Twitter/X,,2025-08-08,2025-08-08T04:32:00,102,12,13,32,8
The Devil Wears Prada 2,THE_0248,The industry commentary in the original was years ahead of its time. Can't wait to see 2024 through that lens.,Instagram,,2025-10-19,2025-10-19T12:09:00,138,15,13,42,10
The Devil Wears Prada 2,THE_0237,I'm a fashion journalist and this movie is basically a love letter to our industry. Excited doesn't cover it. Anyone else feel this way?,YouTube comments,,2025-10-03,2025-10-03T00:05:00,149,31,19,40,10
Michael,MIC_0376,"Motown, Off the Wall, Thriller era all in one film? The scope is incredible. Fight me.",YouTube comments,,2025-09-01,2025-09-01T07:20:00,175,9,12,36,9
Michael,MIC_0180,Michael Jackson's story deserves to be told with this level of care. The trailer gave me chills. Real talk.,TikTok comments,,2025-09-17,2025-09-17T06:26:00,118,15,1,38,9
Michael,MIC_0366,Every music lover owes it to themselves to experience this in a theater. Anyone else feel this way?,YouTube comments,,2025-08-06,2025-08-06T01:41:00,161,17,16,32,8
Michael,MIC_0408,This is going to be emotionally overwhelming. I'm already not ready. Hot take.,TikTok comments,,2025-08-12,2025-08-12T06:46:00,201,78,26,33,8
The Devil Wears Prada 2,THE_0076,Fashion Twitter is absolutely losing it. Rightfully so. Thoughts?,Instagram,,2025-09-17,2025-09-17T05:38:00,189,40,8,38,9
The Devil Wears Prada 2,THE_0058,Fashion Twitter is absolutely losing it. Rightfully so. Thoughts?,TikTok comments,,2025-08-12,2025-08-12T07:43:00,73,20,7,33,8
Michael,MIC_0213,The runtime reportedly over 2.5 hours. They'll need every minute for this story. Hot take.,YouTube comments,,2025-09-11,2025-09-11T19:15:00,230,62,28,37,9
The Devil Wears Prada 2,THE_0207,Box office tracking says this is projected to open at 60M+. Makes sense given the IP. Anyone else feel this way?,Twitter/X,,2025-08-05,2025-08-05T09:12:00,210,63,29,32,8
The Devil Wears Prada 2,THE_0120,Anne Hathaway returning means this is going to be emotionally devastating. I'm prepared. Hot take.,Instagram,,2025-09-12,2025-09-12T21:54:00,212,40,4,37,9
The Devil Wears Prada 2,THE_0307,Good trailer. Not great. But the bar for the actual film is set correctly. Anyone else feel this way?,Reddit,r/movies,2025-10-07,2025-10-07T08:52:00,205,20,7,41,10
Michael,MIC_0300,Michael Jackson's story deserves to be told with this level of care. The trailer gave me chills. Thoughts?,YouTube comments,,2025-08-22,2025-08-22T09:49:00,233,40,17,34,8
Michael,MIC_0107,The decision to not address the allegations directly is a narrative choice with real consequences.,Instagram,,2025-09-21,2025-09-21T18:13:00,161,9,14,38,9
The Devil Wears Prada 2,THE_0082,The pacing of the trailer felt a bit rushed. Hope the actual film breathes more. Fight me.,YouTube comments,,2025-09-11,2025-09-11T07:53:00,188,63,17,37,9
Michael,MIC_0070,Leaving Neverland made it impossible for me to separate the art from the artist here. Fight me.,Instagram,,2025-10-26,2025-10-26T23:57:00,126,47,13,43,10
Michael,MIC_0212,Can't ignore the documentary accusations. This film feels like reputation rehabilitation. Anyone else feel this way?,Instagram,,2025-09-10,2025-09-10T17:20:00,56,11,3,37,9
The Devil Wears Prada 2,THE_0136,Not sure how they'll top the original. The bar is literally Meryl Streep at peak Meryl. Hot take.,Reddit,r/boxoffice,2025-09-17,2025-09-17T21:47:00,333,47,9,38,9
The Devil Wears Prada 2,THE_0211,Box office tracking says this is projected to open at 60M+. Makes sense given the IP. Fight me.,TikTok comments,,2025-08-11,2025-08-11T23:27:00,360,118,17,33,8
Michael,MIC_0208,Biopic storytelling is hard. MJ's life is extraordinarily complex. Hoping they don't simplify. Genuinely can't stop thinking about this.,Instagram,,2025-08-10,2025-08-10T06:33:00,200,61,25,32,8
Michael,MIC_0185,Michael Jackson's story deserves to be told with this level of care. The trailer gave me chills. Anyone else feel this way?,Reddit,r/TrueFilm,2025-09-04,2025-09-04T04:45:00,389,44,9,36,9
Michael,MIC_0147,Music biopics have a very specific commercial formula. MJ is the ultimate subject. Genuinely can't stop thinking about this.,YouTube comments,,2025-09-01,2025-09-01T10:49:00,385,70,29,36,9
The Devil Wears Prada 2,THE_0163,The industry commentary in the original was years ahead of its time. Can't wait to see 2024 through that lens. Can't wait.,YouTube comments,,2025-09-09,2025-09-09T23:20:00,217,45,6,37,9
Michael,MIC_0209,The King of Pop on the big screen with full music rights. This is a historic moment for music cinema. Thoughts?,Twitter/X,,2025-10-24,2025-10-24T07:36:00,136,25,5,43,10
The Devil Wears Prada 2,THE_0428,Every fashion editor I know has already pre-booked opening weekend.,Twitter/X,,2025-10-18,2025-10-18T07:40:00,211,34,26,42,10
Michael,MIC_0013,Strong performance from Jaafar but the script carries all the risk. Anyone else feel this way?,Twitter/X,,2025-10-17,2025-10-17T09:45:00,184,60,7,42,10
Michael,MIC_0188,The decision to cast his actual son is bold and beautiful. Can't imagine it going any other way. Real talk.,Reddit,r/TrueFilm,2025-09-02,2025-09-02T12:53:00,234,26,31,36,9
Michael,MIC_0345,The fan base will love it. Everyone else will have questions about editorial choices. Anyone else feel this way?,Reddit,r/movies,2025-09-12,2025-09-12T12:36:00,26,4,0,37,9
The Devil Wears Prada 2,THE_0382,Not sure how they'll top the original. The bar is literally Meryl Streep at peak Meryl. Thoughts?,Instagram,,2025-09-09,2025-09-09T02:32:00,100,26,4,37,9
The Devil Wears Prada 2,THE_0077,The nostalgia economy is real. Studios know exactly what they're doing with this IP. Thoughts?,Twitter/X,,2025-09-09,2025-09-09T18:43:00,145,12,1,37,9
The Devil Wears Prada 2,THE_0123,Hoping they address the toxic workplace dynamics more critically this time. Thoughts?,YouTube comments,,2025-08-06,2025-08-06T10:50:00,159,46,21,32,8
The Devil Wears Prada 2,THE_0075,The costume design alone justifies a ticket. Anna Wintour era aesthetic is peak cinema.,Reddit,r/TrueFilm,2025-08-31,2025-08-31T04:30:00,242,83,23,35,8
Michael,MIC_0176,Music biopics have a very specific commercial formula. MJ is the ultimate subject. Genuinely can't stop thinking about this.,Instagram,,2025-10-09,2025-10-09T05:37:00,191,18,27,41,10
Michael,MIC_0170,The decision to cast his actual son is bold and beautiful. Can't imagine it going any other way. Real talk.,TikTok comments,,2025-09-16,2025-09-16T23:37:00,246,50,32,38,9
Michael,MIC_0008,Celebrating MJ's artistry while ignoring the serious allegations feels irresponsible.,TikTok comments,,2025-09-29,2025-09-29T16:25:00,156,18,9,40,9
Michael,MIC_0265,The fan base will love it. Everyone else will have questions about editorial choices. Fight me.,Instagram,,2025-08-31,2025-08-31T06:37:00,244,12,32,35,8
Michael,MIC_0174,How this performs internationally will be fascinating. MJ's global brand is unprecedented. Real talk.,TikTok comments,,2025-10-20,2025-10-20T04:08:00,111,15,5,43,10
The Devil Wears Prada 2,THE_0320,Devil Wears Prada 2 is giving me everything I didn't know I needed. The casting looks *chef's kiss*. Anyone else feel this way?,YouTube comments,,2025-08-14,2025-08-14T00:05:00,154,37,12,33,8
Michael,MIC_0205,Graham King producing means serious awards intentions here. Not just a cash grab. Real talk.,YouTube comments,,2025-08-07,2025-08-07T11:14:00,133,35,12,32,8
The Devil Wears Prada 2,THE_0289,The industry commentary in the original was years ahead of its time. Can't wait to see 2024 through that lens. Anyone else feel this way?,YouTube comments,,2025-10-22,2025-10-22T21:24:00,255,56,37,43,10
Michael,MIC_0277,I want to love this but the controversy makes it complicated. Conflicted.,TikTok comments,,2025-08-02,2025-08-02T20:12:00,83,20,8,31,8
The Devil Wears Prada 2,THE_0393,Devil Wears Prada shaped my entire career path. This sequel feels personal. Real talk.,TikTok comments,,2025-08-16,2025-08-16T16:43:00,252,85,22,33,8
Michael,MIC_0332,The box office upside here is massive if they can navigate the controversy cleanly. Real talk.,Reddit,r/MichaelJackson,2025-09-10,2025-09-10T16:43:00,204,67,12,37,9
Michael,MIC_0187,Every music lover owes it to themselves to experience this in a theater. Fight me.,TikTok comments,,2025-08-11,2025-08-11T04:03:00,179,52,2,33,8
The Devil Wears Prada 2,THE_0272,The industry commentary in the original was years ahead of its time. Can't wait to see 2024 through that lens. Hot take.,YouTube comments,,2025-10-08,2025-10-08T21:52:00,224,54,17,41,10
The Devil Wears Prada 2,THE_0326,The nostalgia economy is real. Studios know exactly what they're doing with this IP. Real talk.,TikTok comments,,2025-10-23,2025-10-23T19:08:00,66,11,8,43,10
Michael,MIC_0130,I want to love this but the controversy makes it complicated. Conflicted. Anyone else feel this way?,TikTok comments,,2025-08-11,2025-08-11T09:38:00,348,110,47,33,8
The Devil Wears Prada 2,THE_0239,The fashion sequences look incredible. The plot remains to be seen. Fight me.,TikTok comments,,2025-08-18,2025-08-18T08:46:00,286,15,7,34,8
Michael,MIC_0121,"If they get the music and the movement right, this will be one of the most important biopics ever made. Anyone else feel this way?",Reddit,r/Music,2025-09-21,2025-09-21T19:36:00,187,69,15,38,9
Michael,MIC_0234,Michael Jackson's story deserves to be told with this level of care. The trailer gave me chills. Real talk.,Instagram,,2025-08-22,2025-08-22T01:18:00,194,54,3,34,8
The Devil Wears Prada 2,THE_0338,The industry commentary in the original was years ahead of its time. Can't wait to see 2024 through that lens. Anyone else feel this way?,TikTok comments,,2025-10-06,2025-10-06T15:22:00,186,31,22,41,10
Michael,MIC_0047,The runtime reportedly over 2.5 hours. They'll need every minute for this story. Fight me.,YouTube comments,,2025-08-17,2025-08-17T22:46:00,180,64,6,33,8
The Devil Wears Prada 2,THE_0255,Good trailer. Not great. But the bar for the actual film is set correctly. Genuinely can't stop thinking about this.,TikTok comments,,2025-09-20,2025-09-20T11:49:00,252,63,21,38,9
Michael,MIC_0243,Celebrating MJ's artistry while ignoring the serious allegations feels irresponsible. Anyone else feel this way?,Twitter/X,,2025-08-26,2025-08-26T04:19:00,156,15,13,35,8
The Devil Wears Prada 2,THE_0095,Every fashion editor I know has already pre-booked opening weekend. Real talk.,YouTube comments,,2025-09-24,2025-09-24T09:36:00,362,74,47,39,9
Michael,MIC_0131,The decision to not address the allegations directly is a narrative choice with real consequences. Real talk.,TikTok comments,,2025-08-01,2025-08-01T18:33:00,74,3,8,31,8
The Devil Wears Prada 2,THE_0264,Sequels to perfect movies almost never work. I'm cautiously optimistic but nervous. Genuinely can't stop thinking about this.,YouTube comments,,2025-08-18,2025-08-18T16:29:00,108,25,8,34,8
Michael,MIC_0289,I grew up listening to MJ. This film feels like a love letter to an entire generation. Can't wait.,Reddit,r/boxoffice,2025-08-01,2025-08-01T09:59:00,87,26,7,31,8
Michael,MIC_0397,This is going to be emotionally overwhelming. I'm already not ready. Fight me.,Twitter/X,,2025-09-06,2025-09-06T05:11:00,213,79,23,36,9
The Devil Wears Prada 2,THE_0009,Anne Hathaway returning means this is going to be emotionally devastating. I'm prepared. Can't wait.,TikTok comments,,2025-08-05,2025-08-05T10:25:00,157,50,2,32,8
Michael,MIC_0294,Michael Jackson's cultural impact is genuinely underrepresented in cinema. This is overdue. Anyone else feel this way?,Reddit,r/MichaelJackson,2025-08-07,2025-08-07T04:01:00,288,104,24,32,8
The Devil Wears Prada 2,THE_0280,Not sure how they'll top the original. The bar is literally Meryl Streep at peak Meryl. Fight me.,YouTube comments,,2025-10-09,2025-10-09T04:41:00,241,18,34,41,10
The Devil Wears Prada 2,THE_0390,The aesthetic is immaculate. That first look at the editorial set made me gasp. Genuinely can't stop thinking about this.,Reddit,r/Oscars,2025-10-05,2025-10-05T00:02:00,98,29,4,40,10
The Devil Wears Prada 2,THE_0343,Not sure how they'll top the original. The bar is literally Meryl Streep at peak Meryl.,Twitter/X,,2025-08-09,2025-08-09T18:06:00,175,25,18,32,8
Michael,MIC_0410,I want to love this but the controversy makes it complicated. Conflicted. Anyone else feel this way?,Instagram,,2025-09-30,2025-09-30T16:21:00,108,8,4,40,9
The Devil Wears Prada 2,THE_0263,Box office tracking says this is projected to open at 60M+. Makes sense given the IP. Anyone else feel this way?,TikTok comments,,2025-10-17,2025-10-17T03:59:00,333,21,17,42,10
Michael,MIC_0038,The music catalog alone makes this a theatrical experience. Needs to be seen on IMAX. Anyone else feel this way?,YouTube comments,,2025-10-19,2025-10-19T03:18:00,66,24,5,42,10
Michael,MIC_0346,Michael Jackson's story deserves to be told with this level of care. The trailer gave me chills. Fight me.,YouTube comments,,2025-08-09,2025-08-09T17:14:00,188,35,21,32,8
Michael,MIC_0355,Michael Jackson's story deserves to be told with this level of care. The trailer gave me chills. Anyone else feel this way?,Reddit,r/MichaelJackson,2025-08-22,2025-08-22T18:04:00,124,40,9,34,8
The Devil Wears Prada 2,THE_0212,Devil Wears Prada 2 is giving me everything I didn't know I needed. The casting looks *chef's kiss*. Real talk.,Instagram,,2025-08-14,2025-08-14T02:20:00,286,32,14,33,8
Michael,MIC_0284,How this performs internationally will be fascinating. MJ's global brand is unprecedented. Anyone else feel this way?,Instagram,,2025-09-09,2025-09-09T22:54:00,220,40,20,37,9
Michael,MIC_0135,Music biopics have a very specific commercial formula. MJ is the ultimate subject. Fight me.,TikTok comments,,2025-09-20,2025-09-20T23:08:00,227,57,26,38,9
The Devil Wears Prada 2,THE_0276,"The teaser just dropped and I'm already emotional. Fashion, power, and Meryl Streep. Fight me.",Twitter/X,,2025-10-11,2025-10-11T14:43:00,151,29,13,41,10
The Devil Wears Prada 2,THE_0339,Box office tracking says this is projected to open at 60M+. Makes sense given the IP. Thoughts?,YouTube comments,,2025-09-08,2025-09-08T01:51:00,212,62,11,37,9
The Devil Wears Prada 2,THE_0221,Devil Wears Prada 2 is giving me everything I didn't know I needed. The casting looks *chef's kiss*. Hot take.,TikTok comments,,2025-09-08,2025-09-08T05:45:00,269,19,23,37,9
The Devil Wears Prada 2,THE_0153,Interesting that they're releasing this during awards season. Strategic positioning. Genuinely can't stop thinking about this.,YouTube comments,,2025-10-29,2025-10-29T03:54:00,119,31,2,44,10
Michael,MIC_0040,The music catalog alone makes this a theatrical experience. Needs to be seen on IMAX. Real talk.,TikTok comments,,2025-08-27,2025-08-27T22:59:00,290,18,23,35,8
The Devil Wears Prada 2,THE_0258,Meryl Streep in a sequel? She doesn't do sequels. This must be THAT good. Thoughts?,Instagram,,2025-10-25,2025-10-25T16:14:00,122,31,5,43,10
The Devil Wears Prada 2,THE_0154,The costume design alone justifies a ticket. Anna Wintour era aesthetic is peak cinema. Can't wait.,YouTube comments,,2025-09-28,2025-09-28T12:26:00,128,46,8,39,9
Michael,MIC_0392,This is a marketing and cultural experiment as much as it is a film.,TikTok comments,,2025-08-17,2025-08-17T15:22:00,168,65,14,33,8
Michael,MIC_0083,Watching Jaafar Jackson embody his father is genuinely moving. The resemblance is uncanny. Hot take.,Twitter/X,,2025-09-16,2025-09-16T09:13:00,409,50,23,38,9
The Devil Wears Prada 2,THE_0039,Fashion Twitter is absolutely losing it. Rightfully so. Genuinely can't stop thinking about this.,Reddit,r/TrueFilm,2025-10-10,2025-10-10T04:17:00,75,6,1,41,10
The Devil Wears Prada 2,THE_0407,Devil Wears Prada shaped my entire career path. This sequel feels personal. Hot take.,YouTube comments,,2025-08-23,2025-08-23T00:25:00,74,4,3,34,8
The Devil Wears Prada 2,THE_0177,Fashion Twitter is absolutely losing it. Rightfully so. Hot take.,TikTok comments,,2025-10-20,2025-10-20T09:50:00,161,32,12,43,10
Michael,MIC_0218,Michael Jackson's cultural impact is genuinely underrepresented in cinema. This is overdue. Genuinely can't stop thinking about this.,TikTok comments,,2025-08-28,2025-08-28T23:04:00,208,51,18,35,8
The Devil Wears Prada 2,THE_0218,The original didn't need a sequel. Hope they don't ruin the legacy. Real talk.,TikTok comments,,2025-08-04,2025-08-04T23:11:00,66,9,9,32,8
The Devil Wears Prada 2,THE_0243,The nostalgia economy is real. Studios know exactly what they're doing with this IP. Real talk.,Instagram,,2025-09-12,2025-09-12T15:33:00,161,10,4,37,9
The Devil Wears Prada 2,THE_0271,Can we talk about how perfectly aged this story is? The fashion industry critique hits differently now. Genuinely can't stop thinking about this.,TikTok comments,,2025-10-01,2025-10-01T04:29:00,177,22,25,40,10
Michael,MIC_0210,How this performs internationally will be fascinating. MJ's global brand is unprecedented. Anyone else feel this way?,Instagram,,2025-10-21,2025-10-21T18:22:00,213,52,24,43,10
Michael,MIC_0235,"Motown, Off the Wall, Thriller era all in one film? The scope is incredible. Genuinely can't stop thinking about this.",Reddit,r/boxoffice,2025-10-24,2025-10-24T08:42:00,242,92,4,43,10
The Devil Wears Prada 2,THE_0034,This will be fascinating to analyze from an audience reception standpoint.,Instagram,,2025-10-06,2025-10-06T10:59:00,219,43,20,41,10
Michael,MIC_0246,I want to love this but the controversy makes it complicated. Conflicted. Real talk.,TikTok comments,,2025-10-21,2025-10-21T23:17:00,216,67,27,43,10
Michael,MIC_0207,How this performs internationally will be fascinating. MJ's global brand is unprecedented.,TikTok comments,,2025-09-17,2025-09-17T22:03:00,70,21,9,38,9
The Devil Wears Prada 2,THE_0303,"The teaser just dropped and I'm already emotional. Fashion, power, and Meryl Streep.",Reddit,r/movies,2025-10-20,2025-10-20T07:04:00,152,7,4,43,10
The Devil Wears Prada 2,THE_0048,I'm a fashion journalist and this movie is basically a love letter to our industry. Excited doesn't cover it. Fight me.,TikTok comments,,2025-08-29,2025-08-29T00:42:00,199,67,26,35,8
The Devil Wears Prada 2,THE_0296,Box office tracking says this is projected to open at 60M+. Makes sense given the IP. Can't wait.,Instagram,,2025-10-10,2025-10-10T10:49:00,178,21,24,41,10
Michael,MIC_0386,Music biopics have a very specific commercial formula. MJ is the ultimate subject. Thoughts?,Instagram,,2025-09-12,2025-09-12T07:34:00,139,44,4,37,9
The Devil Wears Prada 2,THE_0367,This is the fashion girl movie of the decade. Period. Anyone else feel this way?,TikTok comments,,2025-08-12,2025-08-12T20:23:00,304,108,40,33,8
The Devil Wears Prada 2,THE_0047,The industry commentary in the original was years ahead of its time. Can't wait to see 2024 through that lens. Can't wait.,TikTok comments,,2025-08-05,2025-08-05T15:14:00,113,36,2,32,8
The Devil Wears Prada 2,THE_0380,The demographic skew toward 25-45 women is very clear in the marketing. Smart targeting. Anyone else feel this way?,YouTube comments,,2025-08-02,2025-08-02T08:13:00,242,18,22,31,8
Michael,MIC_0278,The music catalog alone makes this a theatrical experience. Needs to be seen on IMAX. Genuinely can't stop thinking about this.,TikTok comments,,2025-10-10,2025-10-10T10:49:00,196,14,10,41,10
Michael,MIC_0252,Strong performance from Jaafar but the script carries all the risk. Fight me.,Instagram,,2025-09-01,2025-09-01T13:25:00,116,33,15,36,9
The Devil Wears Prada 2,THE_0411,Hoping they address the toxic workplace dynamics more critically this time. Hot take.,Reddit,r/movies,2025-09-25,2025-09-25T23:25:00,191,12,26,39,9
Michael,MIC_0202,"Beat It, Billie Jean, Man in the Mirror — on a cinema screen with surround sound. Come on. Thoughts?",Instagram,,2025-10-03,2025-10-03T17:09:00,144,26,12,40,10
The Devil Wears Prada 2,THE_0293,The original didn't need a sequel. Hope they don't ruin the legacy. Thoughts?,Instagram,,2025-09-18,2025-09-18T21:38:00,161,54,2,38,9
The Devil Wears Prada 2,THE_0152,Meryl Streep in a sequel? She doesn't do sequels. This must be THAT good. Thoughts?,Twitter/X,,2025-09-11,2025-09-11T12:38:00,189,50,17,37,9
The Devil Wears Prada 2,THE_0024,Anne Hathaway returning means this is going to be emotionally devastating. I'm prepared. Fight me.,Twitter/X,,2025-10-13,2025-10-13T18:30:00,51,4,7,42,10
The Devil Wears Prada 2,THE_0135,Sequels to perfect movies almost never work. I'm cautiously optimistic but nervous. Thoughts?,YouTube comments,,2025-10-26,2025-10-26T23:43:00,182,18,26,43,10
Michael,MIC_0389,The fan base will love it. Everyone else will have questions about editorial choices. Thoughts?,YouTube comments,,2025-09-07,2025-09-07T14:39:00,113,26,14,36,9
Michael,MIC_0261,Leaving Neverland made it impossible for me to separate the art from the artist here. Thoughts?,Instagram,,2025-10-05,2025-10-05T19:10:00,143,26,17,40,10
The Devil Wears Prada 2,THE_0274,Devil Wears Prada 2 is giving me everything I didn't know I needed. The casting looks *chef's kiss*. Thoughts?,Reddit,r/Oscars,2025-08-20,2025-08-20T05:20:00,195,44,17,34,8
Michael,MIC_0327,Graham King producing means serious awards intentions here. Not just a cash grab. Anyone else feel this way?,YouTube comments,,2025-10-29,2025-10-29T07:31:00,157,52,7,44,10
The Devil Wears Prada 2,THE_0430,The costume design alone justifies a ticket. Anna Wintour era aesthetic is peak cinema. Thoughts?,TikTok comments,,2025-10-28,2025-10-28T02:22:00,66,3,2,44,10
Michael,MIC_0348,This is going to be emotionally overwhelming. I'm already not ready. Real talk.,Reddit,r/movies,2025-08-11,2025-08-11T14:48:00,291,69,42,33,8
The Devil Wears Prada 2,THE_0403,The industry commentary in the original was years ahead of its time. Can't wait to see 2024 through that lens. Hot take.,TikTok comments,,2025-08-26,2025-08-26T04:49:00,104,15,2,35,8
Michael,MIC_0048,"If they get the music and the movement right, this will be one of the most important biopics ever made. Anyone else feel this way?",Reddit,r/boxoffice,2025-10-26,2025-10-26T14:11:00,209,53,25,43,10
The Devil Wears Prada 2,THE_0433,Fashion Twitter is absolutely losing it. Rightfully so. Can't wait.,Twitter/X,,2025-09-07,2025-09-07T00:20:00,137,10,17,36,9
The Devil Wears Prada 2,THE_0325,Box office tracking says this is projected to open at 60M+. Makes sense given the IP. Can't wait.,YouTube comments,,2025-09-20,2025-09-20T10:53:00,437,42,4,38,9
The Devil Wears Prada 2,THE_0254,The original is a masterpiece of corporate satire. Sequel has massive shoes to fill. Genuinely can't stop thinking about this.,Twitter/X,,2025-09-14,2025-09-14T17:59:00,136,40,7,37,9
The Devil Wears Prada 2,THE_0103,I've been waiting for this sequel for 15 years. Miranda Priestly is back and I am NOT ready. Thoughts?,Twitter/X,,2025-08-03,2025-08-03T21:52:00,171,58,15,31,8
Michael,MIC_0377,I want to love this but the controversy makes it complicated. Conflicted. Can't wait.,Instagram,,2025-08-01,2025-08-01T13:02:00,230,23,20,31,8
Michael,MIC_0186,Celebrating MJ's artistry while ignoring the serious allegations feels irresponsible.,Twitter/X,,2025-09-13,2025-09-13T13:19:00,187,19,14,37,9
The Devil Wears Prada 2,THE_0186,This is the fashion girl movie of the decade. Period. Real talk.,Twitter/X,,2025-10-11,2025-10-11T12:41:00,151,45,3,41,10
The Devil Wears Prada 2,THE_0306,The industry commentary in the original was years ahead of its time. Can't wait to see 2024 through that lens. Genuinely can't stop thinking about this.,Instagram,,2025-10-26,2025-10-26T13:51:00,122,6,15,43,10
The Devil Wears Prada 2,THE_0170,The industry commentary in the original was years ahead of its time. Can't wait to see 2024 through that lens.,YouTube comments,,2025-09-10,2025-09-10T18:27:00,260,54,5,37,9
The Devil Wears Prada 2,THE_0347,Devil Wears Prada shaped my entire career path. This sequel feels personal. Genuinely can't stop thinking about this.,Reddit,r/TrueFilm,2025-09-23,2025-09-23T19:08:00,158,46,12,39,9
Michael,MIC_0058,This is going to be emotionally overwhelming. I'm already not ready. Can't wait.,YouTube comments,,2025-08-29,2025-08-29T14:21:00,254,43,31,35,8
The Devil Wears Prada 2,THE_0344,The pacing of the trailer felt a bit rushed. Hope the actual film breathes more. Anyone else feel this way?,TikTok comments,,2025-10-25,2025-10-25T15:33:00,217,25,5,43,10
Michael,MIC_0301,Leaving Neverland made it impossible for me to separate the art from the artist here. Anyone else feel this way?,Instagram,,2025-08-14,2025-08-14T10:35:00,208,39,22,33,8
The Devil Wears Prada 2,THE_0102,The demographic skew toward 25-45 women is very clear in the marketing. Smart targeting. Fight me.,YouTube comments,,2025-09-11,2025-09-11T19:16:00,139,36,18,37,9
Michael,MIC_0050,The fan base will love it. Everyone else will have questions about editorial choices. Thoughts?,YouTube comments,,2025-09-10,2025-09-10T00:45:00,230,15,10,37,9
The Devil Wears Prada 2,THE_0100,The demographic skew toward 25-45 women is very clear in the marketing. Smart targeting. Can't wait.,Twitter/X,,2025-08-08,2025-08-08T05:50:00,294,42,8,32,8
Michael,MIC_0404,Music biopics have a very specific commercial formula. MJ is the ultimate subject. Thoughts?,TikTok comments,,2025-09-27,2025-09-27T11:05:00,193,36,24,39,9
The Devil Wears Prada 2,THE_0399,Interesting that they're releasing this during awards season. Strategic positioning. Can't wait.,YouTube comments,,2025-08-19,2025-08-19T22:17:00,102,39,14,34,8
Michael,MIC_0365,The sonic experience of this film is going to be unmatched. Pop history on screen. Can't wait.,YouTube comments,,2025-08-07,2025-08-07T06:07:00,131,35,5,32,8
The Devil Wears Prada 2,THE_0324,Anne Hathaway returning means this is going to be emotionally devastating. I'm prepared. Real talk.,TikTok comments,,2025-09-01,2025-09-01T23:40:00,133,43,8,36,9
The Devil Wears Prada 2,THE_0022,Can we talk about how perfectly aged this story is? The fashion industry critique hits differently now. Can't wait.,Twitter/X,,2025-08-30,2025-08-30T18:14:00,148,24,13,35,8
Michael,MIC_0340,Strong performance from Jaafar but the script carries all the risk. Genuinely can't stop thinking about this.,YouTube comments,,2025-09-11,2025-09-11T08:10:00,223,81,26,37,9
Michael,MIC_0084,This is a marketing and cultural experiment as much as it is a film. Fight me.,Instagram,,2025-08-15,2025-08-15T21:22:00,268,83,27,33,8
The Devil Wears Prada 2,THE_0273,I'm a fashion journalist and this movie is basically a love letter to our industry. Excited doesn't cover it. Can't wait.,Instagram,,2025-10-07,2025-10-07T22:23:00,204,66,17,41,10
The Devil Wears Prada 2,THE_0431,Anne Hathaway returning means this is going to be emotionally devastating. I'm prepared. Thoughts?,Reddit,r/movies,2025-08-22,2025-08-22T13:31:00,316,64,21,34,8
Michael,MIC_0077,How this performs internationally will be fascinating. MJ's global brand is unprecedented. Hot take.,Instagram,,2025-08-25,2025-08-25T09:28:00,113,34,4,35,8
The Devil Wears Prada 2,THE_0432,The fashion sequences look incredible. The plot remains to be seen. Real talk.,TikTok comments,,2025-10-13,2025-10-13T20:48:00,133,24,16,42,10
Michael,MIC_0360,Every music lover owes it to themselves to experience this in a theater. Real talk.,Twitter/X,,2025-08-01,2025-08-01T05:59:00,162,57,3,31,8
The Devil Wears Prada 2,THE_0038,The aesthetic is immaculate. That first look at the editorial set made me gasp. Fight me.,Instagram,,2025-10-23,2025-10-23T16:00:00,163,25,24,43,10
The Devil Wears Prada 2,THE_0333,"The teaser just dropped and I'm already emotional. Fashion, power, and Meryl Streep. Hot take.",Instagram,,2025-09-01,2025-09-01T21:42:00,231,63,5,36,9
The Devil Wears Prada 2,THE_0020,Box office tracking says this is projected to open at 60M+. Makes sense given the IP. Anyone else feel this way?,TikTok comments,,2025-08-28,2025-08-28T17:48:00,127,45,8,35,8
The Devil Wears Prada 2,THE_0173,Interesting that they're releasing this during awards season. Strategic positioning. Thoughts?,YouTube comments,,2025-09-12,2025-09-12T05:04:00,178,28,10,37,9
The Devil Wears Prada 2,THE_0345,The costume design alone justifies a ticket. Anna Wintour era aesthetic is peak cinema. Hot take.,Instagram,,2025-09-14,2025-09-14T11:54:00,161,42,14,37,9
The Devil Wears Prada 2,THE_0117,The industry commentary in the original was years ahead of its time. Can't wait to see 2024 through that lens. Fight me.,YouTube comments,,2025-10-23,2025-10-23T04:31:00,276,109,33,43,10
The Devil Wears Prada 2,THE_0312,"The teaser just dropped and I'm already emotional. Fashion, power, and Meryl Streep. Thoughts?",TikTok comments,,2025-08-23,2025-08-23T10:01:00,156,37,15,34,8
Michael,MIC_0308,I grew up listening to MJ. This film feels like a love letter to an entire generation. Anyone else feel this way?,YouTube comments,,2025-09-27,2025-09-27T06:13:00,179,27,17,39,9
The Devil Wears Prada 2,THE_0086,Box office tracking says this is projected to open at 60M+. Makes sense given the IP. Can't wait.,YouTube comments,,2025-08-03,2025-08-03T02:18:00,180,53,13,31,8
Michael,MIC_0129,The sonic experience of this film is going to be unmatched. Pop history on screen. Real talk.,TikTok comments,,2025-10-29,2025-10-29T18:06:00,103,34,14,44,10
The Devil Wears Prada 2,THE_0240,The original didn't need a sequel. Hope they don't ruin the legacy. Real talk.,TikTok comments,,2025-08-25,2025-08-25T11:35:00,187,35,16,35,8
The Devil Wears Prada 2,THE_0253,This is the fashion girl movie of the decade. Period. Genuinely can't stop thinking about this.,Instagram,,2025-10-11,2025-10-11T09:14:00,93,10,4,41,10
The Devil Wears Prada 2,THE_0250,I'll watch it but I have reservations. Fashion films are very of-their-moment. Can't wait.,YouTube comments,,2025-08-08,2025-08-08T22:08:00,203,65,28,32,8
Michael,MIC_0118,The decision to cast his actual son is bold and beautiful. Can't imagine it going any other way. Can't wait.,Twitter/X,,2025-08-16,2025-08-16T21:14:00,174,18,16,33,8
Michael,MIC_0296,Graham King producing means serious awards intentions here. Not just a cash grab. Fight me.,Instagram,,2025-10-25,2025-10-25T17:05:00,133,21,16,43,10
Michael,MIC_0381,Graham King producing means serious awards intentions here. Not just a cash grab.,YouTube comments,,2025-09-21,2025-09-21T05:50:00,145,46,19,38,9
The Devil Wears Prada 2,THE_0365,Hoping they address the toxic workplace dynamics more critically this time. Fight me.,TikTok comments,,2025-08-13,2025-08-13T20:50:00,174,50,2,33,8
The Devil Wears Prada 2,THE_0353,The industry commentary in the original was years ahead of its time. Can't wait to see 2024 through that lens. Fight me.,Instagram,,2025-10-09,2025-10-09T11:34:00,258,23,6,41,10
Michael,MIC_0226,The sonic experience of this film is going to be unmatched. Pop history on screen. Anyone else feel this way?,YouTube comments,,2025-10-13,2025-10-13T06:35:00,131,15,8,42,10
The Devil Wears Prada 2,THE_0099,Fashion Twitter is absolutely losing it. Rightfully so. Can't wait.,TikTok comments,,2025-08-26,2025-08-26T13:07:00,142,46,13,35,8
The Devil Wears Prada 2,THE_0389,The costume design alone justifies a ticket. Anna Wintour era aesthetic is peak cinema. Thoughts?,YouTube comments,,2025-10-12,2025-10-12T05:23:00,128,29,2,41,10
The Devil Wears Prada 2,THE_0349,The aesthetic is immaculate. That first look at the editorial set made me gasp. Fight me.,TikTok comments,,2025-10-19,2025-10-19T01:55:00,258,29,32,42,10
Michael,MIC_0169,How this performs internationally will be fascinating. MJ's global brand is unprecedented. Real talk.,Reddit,r/movies,2025-10-23,2025-10-23T09:45:00,368,62,19,43,10
The Devil Wears Prada 2,THE_0357,I'll watch it but I have reservations. Fashion films are very of-their-moment. Anyone else feel this way?,Instagram,,2025-08-08,2025-08-08T18:22:00,306,99,37,32,8
Michael,MIC_0267,Music biopics have a very specific commercial formula. MJ is the ultimate subject. Genuinely can't stop thinking about this.,Instagram,,2025-08-07,2025-08-07T05:09:00,173,42,21,32,8
Michael,MIC_0337,Michael Jackson's cultural impact is genuinely underrepresented in cinema. This is overdue. Genuinely can't stop thinking about this.,TikTok comments,,2025-08-08,2025-08-08T19:42:00,228,14,22,32,8
The Devil Wears Prada 2,THE_0046,I'll watch it but I have reservations. Fashion films are very of-their-moment.,Twitter/X,,2025-09-22,2025-09-22T21:55:00,205,76,24,39,9
The Devil Wears Prada 2,THE_0028,Hoping they address the toxic workplace dynamics more critically this time. Thoughts?,Reddit,r/Oscars,2025-08-31,2025-08-31T05:26:00,244,13,5,35,8
The Devil Wears Prada 2,THE_0062,The aesthetic is immaculate. That first look at the editorial set made me gasp. Fight me.,Reddit,r/Oscars,2025-08-18,2025-08-18T14:42:00,368,136,9,34,8
The Devil Wears Prada 2,THE_0328,The industry commentary in the original was years ahead of its time. Can't wait to see 2024 through that lens. Fight me.,Instagram,,2025-09-20,2025-09-20T11:07:00,217,29,13,38,9
The Devil Wears Prada 2,THE_0291,Hoping they address the toxic workplace dynamics more critically this time. Can't wait.,TikTok comments,,2025-08-08,2025-08-08T17:26:00,362,107,44,32,8
The Devil Wears Prada 2,THE_0361,Meryl Streep in a sequel? She doesn't do sequels. This must be THAT good. Genuinely can't stop thinking about this.,YouTube comments,,2025-08-12,2025-08-12T12:32:00,152,31,15,33,8
The Devil Wears Prada 2,THE_0386,Can we talk about how perfectly aged this story is? The fashion industry critique hits differently now.,Twitter/X,,2025-09-14,2025-09-14T16:33:00,200,10,15,37,9
Michael,MIC_0056,The fan base will love it. Everyone else will have questions about editorial choices. Fight me.,TikTok comments,,2025-08-03,2025-08-03T03:25:00,268,105,30,31,8
The Devil Wears Prada 2,THE_0269,The industry commentary in the original was years ahead of its time. Can't wait to see 2024 through that lens.,TikTok comments,,2025-10-25,2025-10-25T03:29:00,94,16,4,43,10
The Devil Wears Prada 2,THE_0400,Devil Wears Prada 2 is giving me everything I didn't know I needed. The casting looks *chef's kiss*.,Twitter/X,,2025-09-17,2025-09-17T14:47:00,180,62,12,38,9
The Devil Wears Prada 2,THE_0057,The costume design alone justifies a ticket. Anna Wintour era aesthetic is peak cinema. Hot take.,YouTube comments,,2025-09-30,2025-09-30T23:10:00,112,22,4,40,9
Michael,MIC_0068,The music catalog alone makes this a theatrical experience. Needs to be seen on IMAX. Hot take.,Instagram,,2025-09-07,2025-09-07T21:22:00,116,14,4,36,9
The Devil Wears Prada 2,THE_0160,The pacing of the trailer felt a bit rushed. Hope the actual film breathes more. Real talk.,Instagram,,2025-10-22,2025-10-22T17:01:00,239,80,22,43,10
Michael,MIC_0189,Michael Jackson's story deserves to be told with this level of care. The trailer gave me chills. Thoughts?,Twitter/X,,2025-08-05,2025-08-05T06:29:00,135,43,9,32,8
Michael,MIC_0031,The box office upside here is massive if they can navigate the controversy cleanly. Genuinely can't stop thinking about this.,Twitter/X,,2025-09-07,2025-09-07T14:46:00,322,108,16,36,9
Michael,MIC_0102,Celebrating MJ's artistry while ignoring the serious allegations feels irresponsible. Hot take.,Instagram,,2025-10-12,2025-10-12T18:23:00,78,12,7,41,10
Michael,MIC_0229,The sonic experience of this film is going to be unmatched. Pop history on screen. Genuinely can't stop thinking about this.,Twitter/X,,2025-09-26,2025-09-26T19:09:00,120,31,17,39,9
Michael,MIC_0155,The decision to not address the allegations directly is a narrative choice with real consequences. Genuinely can't stop thinking about this.,YouTube comments,,2025-09-05,2025-09-05T12:14:00,131,51,18,36,9
Michael,MIC_0248,Graham King producing means serious awards intentions here. Not just a cash grab. Can't wait.,Instagram,,2025-08-11,2025-08-11T22:49:00,97,12,1,33,8
Michael,MIC_0049,The marketing challenge for this film is one of the most complex in recent Hollywood history. Real talk.,TikTok comments,,2025-08-17,2025-08-17T15:58:00,194,11,20,33,8
The Devil Wears Prada 2,THE_0398,Some of the new casting choices are surprising. Trust the director but will reserve judgment.,TikTok comments,,2025-09-09,2025-09-09T03:13:00,335,105,20,37,9
Michael,MIC_0232,The music catalog alone makes this a theatrical experience. Needs to be seen on IMAX. Thoughts?,TikTok comments,,2025-10-08,2025-10-08T06:13:00,163,35,9,41,10
Michael,MIC_0175,The box office upside here is massive if they can navigate the controversy cleanly. Anyone else feel this way?,Reddit,r/movies,2025-09-30,2025-09-30T14:55:00,186,32,25,40,9
Michael,MIC_0321,This is a marketing and cultural experiment as much as it is a film. Thoughts?,Instagram,,2025-09-13,2025-09-13T17:49:00,116,29,11,37,9
Michael,MIC_0219,"Beat It, Billie Jean, Man in the Mirror — on a cinema screen with surround sound. Come on. Hot take.",YouTube comments,,2025-10-29,2025-10-29T18:52:00,214,47,29,44,10
The Devil Wears Prada 2,THE_0168,Anne Hathaway returning means this is going to be emotionally devastating. I'm prepared. Genuinely can't stop thinking about this.,TikTok comments,,2025-08-23,2025-08-23T04:24:00,186,9,21,34,8
Michael,MIC_0306,This is a marketing and cultural experiment as much as it is a film. Real talk.,Reddit,r/TrueFilm,2025-09-18,2025-09-18T10:31:00,93,26,8,38,9
Michael,MIC_0242,The marketing challenge for this film is one of the most complex in recent Hollywood history. Can't wait.,YouTube comments,,2025-09-09,2025-09-09T19:21:00,252,63,17,37,9
The Devil Wears Prada 2,THE_0181,Interesting that they're releasing this during awards season. Strategic positioning. Anyone else feel this way?,Reddit,r/boxoffice,2025-08-11,2025-08-11T16:41:00,267,89,33,33,8
Michael,MIC_0317,The choreography in the trailer already looks stunning. They clearly invested in getting it right. Real talk.,Instagram,,2025-08-31,2025-08-31T22:32:00,135,34,17,35,8
The Devil Wears Prada 2,THE_0036,Sequels to perfect movies almost never work. I'm cautiously optimistic but nervous. Thoughts?,Reddit,r/boxoffice,2025-08-10,2025-08-10T17:13:00,219,87,32,32,8
Michael,MIC_0020,"Motown, Off the Wall, Thriller era all in one film? The scope is incredible. Hot take.",Twitter/X,,2025-10-25,2025-10-25T11:32:00,279,66,33,43,10
Michael,MIC_0003,Michael Jackson's cultural impact is genuinely underrepresented in cinema. This is overdue.,YouTube comments,,2025-09-13,2025-09-13T09:19:00,389,56,24,37,9
The Devil Wears Prada 2,THE_0385,I'll watch it but I have reservations. Fashion films are very of-their-moment. Thoughts?,YouTube comments,,2025-10-24,2025-10-24T23:11:00,96,25,5,43,10
The Devil Wears Prada 2,THE_0322,Not sure how they'll top the original. The bar is literally Meryl Streep at peak Meryl. Thoughts?,Instagram,,2025-10-06,2025-10-06T05:43:00,245,97,10,41,10
Michael,MIC_0010,Leaving Neverland made it impossible for me to separate the art from the artist here. Hot take.,Twitter/X,,2025-10-28,2025-10-28T02:18:00,120,43,13,44,10
The Devil Wears Prada 2,THE_0392,Hoping they address the toxic workplace dynamics more critically this time.,Instagram,,2025-09-23,2025-09-23T07:20:00,257,95,29,39,9
Michael,MIC_0311,Leaving Neverland made it impossible for me to separate the art from the artist here.,Reddit,r/TrueFilm,2025-09-06,2025-09-06T00:15:00,165,64,4,36,9
The Devil Wears Prada 2,THE_0440,Can we talk about how perfectly aged this story is? The fashion industry critique hits differently now. Genuinely can't stop thinking about this.,YouTube comments,,2025-08-12,2025-08-12T20:34:00,179,39,18,33,8
The Devil Wears Prada 2,THE_0032,Sequels to perfect movies almost never work. I'm cautiously optimistic but nervous.,Reddit,r/Oscars,2025-08-21,2025-08-21T01:32:00,192,43,24,34,8
The Devil Wears Prada 2,THE_0018,Sequels to perfect movies almost never work. I'm cautiously optimistic but nervous. Fight me.,Reddit,r/movies,2025-09-09,2025-09-09T07:03:00,106,18,15,37,9
Michael,MIC_0109,I grew up listening to MJ. This film feels like a love letter to an entire generation. Hot take.,YouTube comments,,2025-09-07,2025-09-07T04:29:00,273,98,25,36,9
Michael,MIC_0103,Every music lover owes it to themselves to experience this in a theater. Hot take.,YouTube comments,,2025-08-29,2025-08-29T22:47:00,170,8,7,35,8
The Devil Wears Prada 2,THE_0351,Box office tracking says this is projected to open at 60M+. Makes sense given the IP. Real talk.,YouTube comments,,2025-08-22,2025-08-22T02:36:00,62,18,4,34,8
Michael,MIC_0105,Celebrating MJ's artistry while ignoring the serious allegations feels irresponsible. Hot take.,TikTok comments,,2025-10-17,2025-10-17T02:53:00,109,26,3,42,10
The Devil Wears Prada 2,THE_0267,I'll watch it but I have reservations. Fashion films are very of-their-moment. Hot take.,Reddit,r/boxoffice,2025-10-01,2025-10-01T10:59:00,204,17,30,40,10
Michael,MIC_0372,The marketing challenge for this film is one of the most complex in recent Hollywood history. Fight me.,Twitter/X,,2025-08-25,2025-08-25T20:22:00,120,21,8,35,8
Michael,MIC_0052,"Beat It, Billie Jean, Man in the Mirror — on a cinema screen with surround sound. Come on. Can't wait.",YouTube comments,,2025-08-20,2025-08-20T17:57:00,205,57,20,34,8
Michael,MIC_0286,This is a marketing and cultural experiment as much as it is a film. Genuinely can't stop thinking about this.,Twitter/X,,2025-08-05,2025-08-05T06:58:00,112,17,2,32,8
The Devil Wears Prada 2,THE_0300,The original is a masterpiece of corporate satire. Sequel has massive shoes to fill. Anyone else feel this way?,Twitter/X,,2025-09-01,2025-09-01T15:35:00,140,18,12,36,9
The Devil Wears Prada 2,THE_0206,Sequels to perfect movies almost never work. I'm cautiously optimistic but nervous. Anyone else feel this way?,Reddit,r/femalefashionadvice,2025-10-27,2025-10-27T14:44:00,267,44,26,44,10
Michael,MIC_0249,The fan base will love it. Everyone else will have questions about editorial choices. Anyone else feel this way?,Instagram,,2025-09-17,2025-09-17T05:54:00,144,37,15,38,9
Michael,MIC_0054,The fan base will love it. Everyone else will have questions about editorial choices. Hot take.,Twitter/X,,2025-08-29,2025-08-29T17:41:00,177,68,3,35,8
Michael,MIC_0247,I grew up listening to MJ. This film feels like a love letter to an entire generation. Can't wait.,Reddit,r/Music,2025-10-18,2025-10-18T08:38:00,216,12,31,42,10
Michael,MIC_0359,The music catalog alone makes this a theatrical experience. Needs to be seen on IMAX. Hot take.,Instagram,,2025-08-06,2025-08-06T04:06:00,272,55,37,32,8
Michael,MIC_0304,Every music lover owes it to themselves to experience this in a theater. Real talk.,Instagram,,2025-08-23,2025-08-23T21:42:00,297,50,31,34,8
The Devil Wears Prada 2,THE_0310,I've been waiting for this sequel for 15 years. Miranda Priestly is back and I am NOT ready. Anyone else feel this way?,Reddit,r/boxoffice,2025-10-12,2025-10-12T03:57:00,319,64,38,41,10
The Devil Wears Prada 2,THE_0156,Box office tracking says this is projected to open at 60M+. Makes sense given the IP. Thoughts?,Reddit,r/movies,2025-09-17,2025-09-17T04:35:00,364,73,41,38,9
The Devil Wears Prada 2,THE_0334,The original didn't need a sequel. Hope they don't ruin the legacy. Anyone else feel this way?,Instagram,,2025-10-22,2025-10-22T12:48:00,197,48,19,43,10
The Devil Wears Prada 2,THE_0391,Hoping they address the toxic workplace dynamics more critically this time.,Twitter/X,,2025-08-20,2025-08-20T05:59:00,337,72,21,34,8
Michael,MIC_0221,The sonic experience of this film is going to be unmatched. Pop history on screen.,TikTok comments,,2025-08-16,2025-08-16T07:47:00,233,83,16,33,8
The Devil Wears Prada 2,THE_0027,I'm a fashion journalist and this movie is basically a love letter to our industry. Excited doesn't cover it. Fight me.,Twitter/X,,2025-08-10,2025-08-10T14:51:00,218,24,16,32,8
Michael,MIC_0060,Can't ignore the documentary accusations. This film feels like reputation rehabilitation. Hot take.,TikTok comments,,2025-08-06,2025-08-06T05:31:00,87,20,9,32,8
Michael,MIC_0282,Biopic storytelling is hard. MJ's life is extraordinarily complex. Hoping they don't simplify. Genuinely can't stop thinking about this.,Instagram,,2025-08-03,2025-08-03T06:36:00,250,71,21,31,8
The Devil Wears Prada 2,THE_0054,Fashion Twitter is absolutely losing it. Rightfully so. Thoughts?,TikTok comments,,2025-09-21,2025-09-21T22:18:00,98,15,6,38,9
Michael,MIC_0271,Leaving Neverland made it impossible for me to separate the art from the artist here. Real talk.,Reddit,r/boxoffice,2025-08-18,2025-08-18T03:44:00,130,31,6,34,8
The Devil Wears Prada 2,THE_0030,Anne Hathaway returning means this is going to be emotionally devastating. I'm prepared. Fight me.,TikTok comments,,2025-10-11,2025-10-11T21:45:00,96,28,10,41,10
The Devil Wears Prada 2,THE_0137,Fashion Twitter is absolutely losing it. Rightfully so. Genuinely can't stop thinking about this.,Instagram,,2025-08-14,2025-08-14T21:14:00,123,41,17,33,8
The Devil Wears Prada 2,THE_0236,The nostalgia economy is real. Studios know exactly what they're doing with this IP. Real talk.,Twitter/X,,2025-10-13,2025-10-13T23:20:00,440,160,54,42,10
Michael,MIC_0059,Music biopics have a very specific commercial formula. MJ is the ultimate subject. Fight me.,TikTok comments,,2025-10-24,2025-10-24T07:00:00,214,44,5,43,10
Michael,MIC_0051,The runtime reportedly over 2.5 hours. They'll need every minute for this story. Can't wait.,TikTok comments,,2025-08-13,2025-08-13T13:42:00,83,19,8,33,8
The Devil Wears Prada 2,THE_0256,The pacing of the trailer felt a bit rushed. Hope the actual film breathes more. Anyone else feel this way?,TikTok comments,,2025-09-14,2025-09-14T14:41:00,187,28,20,37,9
Michael,MIC_0199,"Beat It, Billie Jean, Man in the Mirror — on a cinema screen with surround sound. Come on. Fight me.",TikTok comments,,2025-10-10,2025-10-10T05:04:00,242,82,33,41,10
Michael,MIC_0318,The decision to cast his actual son is bold and beautiful. Can't imagine it going any other way. Real talk.,Instagram,,2025-10-12,2025-10-12T15:45:00,88,15,12,41,10
Michael,MIC_0015,This is going to be emotionally overwhelming. I'm already not ready. Real talk.,Instagram,,2025-09-17,2025-09-17T17:41:00,344,18,51,38,9
The Devil Wears Prada 2,THE_0150,Devil Wears Prada shaped my entire career path. This sequel feels personal.,Instagram,,2025-08-08,2025-08-08T15:54:00,112,23,16,32,8
Michael,MIC_0195,Can't ignore the documentary accusations. This film feels like reputation rehabilitation.,Reddit,r/MichaelJackson,2025-08-14,2025-08-14T04:31:00,235,24,19,33,8
Michael,MIC_0073,I grew up listening to MJ. This film feels like a love letter to an entire generation.,TikTok comments,,2025-09-27,2025-09-27T03:39:00,126,39,1,39,9
Michael,MIC_0382,The runtime reportedly over 2.5 hours. They'll need every minute for this story. Hot take.,YouTube comments,,2025-08-10,2025-08-10T12:57:00,116,31,15,32,8
The Devil Wears Prada 2,THE_0414,The demographic skew toward 25-45 women is very clear in the marketing. Smart targeting. Fight me.,Reddit,r/movies,2025-10-22,2025-10-22T16:15:00,151,27,10,43,10
Michael,MIC_0167,How this performs internationally will be fascinating. MJ's global brand is unprecedented. Anyone else feel this way?,TikTok comments,,2025-09-27,2025-09-27T02:24:00,173,28,14,39,9
Michael,MIC_0223,Can't ignore the documentary accusations. This film feels like reputation rehabilitation. Can't wait.,Twitter/X,,2025-09-27,2025-09-27T19:36:00,196,56,29,39,9
The Devil Wears Prada 2,THE_0364,I'm a fashion journalist and this movie is basically a love letter to our industry. Excited doesn't cover it. Fight me.,TikTok comments,,2025-10-13,2025-10-13T04:36:00,104,35,5,42,10
The Devil Wears Prada 2,THE_0409,I've been waiting for this sequel for 15 years. Miranda Priestly is back and I am NOT ready.,Twitter/X,,2025-10-27,2025-10-27T20:41:00,311,37,20,44,10
The Devil Wears Prada 2,THE_0279,I'll watch it but I have reservations. Fashion films are very of-their-moment. Anyone else feel this way?,Twitter/X,,2025-09-23,2025-09-23T11:57:00,166,45,18,39,9
Michael,MIC_0314,This is going to be emotionally overwhelming. I'm already not ready. Anyone else feel this way?,Twitter/X,,2025-10-02,2025-10-02T21:27:00,171,12,2,40,10
Michael,MIC_0145,This is a marketing and cultural experiment as much as it is a film. Can't wait.,YouTube comments,,2025-08-23,2025-08-23T13:32:00,151,28,1,34,8
The Devil Wears Prada 2,THE_0285,Can we talk about how perfectly aged this story is? The fashion industry critique hits differently now.,YouTube comments,,2025-09-01,2025-09-01T23:02:00,221,63,29,36,9
Michael,MIC_0061,I grew up listening to MJ. This film feels like a love letter to an entire generation. Real talk.,Reddit,r/MichaelJackson,2025-09-20,2025-09-20T06:29:00,232,27,6,38,9
Michael,MIC_0326,The marketing challenge for this film is one of the most complex in recent Hollywood history. Genuinely can't stop thinking about this.,TikTok comments,,2025-10-17,2025-10-17T05:58:00,205,28,23,42,10
The Devil Wears Prada 2,THE_0238,Not sure how they'll top the original. The bar is literally Meryl Streep at peak Meryl. Fight me.,Twitter/X,,2025-09-06,2025-09-06T15:38:00,255,64,4,36,9
The Devil Wears Prada 2,THE_0125,The pacing of the trailer felt a bit rushed. Hope the actual film breathes more. Anyone else feel this way?,Twitter/X,,2025-10-19,2025-10-19T21:15:00,208,16,27,42,10
The Devil Wears Prada 2,THE_0413,The writing needs to be sharp. Fashion satire works best when it's uncomfortable. Anyone else feel this way?,Reddit,r/Oscars,2025-10-03,2025-10-03T13:56:00,103,27,10,40,10
Michael,MIC_0159,The decision to cast his actual son is bold and beautiful. Can't imagine it going any other way. Can't wait.,TikTok comments,,2025-08-24,2025-08-24T15:27:00,216,83,12,34,8
The Devil Wears Prada 2,THE_0205,The original didn't need a sequel. Hope they don't ruin the legacy. Thoughts?,TikTok comments,,2025-10-14,2025-10-14T23:48:00,151,46,14,42,10
The Devil Wears Prada 2,THE_0346,The writing needs to be sharp. Fashion satire works best when it's uncomfortable. Anyone else feel this way?,TikTok comments,,2025-08-18,2025-08-18T10:07:00,375,99,8,34,8
The Devil Wears Prada 2,THE_0203,The aesthetic is immaculate. That first look at the editorial set made me gasp. Thoughts?,Instagram,,2025-10-04,2025-10-04T16:35:00,95,7,7,40,10
The Devil Wears Prada 2,THE_0372,The original didn't need a sequel. Hope they don't ruin the legacy. Genuinely can't stop thinking about this.,Twitter/X,,2025-08-18,2025-08-18T20:43:00,124,39,14,34,8
The Devil Wears Prada 2,THE_0066,Sequels to perfect movies almost never work. I'm cautiously optimistic but nervous. Thoughts?,Twitter/X,,2025-10-30,2025-10-30T06:04:00,210,27,22,44,10
The Devil Wears Prada 2,THE_0172,The nostalgia economy is real. Studios know exactly what they're doing with this IP. Fight me.,TikTok comments,,2025-09-25,2025-09-25T18:25:00,251,50,6,39,9
Michael,MIC_0378,"If they get the music and the movement right, this will be one of the most important biopics ever made. Fight me.",Instagram,,2025-10-29,2025-10-29T03:28:00,385,76,25,44,10
Michael,MIC_0154,The fan base will love it. Everyone else will have questions about editorial choices.,Instagram,,2025-10-19,2025-10-19T10:31:00,505,32,39,42,10
The Devil Wears Prada 2,THE_0410,Devil Wears Prada 2 is giving me everything I didn't know I needed. The casting looks *chef's kiss*. Genuinely can't stop thinking about this.,Reddit,r/movies,2025-08-17,2025-08-17T02:57:00,331,39,33,33,8
The Devil Wears Prada 2,THE_0404,Every fashion editor I know has already pre-booked opening weekend. Thoughts?,Twitter/X,,2025-09-22,2025-09-22T03:34:00,219,23,16,39,9
The Devil Wears Prada 2,THE_0146,I'm a fashion journalist and this movie is basically a love letter to our industry. Excited doesn't cover it. Can't wait.,TikTok comments,,2025-08-01,2025-08-01T08:54:00,294,29,40,31,8
The Devil Wears Prada 2,THE_0122,Devil Wears Prada 2 is giving me everything I didn't know I needed. The casting looks *chef's kiss*. Can't wait.,TikTok comments,,2025-08-13,2025-08-13T20:45:00,127,39,8,33,8
The Devil Wears Prada 2,THE_0087,Devil Wears Prada shaped my entire career path. This sequel feels personal. Real talk.,Twitter/X,,2025-10-10,2025-10-10T16:22:00,230,64,14,41,10
Michael,MIC_0383,The music catalog alone makes this a theatrical experience. Needs to be seen on IMAX. Hot take.,Instagram,,2025-10-29,2025-10-29T19:34:00,189,29,21,44,10
The Devil Wears Prada 2,THE_0448,The industry commentary in the original was years ahead of its time. Can't wait to see 2024 through that lens. Thoughts?,Reddit,r/boxoffice,2025-09-05,2025-09-05T16:29:00,137,25,7,36,9
The Devil Wears Prada 2,THE_0405,The original didn't need a sequel. Hope they don't ruin the legacy. Can't wait.,YouTube comments,,2025-08-12,2025-08-12T05:51:00,142,30,18,33,8
The Devil Wears Prada 2,THE_0107,Devil Wears Prada 2 is giving me everything I didn't know I needed. The casting looks *chef's kiss*. Hot take.,TikTok comments,,2025-10-05,2025-10-05T00:42:00,179,16,21,40,10
Michael,MIC_0053,The marketing challenge for this film is one of the most complex in recent Hollywood history.,Reddit,r/Music,2025-08-22,2025-08-22T02:48:00,160,55,20,34,8
Michael,MIC_0388,The decision to not address the allegations directly is a narrative choice with real consequences. Genuinely can't stop thinking about this.,Instagram,,2025-09-17,2025-09-17T11:28:00,158,31,2,38,9
The Devil Wears Prada 2,THE_0183,The original didn't need a sequel. Hope they don't ruin the legacy. Hot take.,TikTok comments,,2025-10-16,2025-10-16T01:50:00,146,28,8,42,10
The Devil Wears Prada 2,THE_0376,Anne Hathaway returning means this is going to be emotionally devastating. I'm prepared. Thoughts?,Twitter/X,,2025-09-06,2025-09-06T22:01:00,220,57,24,36,9
Michael,MIC_0037,The music catalog alone makes this a theatrical experience. Needs to be seen on IMAX.,TikTok comments,,2025-09-04,2025-09-04T19:38:00,47,13,4,36,9
The Devil Wears Prada 2,THE_0071,Some of the new casting choices are surprising. Trust the director but will reserve judgment. Fight me.,Twitter/X,,2025-10-15,2025-10-15T18:42:00,232,54,31,42,10
The Devil Wears Prada 2,THE_0193,Fashion Twitter is absolutely losing it. Rightfully so. Fight me.,YouTube comments,,2025-10-07,2025-10-07T13:10:00,301,44,19,41,10
The Devil Wears Prada 2,THE_0438,Box office tracking says this is projected to open at 60M+. Makes sense given the IP. Anyone else feel this way?,Reddit,r/femalefashionadvice,2025-10-24,2025-10-24T20:38:00,273,54,13,43,10
The Devil Wears Prada 2,THE_0297,The original is a masterpiece of corporate satire. Sequel has massive shoes to fill. Real talk.,YouTube comments,,2025-09-16,2025-09-16T16:56:00,103,28,5,38,9
Michael,MIC_0253,The sonic experience of this film is going to be unmatched. Pop history on screen.,Instagram,,2025-09-20,2025-09-20T19:47:00,364,123,40,38,9
Michael,MIC_0117,The marketing challenge for this film is one of the most complex in recent Hollywood history.,Instagram,,2025-08-10,2025-08-10T16:41:00,330,32,10,32,8
The Devil Wears Prada 2,THE_0231,This will be fascinating to analyze from an audience reception standpoint. Genuinely can't stop thinking about this.,Twitter/X,,2025-08-04,2025-08-04T15:56:00,254,63,24,32,8
Michael,MIC_0004,The decision to cast his actual son is bold and beautiful. Can't imagine it going any other way. Fight me.,Reddit,r/Music,2025-09-11,2025-09-11T08:46:00,433,67,49,37,9
Michael,MIC_0353,"Motown, Off the Wall, Thriller era all in one film? The scope is incredible. Fight me.",Instagram,,2025-08-10,2025-08-10T01:47:00,355,109,15,32,8
Michael,MIC_0164,The music catalog alone makes this a theatrical experience. Needs to be seen on IMAX. Anyone else feel this way?,Reddit,r/Music,2025-08-13,2025-08-13T14:47:00,296,41,37,33,8
Michael,MIC_0017,The runtime reportedly over 2.5 hours. They'll need every minute for this story. Genuinely can't stop thinking about this.,TikTok comments,,2025-09-08,2025-09-08T06:09:00,112,33,15,37,9
The Devil Wears Prada 2,THE_0290,The pacing of the trailer felt a bit rushed. Hope the actual film breathes more. Hot take.,YouTube comments,,2025-10-08,2025-10-08T15:15:00,121,12,7,41,10
The Devil Wears Prada 2,THE_0394,The fashion sequences look incredible. The plot remains to be seen.,Twitter/X,,2025-09-21,2025-09-21T02:56:00,96,31,14,38,9
The Devil Wears Prada 2,THE_0118,"The teaser just dropped and I'm already emotional. Fashion, power, and Meryl Streep. Anyone else feel this way?",Instagram,,2025-09-26,2025-09-26T03:33:00,239,39,5,39,9
Michael,MIC_0055,The estate controlling the narrative is a legitimate concern for journalistic integrity. Real talk.,Twitter/X,,2025-09-27,2025-09-27T02:54:00,334,70,40,39,9
The Devil Wears Prada 2,THE_0335,Sequels to perfect movies almost never work. I'm cautiously optimistic but nervous. Real talk.,Reddit,r/movies,2025-10-06,2025-10-06T17:37:00,113,15,9,41,10
The Devil Wears Prada 2,THE_0084,Not sure how they'll top the original. The bar is literally Meryl Streep at peak Meryl. Hot take.,Reddit,r/boxoffice,2025-09-15,2025-09-15T08:21:00,197,32,15,38,9
The Devil Wears Prada 2,THE_0041,The fashion sequences look incredible. The plot remains to be seen.,Reddit,r/boxoffice,2025-08-17,2025-08-17T20:16:00,139,20,1,33,8
Michael,MIC_0120,I want to love this but the controversy makes it complicated. Conflicted.,Twitter/X,,2025-08-18,2025-08-18T20:32:00,360,34,33,34,8
The Devil Wears Prada 2,THE_0295,I'm a fashion journalist and this movie is basically a love letter to our industry. Excited doesn't cover it. Hot take.,TikTok comments,,2025-08-16,2025-08-16T23:48:00,226,12,31,33,8
The Devil Wears Prada 2,THE_0369,The industry commentary in the original was years ahead of its time. Can't wait to see 2024 through that lens. Can't wait.,YouTube comments,,2025-08-28,2025-08-28T15:04:00,149,12,3,35,8
Michael,MIC_0057,I want to love this but the controversy makes it complicated. Conflicted.,Instagram,,2025-10-17,2025-10-17T19:40:00,170,8,3,42,10
The Devil Wears Prada 2,THE_0139,Devil Wears Prada 2 is giving me everything I didn't know I needed. The casting looks *chef's kiss*. Fight me.,TikTok comments,,2025-08-05,2025-08-05T09:31:00,138,26,4,32,8
Michael,MIC_0082,Michael Jackson's cultural impact is genuinely underrepresented in cinema. This is overdue. Anyone else feel this way?,Instagram,,2025-10-09,2025-10-09T17:25:00,159,51,5,41,10
The Devil Wears Prada 2,THE_0112,Meryl Streep in a sequel? She doesn't do sequels. This must be THAT good. Fight me.,TikTok comments,,2025-10-01,2025-10-01T15:15:00,176,52,11,40,10
Michael,MIC_0027,Celebrating MJ's artistry while ignoring the serious allegations feels irresponsible. Genuinely can't stop thinking about this.,Twitter/X,,2025-08-21,2025-08-21T15:50:00,270,86,24,34,8
Michael,MIC_0303,Music biopics have a very specific commercial formula. MJ is the ultimate subject. Anyone else feel this way?,YouTube comments,,2025-10-28,2025-10-28T18:27:00,221,16,8,44,10
The Devil Wears Prada 2,THE_0321,The original didn't need a sequel. Hope they don't ruin the legacy. Thoughts?,Instagram,,2025-08-02,2025-08-02T09:26:00,87,28,11,31,8
The Devil Wears Prada 2,THE_0115,The original is a masterpiece of corporate satire. Sequel has massive shoes to fill. Fight me.,Twitter/X,,2025-10-10,2025-10-10T17:24:00,128,30,7,41,10
The Devil Wears Prada 2,THE_0417,The pacing of the trailer felt a bit rushed. Hope the actual film breathes more. Genuinely can't stop thinking about this.,Reddit,r/boxoffice,2025-08-30,2025-08-30T05:06:00,121,21,11,35,8
The Devil Wears Prada 2,THE_0233,Devil Wears Prada 2 is giving me everything I didn't know I needed. The casting looks *chef's kiss*.,Twitter/X,,2025-09-13,2025-09-13T19:09:00,171,33,12,37,9
Michael,MIC_0415,If they include the full Thriller sequence I will cry in the theater. Not a question. Genuinely can't stop thinking about this.,YouTube comments,,2025-09-01,2025-09-01T00:07:00,189,41,20,36,9
Michael,MIC_0270,The music catalog alone makes this a theatrical experience. Needs to be seen on IMAX. Anyone else feel this way?,YouTube comments,,2025-08-12,2025-08-12T09:20:00,212,53,29,33,8
The Devil Wears Prada 2,THE_0434,Anne Hathaway returning means this is going to be emotionally devastating. I'm prepared. Thoughts?,Reddit,r/femalefashionadvice,2025-08-10,2025-08-10T17:57:00,400,144,13,32,8
The Devil Wears Prada 2,THE_0388,Can we talk about how perfectly aged this story is? The fashion industry critique hits differently now.,TikTok comments,,2025-09-03,2025-09-03T22:36:00,233,46,19,36,9
The Devil Wears Prada 2,THE_0363,The industry commentary in the original was years ahead of its time. Can't wait to see 2024 through that lens. Fight me.,TikTok comments,,2025-08-28,2025-08-28T13:52:00,268,19,22,35,8
The Devil Wears Prada 2,THE_0185,Fashion Twitter is absolutely losing it. Rightfully so. Anyone else feel this way?,TikTok comments,,2025-09-14,2025-09-14T09:41:00,295,74,8,37,9
The Devil Wears Prada 2,THE_0109,Every fashion editor I know has already pre-booked opening weekend.,Twitter/X,,2025-09-26,2025-09-26T22:31:00,166,40,23,39,9
Michael,MIC_0239,The fan base will love it. Everyone else will have questions about editorial choices. Real talk.,Twitter/X,,2025-10-20,2025-10-20T09:15:00,391,67,23,43,10
Michael,MIC_0000,Graham King producing means serious awards intentions here. Not just a cash grab. Thoughts?,Reddit,r/TrueFilm,2025-10-08,2025-10-08T11:56:00,160,13,8,41,10
Michael,MIC_0298,Celebrating MJ's artistry while ignoring the serious allegations feels irresponsible. Genuinely can't stop thinking about this.,YouTube comments,,2025-10-18,2025-10-18T08:58:00,270,35,11,42,10
Michael,MIC_0153,"Motown, Off the Wall, Thriller era all in one film? The scope is incredible. Can't wait.",Instagram,,2025-08-11,2025-08-11T21:42:00,96,10,2,33,8
Michael,MIC_0402,How this performs internationally will be fascinating. MJ's global brand is unprecedented. Genuinely can't stop thinking about this.,YouTube comments,,2025-10-13,2025-10-13T21:09:00,210,31,29,42,10
The Devil Wears Prada 2,THE_0375,Every fashion editor I know has already pre-booked opening weekend. Thoughts?,Instagram,,2025-09-10,2025-09-10T04:15:00,141,26,20,37,9
Michael,MIC_0036,The King of Pop on the big screen with full music rights. This is a historic moment for music cinema. Real talk.,YouTube comments,,2025-10-29,2025-10-29T04:13:00,143,13,6,44,10
Michael,MIC_0066,The estate controlling the narrative is a legitimate concern for journalistic integrity. Real talk.,Instagram,,2025-09-20,2025-09-20T10:18:00,285,83,12,38,9
The Devil Wears Prada 2,THE_0219,Box office tracking says this is projected to open at 60M+. Makes sense given the IP. Real talk.,Instagram,,2025-09-27,2025-09-27T06:39:00,164,23,7,39,9
Michael,MIC_0281,How this performs internationally will be fascinating. MJ's global brand is unprecedented. Fight me.,Instagram,,2025-09-22,2025-09-22T23:03:00,189,31,22,39,9
The Devil Wears Prada 2,THE_0004,Can we talk about how perfectly aged this story is? The fashion industry critique hits differently now. Hot take.,TikTok comments,,2025-09-28,2025-09-28T17:07:00,196,27,3,39,9
Michael,MIC_0100,How this performs internationally will be fascinating. MJ's global brand is unprecedented. Thoughts?,TikTok comments,,2025-10-14,2025-10-14T15:21:00,15,1,0,42,10
The Devil Wears Prada 2,THE_0175,The costume design alone justifies a ticket. Anna Wintour era aesthetic is peak cinema. Anyone else feel this way?,Twitter/X,,2025-10-17,2025-10-17T04:48:00,372,37,13,42,10
Michael,MIC_0385,The decision to not address the allegations directly is a narrative choice with real consequences.,Reddit,r/boxoffice,2025-09-16,2025-09-16T05:41:00,125,26,1,38,9
The Devil Wears Prada 2,THE_0196,The fashion sequences look incredible. The plot remains to be seen. Anyone else feel this way?,YouTube comments,,2025-09-27,2025-09-27T11:59:00,304,115,12,39,9
The Devil Wears Prada 2,THE_0222,This is the fashion girl movie of the decade. Period. Anyone else feel this way?,TikTok comments,,2025-08-18,2025-08-18T07:50:00,204,26,30,34,8
Michael,MIC_0091,The choreography in the trailer already looks stunning. They clearly invested in getting it right. Genuinely can't stop thinking about this.,Instagram,,2025-09-03,2025-09-03T13:24:00,393,98,16,36,9
The Devil Wears Prada 2,THE_0014,Not sure how they'll top the original. The bar is literally Meryl Streep at peak Meryl. Fight me.,Instagram,,2025-08-02,2025-08-02T21:46:00,143,55,18,31,8
Michael,MIC_0142,Michael Jackson's cultural impact is genuinely underrepresented in cinema. This is overdue. Anyone else feel this way?,Reddit,r/MichaelJackson,2025-08-12,2025-08-12T08:49:00,197,55,28,33,8
The Devil Wears Prada 2,THE_0101,The original is a masterpiece of corporate satire. Sequel has massive shoes to fill. Genuinely can't stop thinking about this.,YouTube comments,,2025-09-21,2025-09-21T08:32:00,385,82,20,38,9
The Devil Wears Prada 2,THE_0069,The fashion sequences look incredible. The plot remains to be seen. Real talk.,Instagram,,2025-08-29,2025-08-29T15:14:00,100,30,12,35,8
Michael,MIC_0133,I grew up listening to MJ. This film feels like a love letter to an entire generation. Real talk.,Instagram,,2025-10-12,2025-10-12T11:39:00,291,41,24,41,10
Michael,MIC_0067,Celebrating MJ's artistry while ignoring the serious allegations feels irresponsible. Anyone else feel this way?,Twitter/X,,2025-10-05,2025-10-05T09:53:00,157,40,21,40,10
The Devil Wears Prada 2,THE_0247,The fashion sequences look incredible. The plot remains to be seen.,Instagram,,2025-10-14,2025-10-14T18:14:00,195,27,19,42,10
Michael,MIC_0177,The marketing challenge for this film is one of the most complex in recent Hollywood history. Fight me.,Instagram,,2025-09-09,2025-09-09T11:30:00,117,27,11,37,9
Michael,MIC_0062,Biopic storytelling is hard. MJ's life is extraordinarily complex. Hoping they don't simplify. Can't wait.,TikTok comments,,2025-10-21,2025-10-21T21:37:00,365,114,6,43,10
The Devil Wears Prada 2,THE_0164,Every fashion editor I know has already pre-booked opening weekend. Thoughts?,Reddit,r/TrueFilm,2025-08-11,2025-08-11T08:28:00,294,92,4,33,8
Michael,MIC_0390,Leaving Neverland made it impossible for me to separate the art from the artist here. Thoughts?,Twitter/X,,2025-09-20,2025-09-20T05:18:00,225,80,5,38,9
Michael,MIC_0354,I grew up listening to MJ. This film feels like a love letter to an entire generation. Fight me.,Reddit,r/boxoffice,2025-10-29,2025-10-29T20:08:00,223,82,3,44,10
Michael,MIC_0391,This is a marketing and cultural experiment as much as it is a film. Thoughts?,Reddit,r/Music,2025-08-20,2025-08-20T06:33:00,160,14,4,34,8
The Devil Wears Prada 2,THE_0284,Fashion Twitter is absolutely losing it. Rightfully so. Real talk.,Instagram,,2025-08-31,2025-08-31T06:04:00,261,98,35,35,8
The Devil Wears Prada 2,THE_0149,Interesting that they're releasing this during awards season. Strategic positioning. Thoughts?,Reddit,r/boxoffice,2025-08-14,2025-08-14T14:32:00,176,56,14,33,8
The Devil Wears Prada 2,THE_0092,Hoping they address the toxic workplace dynamics more critically this time.,Instagram,,2025-08-24,2025-08-24T01:16:00,196,42,14,34,8
Michael,MIC_0341,The sonic experience of this film is going to be unmatched. Pop history on screen. Thoughts?,TikTok comments,,2025-08-08,2025-08-08T08:52:00,248,17,15,32,8
The Devil Wears Prada 2,THE_0359,Anne Hathaway returning means this is going to be emotionally devastating. I'm prepared. Thoughts?,Twitter/X,,2025-09-05,2025-09-05T20:08:00,220,71,30,36,9
Michael,MIC_0236,The runtime reportedly over 2.5 hours. They'll need every minute for this story. Hot take.,Reddit,r/movies,2025-08-30,2025-08-30T12:32:00,58,20,5,35,8
The Devil Wears Prada 2,THE_0189,Box office tracking says this is projected to open at 60M+. Makes sense given the IP. Can't wait.,Twitter/X,,2025-08-13,2025-08-13T16:49:00,250,26,12,33,8
The Devil Wears Prada 2,THE_0204,I've been waiting for this sequel for 15 years. Miranda Priestly is back and I am NOT ready. Real talk.,YouTube comments,,2025-09-02,2025-09-02T23:01:00,315,85,46,36,9
Michael,MIC_0151,Strong performance from Jaafar but the script carries all the risk. Anyone else feel this way?,YouTube comments,,2025-09-04,2025-09-04T05:47:00,196,34,26,36,9
The Devil Wears Prada 2,THE_0210,Can we talk about how perfectly aged this story is? The fashion industry critique hits differently now. Hot take.,YouTube comments,,2025-09-19,2025-09-19T10:11:00,249,47,17,38,9
Michael,MIC_0166,I want to love this but the controversy makes it complicated. Conflicted. Thoughts?,TikTok comments,,2025-10-13,2025-10-13T18:41:00,421,121,39,42,10
The Devil Wears Prada 2,THE_0126,Box office tracking says this is projected to open at 60M+. Makes sense given the IP. Anyone else feel this way?,Twitter/X,,2025-10-25,2025-10-25T00:57:00,271,74,20,43,10
Michael,MIC_0393,I want to love this but the controversy makes it complicated. Conflicted. Fight me.,Reddit,r/MichaelJackson,2025-08-30,2025-08-30T16:41:00,200,14,26,35,8
The Devil Wears Prada 2,THE_0010,Anne Hathaway returning means this is going to be emotionally devastating. I'm prepared. Thoughts?,Twitter/X,,2025-09-10,2025-09-10T06:41:00,188,71,24,37,9
Michael,MIC_0233,Music biopics have a very specific commercial formula. MJ is the ultimate subject. Genuinely can't stop thinking about this.,Instagram,,2025-10-28,2025-10-28T22:42:00,75,20,11,44,10
Michael,MIC_0399,The decision to cast his actual son is bold and beautiful. Can't imagine it going any other way. Hot take.,Twitter/X,,2025-09-10,2025-09-10T11:09:00,246,60,3,37,9
The Devil Wears Prada 2,THE_0067,I'll watch it but I have reservations. Fashion films are very of-their-moment. Real talk.,TikTok comments,,2025-09-23,2025-09-23T12:57:00,242,51,4,39,9
The Devil Wears Prada 2,THE_0044,The fashion sequences look incredible. The plot remains to be seen.,TikTok comments,,2025-09-15,2025-09-15T17:56:00,212,61,21,38,9
The Devil Wears Prada 2,THE_0259,The costume design alone justifies a ticket. Anna Wintour era aesthetic is peak cinema. Can't wait.,Reddit,r/movies,2025-10-27,2025-10-27T04:00:00,157,25,11,44,10
Michael,MIC_0339,The estate controlling the narrative is a legitimate concern for journalistic integrity. Anyone else feel this way?,Reddit,r/Music,2025-08-10,2025-08-10T20:29:00,116,17,11,32,8
Michael,MIC_0030,Michael Jackson's story deserves to be told with this level of care. The trailer gave me chills.,Twitter/X,,2025-08-17,2025-08-17T03:24:00,318,93,18,33,8
The Devil Wears Prada 2,THE_0060,Every fashion editor I know has already pre-booked opening weekend. Thoughts?,YouTube comments,,2025-10-29,2025-10-29T12:31:00,116,41,10,44,10
Michael,MIC_0157,The estate controlling the narrative is a legitimate concern for journalistic integrity. Anyone else feel this way?,YouTube comments,,2025-10-28,2025-10-28T00:00:00,318,93,23,44,10
Michael,MIC_0075,If they include the full Thriller sequence I will cry in the theater. Not a question.,YouTube comments,,2025-10-27,2025-10-27T10:35:00,125,24,15,44,10
Michael,MIC_0225,The fan base will love it. Everyone else will have questions about editorial choices.,Instagram,,2025-09-25,2025-09-25T22:08:00,51,7,3,39,9
The Devil Wears Prada 2,THE_0033,Devil Wears Prada 2 is giving me everything I didn't know I needed. The casting looks *chef's kiss*. Anyone else feel this way?,Reddit,r/Oscars,2025-08-16,2025-08-16T18:15:00,328,93,14,33,8
The Devil Wears Prada 2,THE_0110,Can we talk about how perfectly aged this story is? The fashion industry critique hits differently now.,Instagram,,2025-10-10,2025-10-10T00:35:00,50,6,1,41,10
The Devil Wears Prada 2,THE_0201,The nostalgia economy is real. Studios know exactly what they're doing with this IP. Fight me.,Reddit,r/movies,2025-08-03,2025-08-03T20:32:00,235,86,21,31,8
The Devil Wears Prada 2,THE_0043,Meryl Streep in a sequel? She doesn't do sequels. This must be THAT good.,TikTok comments,,2025-08-06,2025-08-06T09:23:00,115,27,8,32,8
The Devil Wears Prada 2,THE_0441,Not sure how they'll top the original. The bar is literally Meryl Streep at peak Meryl. Anyone else feel this way?,TikTok comments,,2025-08-06,2025-08-06T08:28:00,365,66,13,32,8
Michael,MIC_0045,I grew up listening to MJ. This film feels like a love letter to an entire generation. Anyone else feel this way?,TikTok comments,,2025-09-04,2025-09-04T23:05:00,62,22,8,36,9
The Devil Wears Prada 2,THE_0019,Devil Wears Prada shaped my entire career path. This sequel feels personal. Thoughts?,Reddit,r/boxoffice,2025-08-17,2025-08-17T04:42:00,308,22,35,33,8
The Devil Wears Prada 2,THE_0079,This is the fashion girl movie of the decade. Period. Genuinely can't stop thinking about this.,Instagram,,2025-08-06,2025-08-06T11:34:00,327,30,48,32,8
The Devil Wears Prada 2,THE_0114,Every fashion editor I know has already pre-booked opening weekend. Real talk.,TikTok comments,,2025-08-01,2025-08-01T09:46:00,361,117,17,31,8
Michael,MIC_0352,The fan base will love it. Everyone else will have questions about editorial choices. Fight me.,Reddit,r/movies,2025-08-06,2025-08-06T12:07:00,101,7,12,32,8
The Devil Wears Prada 2,THE_0435,Devil Wears Prada 2 is giving me everything I didn't know I needed. The casting looks *chef's kiss*. Hot take.,Instagram,,2025-09-25,2025-09-25T20:10:00,118,42,12,39,9
The Devil Wears Prada 2,THE_0080,I'll watch it but I have reservations. Fashion films are very of-their-moment. Hot take.,Reddit,r/Oscars,2025-10-02,2025-10-02T03:27:00,251,42,32,40,10
The Devil Wears Prada 2,THE_0133,Devil Wears Prada 2 is giving me everything I didn't know I needed. The casting looks *chef's kiss*. Genuinely can't stop thinking about this.,TikTok comments,,2025-10-09,2025-10-09T11:33:00,69,13,2,41,10
The Devil Wears Prada 2,THE_0214,The writing needs to be sharp. Fashion satire works best when it's uncomfortable.,TikTok comments,,2025-08-08,2025-08-08T02:42:00,47,18,2,32,8
The Devil Wears Prada 2,THE_0128,The costume design alone justifies a ticket. Anna Wintour era aesthetic is peak cinema. Real talk.,TikTok comments,,2025-09-19,2025-09-19T15:06:00,133,45,5,38,9
The Devil Wears Prada 2,THE_0314,Hoping they address the toxic workplace dynamics more critically this time. Real talk.,Instagram,,2025-10-28,2025-10-28T23:05:00,215,39,24,44,10
The Devil Wears Prada 2,THE_0232,The costume design alone justifies a ticket. Anna Wintour era aesthetic is peak cinema. Genuinely can't stop thinking about this.,TikTok comments,,2025-09-21,2025-09-21T09:29:00,98,13,12,38,9
Michael,MIC_0395,The music catalog alone makes this a theatrical experience. Needs to be seen on IMAX. Fight me.,YouTube comments,,2025-09-09,2025-09-09T05:50:00,173,42,23,37,9
The Devil Wears Prada 2,THE_0145,The pacing of the trailer felt a bit rushed. Hope the actual film breathes more. Hot take.,Twitter/X,,2025-10-10,2025-10-10T06:37:00,189,61,7,41,10
Michael,MIC_0260,The decision to cast his actual son is bold and beautiful. Can't imagine it going any other way. Hot take.,Twitter/X,,2025-10-30,2025-10-30T14:40:00,199,61,4,44,10
The Devil Wears Prada 2,THE_0131,Box office tracking says this is projected to open at 60M+. Makes sense given the IP. Genuinely can't stop thinking about this.,Twitter/X,,2025-08-25,2025-08-25T19:16:00,203,67,8,35,8
The Devil Wears Prada 2,THE_0227,The original is a masterpiece of corporate satire. Sequel has massive shoes to fill. Anyone else feel this way?,Twitter/X,,2025-10-06,2025-10-06T09:54:00,103,38,4,41,10
The Devil Wears Prada 2,THE_0121,The demographic skew toward 25-45 women is very clear in the marketing. Smart targeting. Real talk.,TikTok comments,,2025-10-09,2025-10-09T01:39:00,172,51,20,41,10
Michael,MIC_0312,I want to love this but the controversy makes it complicated. Conflicted. Real talk.,TikTok comments,,2025-10-09,2025-10-09T06:42:00,255,46,16,41,10
The Devil Wears Prada 2,THE_0029,Box office tracking says this is projected to open at 60M+. Makes sense given the IP. Fight me.,Twitter/X,,2025-09-18,2025-09-18T00:24:00,296,56,5,38,9
The Devil Wears Prada 2,THE_0311,Interesting that they're releasing this during awards season. Strategic positioning.,Twitter/X,,2025-10-12,2025-10-12T15:17:00,410,149,43,41,10
Michael,MIC_0276,Michael Jackson's story deserves to be told with this level of care. The trailer gave me chills. Thoughts?,Reddit,r/boxoffice,2025-08-27,2025-08-27T19:26:00,251,82,28,35,8
The Devil Wears Prada 2,THE_0176,Every fashion editor I know has already pre-booked opening weekend. Thoughts?,Twitter/X,,2025-10-12,2025-10-12T18:28:00,161,43,12,41,10
The Devil Wears Prada 2,THE_0350,The original didn't need a sequel. Hope they don't ruin the legacy.,YouTube comments,,2025-10-11,2025-10-11T16:41:00,274,32,17,41,10
Michael,MIC_0331,This is going to be emotionally overwhelming. I'm already not ready. Fight me.,Instagram,,2025-09-30,2025-09-30T08:09:00,139,25,15,40,9
Michael,MIC_0085,Celebrating MJ's artistry while ignoring the serious allegations feels irresponsible. Can't wait.,Instagram,,2025-10-27,2025-10-27T10:24:00,295,78,42,44,10
Michael,MIC_0161,Graham King producing means serious awards intentions here. Not just a cash grab. Can't wait.,Reddit,r/MichaelJackson,2025-09-18,2025-09-18T06:09:00,204,27,14,38,9
Michael,MIC_0002,The estate controlling the narrative is a legitimate concern for journalistic integrity. Anyone else feel this way?,Instagram,,2025-09-20,2025-09-20T10:44:00,133,38,8,38,9
The Devil Wears Prada 2,THE_0142,Box office tracking says this is projected to open at 60M+. Makes sense given the IP. Real talk.,TikTok comments,,2025-09-26,2025-09-26T07:54:00,150,43,6,39,9
Michael,MIC_0394,Can't ignore the documentary accusations. This film feels like reputation rehabilitation. Real talk.,Instagram,,2025-10-02,2025-10-02T18:42:00,162,45,19,40,10
Michael,MIC_0257,Strong performance from Jaafar but the script carries all the risk.,Instagram,,2025-09-27,2025-09-27T02:46:00,350,34,44,39,9
The Devil Wears Prada 2,THE_0319,Sequels to perfect movies almost never work. I'm cautiously optimistic but nervous. Hot take.,Reddit,r/movies,2025-09-04,2025-09-04T03:08:00,135,51,9,36,9
The Devil Wears Prada 2,THE_0356,The pacing of the trailer felt a bit rushed. Hope the actual film breathes more. Can't wait.,Twitter/X,,2025-10-30,2025-10-30T19:40:00,273,84,29,44,10
Michael,MIC_0041,The fan base will love it. Everyone else will have questions about editorial choices. Hot take.,Twitter/X,,2025-08-15,2025-08-15T18:42:00,233,12,5,33,8
The Devil Wears Prada 2,THE_0017,The costume design alone justifies a ticket. Anna Wintour era aesthetic is peak cinema. Can't wait.,Twitter/X,,2025-10-07,2025-10-07T00:38:00,117,37,10,41,10
The Devil Wears Prada 2,THE_0134,Interesting that they're releasing this during awards season. Strategic positioning. Genuinely can't stop thinking about this.,Twitter/X,,2025-09-07,2025-09-07T23:55:00,170,62,24,36,9
The Devil Wears Prada 2,THE_0119,Good trailer. Not great. But the bar for the actual film is set correctly. Fight me.,Reddit,r/TrueFilm,2025-08-10,2025-08-10T15:50:00,132,46,19,32,8
Michael,MIC_0416,The sonic experience of this film is going to be unmatched. Pop history on screen. Genuinely can't stop thinking about this.,YouTube comments,,2025-10-01,2025-10-01T18:27:00,232,60,14,40,10
Michael,MIC_0021,This is going to be emotionally overwhelming. I'm already not ready. Anyone else feel this way?,Instagram,,2025-09-03,2025-09-03T23:51:00,243,37,18,36,9
The Devil Wears Prada 2,THE_0427,The original is a masterpiece of corporate satire. Sequel has massive shoes to fill. Anyone else feel this way?,Twitter/X,,2025-10-13,2025-10-13T12:54:00,109,5,11,42,10
The Devil Wears Prada 2,THE_0116,The writing needs to be sharp. Fashion satire works best when it's uncomfortable. Hot take.,Twitter/X,,2025-09-22,2025-09-22T01:20:00,146,19,9,39,9
Michael,MIC_0324,Graham King producing means serious awards intentions here. Not just a cash grab. Genuinely can't stop thinking about this.,Reddit,r/boxoffice,2025-09-07,2025-09-07T23:39:00,144,15,2,36,9
Michael,MIC_0269,Strong performance from Jaafar but the script carries all the risk. Thoughts?,Reddit,r/movies,2025-09-06,2025-09-06T19:42:00,184,73,5,36,9
Michael,MIC_0114,"If they get the music and the movement right, this will be one of the most important biopics ever made.",TikTok comments,,2025-09-05,2025-09-05T23:16:00,266,78,22,36,9
Michael,MIC_0279,Michael Jackson's story deserves to be told with this level of care. The trailer gave me chills. Thoughts?,TikTok comments,,2025-08-04,2025-08-04T05:12:00,266,50,23,32,8
Michael,MIC_0094,Every music lover owes it to themselves to experience this in a theater. Genuinely can't stop thinking about this.,Instagram,,2025-09-18,2025-09-18T12:52:00,230,34,32,38,9
Michael,MIC_0088,This is a marketing and cultural experiment as much as it is a film. Thoughts?,Twitter/X,,2025-10-20,2025-10-20T02:13:00,294,94,24,43,10
Michael,MIC_0256,Celebrating MJ's artistry while ignoring the serious allegations feels irresponsible. Real talk.,TikTok comments,,2025-09-24,2025-09-24T09:39:00,293,99,21,39,9
Michael,MIC_0178,Music biopics have a very specific commercial formula. MJ is the ultimate subject. Can't wait.,Reddit,r/boxoffice,2025-09-08,2025-09-08T00:00:00,282,50,13,37,9
Michael,MIC_0122,How this performs internationally will be fascinating. MJ's global brand is unprecedented.,TikTok comments,,2025-09-30,2025-09-30T15:10:00,277,22,20,40,9
Michael,MIC_0364,Michael Jackson's story deserves to be told with this level of care. The trailer gave me chills. Can't wait.,Twitter/X,,2025-10-19,2025-10-19T11:55:00,311,122,45,42,10
The Devil Wears Prada 2,THE_0192,The original is a masterpiece of corporate satire. Sequel has massive shoes to fill. Fight me.,Twitter/X,,2025-09-30,2025-09-30T06:23:00,165,22,23,40,9
The Devil Wears Prada 2,THE_0226,Meryl Streep in a sequel? She doesn't do sequels. This must be THAT good. Anyone else feel this way?,Twitter/X,,2025-08-16,2025-08-16T16:09:00,138,31,18,33,8
Michael,MIC_0065,Graham King producing means serious awards intentions here. Not just a cash grab. Anyone else feel this way?,Twitter/X,,2025-09-11,2025-09-11T16:56:00,116,21,10,37,9
The Devil Wears Prada 2,THE_0158,The original is a masterpiece of corporate satire. Sequel has massive shoes to fill. Genuinely can't stop thinking about this.,TikTok comments,,2025-10-24,2025-10-24T15:14:00,249,62,9,43,10
The Devil Wears Prada 2,THE_0223,Box office tracking says this is projected to open at 60M+. Makes sense given the IP.,TikTok comments,,2025-10-10,2025-10-10T04:39:00,77,19,5,41,10
The Devil Wears Prada 2,THE_0104,Anne Hathaway returning means this is going to be emotionally devastating. I'm prepared.,Twitter/X,,2025-09-05,2025-09-05T05:37:00,265,61,19,36,9
The Devil Wears Prada 2,THE_0166,I'll watch it but I have reservations. Fashion films are very of-their-moment. Thoughts?,TikTok comments,,2025-10-25,2025-10-25T09:02:00,134,38,10,43,10
The Devil Wears Prada 2,THE_0348,This will be fascinating to analyze from an audience reception standpoint. Real talk.,YouTube comments,,2025-10-22,2025-10-22T05:35:00,146,32,12,43,10
The Devil Wears Prada 2,THE_0421,This will be fascinating to analyze from an audience reception standpoint. Can't wait.,YouTube comments,,2025-08-12,2025-08-12T01:14:00,194,30,15,33,8
Michael,MIC_0046,Leaving Neverland made it impossible for me to separate the art from the artist here. Hot take.,Twitter/X,,2025-09-04,2025-09-04T12:44:00,186,35,26,36,9
Michael,MIC_0347,Michael Jackson's story deserves to be told with this level of care. The trailer gave me chills. Real talk.,YouTube comments,,2025-09-15,2025-09-15T10:43:00,96,23,13,38,9
The Devil Wears Prada 2,THE_0381,"The teaser just dropped and I'm already emotional. Fashion, power, and Meryl Streep.",YouTube comments,,2025-09-23,2025-09-23T13:44:00,197,29,21,39,9
The Devil Wears Prada 2,THE_0288,The fashion sequences look incredible. The plot remains to be seen. Anyone else feel this way?,Instagram,,2025-10-11,2025-10-11T18:56:00,254,49,12,41,10
Michael,MIC_0080,Strong performance from Jaafar but the script carries all the risk. Anyone else feel this way?,Reddit,r/Music,2025-10-20,2025-10-20T19:53:00,32,5,0,43,10
The Devil Wears Prada 2,THE_0140,Can we talk about how perfectly aged this story is? The fashion industry critique hits differently now. Thoughts?,Twitter/X,,2025-09-17,2025-09-17T21:47:00,300,71,19,38,9
The Devil Wears Prada 2,THE_0013,Devil Wears Prada 2 is giving me everything I didn't know I needed. The casting looks *chef's kiss*.,Reddit,r/TrueFilm,2025-10-16,2025-10-16T02:24:00,235,24,24,42,10
The Devil Wears Prada 2,THE_0147,Meryl Streep in a sequel? She doesn't do sequels. This must be THAT good. Anyone else feel this way?,Instagram,,2025-08-04,2025-08-04T04:00:00,158,52,4,32,8
The Devil Wears Prada 2,THE_0360,This is the fashion girl movie of the decade. Period. Anyone else feel this way?,Twitter/X,,2025-10-26,2025-10-26T12:31:00,119,35,14,43,10
Michael,MIC_0143,The estate controlling the narrative is a legitimate concern for journalistic integrity. Hot take.,YouTube comments,,2025-10-30,2025-10-30T02:58:00,96,24,7,44,10
Michael,MIC_0097,Music biopics have a very specific commercial formula. MJ is the ultimate subject. Anyone else feel this way?,Reddit,r/movies,2025-10-10,2025-10-10T02:19:00,305,76,19,41,10
The Devil Wears Prada 2,THE_0098,This is the fashion girl movie of the decade. Period. Fight me.,TikTok comments,,2025-10-29,2025-10-29T14:04:00,238,31,25,44,10
The Devil Wears Prada 2,THE_0371,I'll watch it but I have reservations. Fashion films are very of-their-moment. Anyone else feel this way?,YouTube comments,,2025-08-14,2025-08-14T03:20:00,229,29,5,33,8
Michael,MIC_0254,Graham King producing means serious awards intentions here. Not just a cash grab.,Instagram,,2025-08-06,2025-08-06T07:33:00,213,44,26,32,8
Michael,MIC_0264,The choreography in the trailer already looks stunning. They clearly invested in getting it right. Thoughts?,Twitter/X,,2025-09-02,2025-09-02T00:29:00,255,30,24,36,9
Michael,MIC_0401,The fan base will love it. Everyone else will have questions about editorial choices. Anyone else feel this way?,YouTube comments,,2025-10-09,2025-10-09T16:21:00,304,49,3,41,10
The Devil Wears Prada 2,THE_0277,The pacing of the trailer felt a bit rushed. Hope the actual film breathes more. Genuinely can't stop thinking about this.,Reddit,r/boxoffice,2025-10-14,2025-10-14T02:02:00,174,58,19,42,10
The Devil Wears Prada 2,THE_0308,The original didn't need a sequel. Hope they don't ruin the legacy. Genuinely can't stop thinking about this.,YouTube comments,,2025-10-12,2025-10-12T07:44:00,317,57,21,41,10
Michael,MIC_0369,The decision to not address the allegations directly is a narrative choice with real consequences. Can't wait.,YouTube comments,,2025-10-26,2025-10-26T10:14:00,111,28,7,43,10
Michael,MIC_0251,The decision to cast his actual son is bold and beautiful. Can't imagine it going any other way. Real talk.,Twitter/X,,2025-08-27,2025-08-27T02:11:00,162,46,6,35,8
Michael,MIC_0396,The decision to cast his actual son is bold and beautiful. Can't imagine it going any other way. Can't wait.,YouTube comments,,2025-08-07,2025-08-07T04:22:00,114,44,13,32,8
The Devil Wears Prada 2,THE_0323,Not sure how they'll top the original. The bar is literally Meryl Streep at peak Meryl. Anyone else feel this way?,Twitter/X,,2025-08-09,2025-08-09T05:27:00,135,20,10,32,8
The Devil Wears Prada 2,THE_0330,This is the fashion girl movie of the decade. Period. Can't wait.,YouTube comments,,2025-09-22,2025-09-22T21:31:00,205,31,21,39,9
Michael,MIC_0106,The decision to cast his actual son is bold and beautiful. Can't imagine it going any other way. Anyone else feel this way?,Instagram,,2025-08-10,2025-08-10T23:04:00,286,40,38,32,8
The Devil Wears Prada 2,THE_0171,This will be fascinating to analyze from an audience reception standpoint. Real talk.,YouTube comments,,2025-09-11,2025-09-11T05:51:00,155,13,2,37,9
Michael,MIC_0320,The box office upside here is massive if they can navigate the controversy cleanly. Thoughts?,Instagram,,2025-10-20,2025-10-20T23:42:00,377,99,16,43,10
Michael,MIC_0163,Music biopics have a very specific commercial formula. MJ is the ultimate subject. Hot take.,YouTube comments,,2025-08-07,2025-08-07T12:06:00,169,23,22,32,8
The Devil Wears Prada 2,THE_0096,The nostalgia economy is real. Studios know exactly what they're doing with this IP.,Instagram,,2025-10-20,2025-10-20T06:16:00,116,9,13,43,10
Michael,MIC_0333,This is a marketing and cultural experiment as much as it is a film.,Reddit,r/TrueFilm,2025-10-18,2025-10-18T20:54:00,172,29,22,42,10
The Devil Wears Prada 2,THE_0187,The pacing of the trailer felt a bit rushed. Hope the actual film breathes more. Hot take.,Twitter/X,,2025-10-27,2025-10-27T16:05:00,96,28,13,44,10
Michael,MIC_0193,The decision to cast his actual son is bold and beautiful. Can't imagine it going any other way. Thoughts?,YouTube comments,,2025-10-14,2025-10-14T22:30:00,337,45,49,42,10
Michael,MIC_0334,The decision to cast his actual son is bold and beautiful. Can't imagine it going any other way. Hot take.,TikTok comments,,2025-10-14,2025-10-14T12:29:00,98,32,4,42,10
The Devil Wears Prada 2,THE_0198,I've been waiting for this sequel for 15 years. Miranda Priestly is back and I am NOT ready. Hot take.,Reddit,r/femalefashionadvice,2025-09-30,2025-09-30T22:53:00,417,42,6,40,9
Michael,MIC_0076,"If they get the music and the movement right, this will be one of the most important biopics ever made.",TikTok comments,,2025-09-26,2025-09-26T07:58:00,250,66,29,39,9
The Devil Wears Prada 2,THE_0078,Good trailer. Not great. But the bar for the actual film is set correctly. Real talk.,YouTube comments,,2025-10-20,2025-10-20T07:06:00,114,13,10,43,10
Michael,MIC_0204,"If they get the music and the movement right, this will be one of the most important biopics ever made. Anyone else feel this way?",Twitter/X,,2025-08-25,2025-08-25T03:02:00,210,12,5,35,8
Michael,MIC_0092,Celebrating MJ's artistry while ignoring the serious allegations feels irresponsible. Real talk.,YouTube comments,,2025-10-08,2025-10-08T00:41:00,204,11,21,41,10
The Devil Wears Prada 2,THE_0298,Box office tracking says this is projected to open at 60M+. Makes sense given the IP. Fight me.,Reddit,r/boxoffice,2025-09-17,2025-09-17T10:26:00,155,53,21,38,9
