movie,post_id,platform,date,text,sentiment_label,vader_compound,engagement_score,likes,comments,shares,cluster_label,hype_signal_count,concern_signal_count
Michael,MIC_0297,Instagram,2025-10-29,Strong performance from Jaafar but the script carries all the risk. Fight me.,negative,-0.5994,6.637258031284457,485,40,59,Legacy Believers,0.0,0.0
Michael,MIC_0363,YouTube comments,2025-09-08,The marketing challenge for this film is one of the most complex in recent Hollywood history. Anyone else feel this way?,positive,0.0772,6.206575926724928,222,84,21,Legacy Believers,0.0,0.0
Michael,MIC_0190,Instagram,2025-10-27,"Beat It, Billie Jean, Man in the Mirror — on a cinema screen with surround sound. Come on. Thoughts?",neutral,0.0,5.803627809625917,150,59,11,Legacy Believers,0.0,0.0
Michael,MIC_0201,Twitter/X,2025-10-19,How this performs internationally will be fascinating. MJ's global brand is unprecedented. Real talk.,positive,0.5423,5.698769932832657,195,11,25,Legacy Believers,0.0,0.0
Michael,MIC_0214,YouTube comments,2025-09-16,Graham King producing means serious awards intentions here. Not just a cash grab. Can't wait.,positive,0.4019,6.364750756851911,298,72,34,Legacy Believers,1.0,0.0
Michael,MIC_0086,YouTube comments,2025-10-06,Strong performance from Jaafar but the script carries all the risk. Thoughts?,negative,-0.128,5.300814246746624,117,27,5,Legacy Believers,0.0,0.0
Michael,MIC_0033,YouTube comments,2025-08-17,"Motown, Off the Wall, Thriller era all in one film? The scope is incredible. Anyone else feel this way?",positive,0.1027,6.451259999761194,384,49,42,Legacy Believers,1.0,0.0
Michael,MIC_0273,YouTube comments,2025-10-30,The King of Pop on the big screen with full music rights. This is a historic moment for music cinema. Thoughts?,neutral,0.0,6.268148865350222,247,71,34,Legacy Believers,1.0,0.0
Michael,MIC_0081,YouTube comments,2025-10-30,If they include the full Thriller sequence I will cry in the theater. Not a question. Genuinely can't stop thinking about this.,negative,-0.2052,4.890349128221754,75,18,4,Legacy Believers,0.0,0.0
Michael,MIC_0136,Twitter/X,2025-08-13,The runtime reportedly over 2.5 hours. They'll need every minute for this story. Thoughts?,neutral,0.0,5.583496308781699,119,38,17,Legacy Believers,0.0,0.0
Michael,MIC_0328,TikTok comments,2025-08-20,The choreography in the trailer already looks stunning. They clearly invested in getting it right.,positive,0.6486,6.229496710915942,226,87,21,Legacy Believers,2.0,0.0
Michael,MIC_0101,Twitter/X,2025-08-25,Leaving Neverland made it impossible for me to separate the art from the artist here. Anyone else feel this way?,neutral,0.0,6.137727054086234,324,48,6,Legacy Believers,0.0,0.0
Michael,MIC_0019,YouTube comments,2025-10-30,This is going to be emotionally overwhelming. I'm already not ready. Genuinely can't stop thinking about this.,negative,-0.0572,5.2284312390838705,125,23,1,Legacy Believers,3.0,0.0
Michael,MIC_0406,Reddit,2025-10-17,Watching Jaafar Jackson embody his father is genuinely moving. The resemblance is uncanny. Fight me.,negative,-0.3818,5.654242029096065,197,23,10,Legacy Believers,0.0,0.0
Michael,MIC_0413,Instagram,2025-08-29,Biopic storytelling is hard. MJ's life is extraordinarily complex. Hoping they don't simplify. Genuinely can't stop thinking about this.,positive,0.5086,5.870708345972182,188,41,21,Legacy Believers,0.0,0.0
Michael,MIC_0203,TikTok comments,2025-10-06,The marketing challenge for this film is one of the most complex in recent Hollywood history. Genuinely can't stop thinking about this.,positive,0.2933,5.422744944923089,129,35,3,Legacy Believers,0.0,0.0
Michael,MIC_0025,Reddit,2025-10-12,This is going to be emotionally overwhelming. I'm already not ready. Real talk.,negative,-0.2755,6.275703197782002,246,97,14,Legacy Believers,3.0,0.0
Michael,MIC_0140,Instagram,2025-10-21,The box office upside here is massive if they can navigate the controversy cleanly. Genuinely can't stop thinking about this.,positive,0.2235,6.80903930604298,391,148,48,Legacy Believers,0.0,0.0
Michael,MIC_0063,YouTube comments,2025-10-03,The King of Pop on the big screen with full music rights. This is a historic moment for music cinema. Fight me.,negative,-0.3818,5.754158681981268,168,43,13,Legacy Believers,1.0,0.0
Michael,MIC_0240,Reddit,2025-08-04,The box office upside here is massive if they can navigate the controversy cleanly. Genuinely can't stop thinking about this.,positive,0.2235,5.850764665004847,183,33,27,Legacy Believers,0.0,0.0
Michael,MIC_0344,Reddit,2025-09-27,Celebrating MJ's artistry while ignoring the serious allegations feels irresponsible. Genuinely can't stop thinking about this.,negative,-0.0803,5.831882477283517,225,16,25,Critical Observers,0.0,2.0
Michael,MIC_0026,Reddit,2025-10-21,Can't ignore the documentary accusations. This film feels like reputation rehabilitation. Anyone else feel this way?,positive,0.3204,5.607638614103299,154,41,5,Legacy Believers,0.0,1.0
Michael,MIC_0268,Reddit,2025-10-17,"If they get the music and the movement right, this will be one of the most important biopics ever made. Hot take.",positive,0.2716,6.2422232654551655,362,22,32,Legacy Believers,0.0,0.0
Michael,MIC_0405,Instagram,2025-09-05,Can't ignore the documentary accusations. This film feels like reputation rehabilitation.,positive,0.3204,5.01396308418893,98,11,8,Legacy Believers,0.0,1.0
Michael,MIC_0012,TikTok comments,2025-10-27,If they include the full Thriller sequence I will cry in the theater. Not a question. Can't wait.,negative,-0.4019,4.394449154672439,55,10,0,Legacy Believers,1.0,0.0
Michael,MIC_0217,Reddit,2025-09-16,Music biopics have a very specific commercial formula. MJ is the ultimate subject. Anyone else feel this way?,neutral,0.0,5.126935749792416,111,19,3,Legacy Believers,0.0,0.0
Michael,MIC_0112,TikTok comments,2025-08-09,"Beat It, Billie Jean, Man in the Mirror — on a cinema screen with surround sound. Come on. Fight me.",negative,-0.3818,5.846438775057725,224,28,17,Legacy Believers,0.0,0.0
Michael,MIC_0150,Twitter/X,2025-09-13,The music catalog alone makes this a theatrical experience. Needs to be seen on IMAX. Genuinely can't stop thinking about this.,neutral,-0.0289,5.4638318050256105,157,12,16,Legacy Believers,0.0,0.0
Michael,MIC_0090,Twitter/X,2025-08-12,I want to love this but the controversy makes it complicated. Conflicted. Thoughts?,positive,0.4118,5.98770749823027,236,49,13,Music Enthusiasts,0.0,2.0
Michael,MIC_0023,TikTok comments,2025-08-16,The decision to not address the allegations directly is a narrative choice with real consequences. Hot take.,neutral,0.0,5.1328529268205045,93,23,6,Legacy Believers,0.0,1.0
Michael,MIC_0288,Instagram,2025-08-13,Strong performance from Jaafar but the script carries all the risk. Fight me.,negative,-0.5994,5.884714177161102,191,61,5,Legacy Believers,0.0,0.0
Michael,MIC_0125,YouTube comments,2025-10-04,Michael Jackson's cultural impact is genuinely underrepresented in cinema. This is overdue. Real talk.,neutral,0.0,4.448516375942715,66,5,2,Legacy Believers,0.0,0.0
Michael,MIC_0255,Reddit,2025-08-07,Music biopics have a very specific commercial formula. MJ is the ultimate subject. Real talk.,neutral,0.0,6.069582326371934,233,53,22,Legacy Believers,0.0,0.0
Michael,MIC_0216,TikTok comments,2025-09-05,Michael Jackson's cultural impact is genuinely underrepresented in cinema. This is overdue. Can't wait.,neutral,0.0,6.767918333794338,391,125,55,Legacy Believers,1.0,0.0
Michael,MIC_0197,TikTok comments,2025-10-02,Michael Jackson's story deserves to be told with this level of care. The trailer gave me chills. Real talk.,positive,0.4939,5.678464666671911,177,17,24,Cultural Analysts,1.0,0.0
Michael,MIC_0042,Reddit,2025-09-02,The fan base will love it. Everyone else will have questions about editorial choices. Anyone else feel this way?,positive,0.7579,5.720311776607412,167,50,4,Legacy Believers,0.0,0.0
Michael,MIC_0295,Reddit,2025-10-30,The fan base will love it. Everyone else will have questions about editorial choices.,positive,0.7579,6.391917113392602,430,34,27,Legacy Believers,0.0,0.0
Michael,MIC_0123,Instagram,2025-08-24,Michael Jackson's cultural impact is genuinely underrepresented in cinema. This is overdue. Real talk.,neutral,0.0,5.420534999272286,104,34,12,Legacy Believers,0.0,0.0
Michael,MIC_0078,Twitter/X,2025-09-18,The choreography in the trailer already looks stunning. They clearly invested in getting it right. Thoughts?,positive,0.6486,6.313548046277095,364,40,29,Legacy Believers,2.0,0.0
Michael,MIC_0323,TikTok comments,2025-09-08,This is a marketing and cultural experiment as much as it is a film. Genuinely can't stop thinking about this.,positive,0.2235,5.71042701737487,193,12,26,Legacy Believers,0.0,0.0
Michael,MIC_0419,TikTok comments,2025-09-15,The choreography in the trailer already looks stunning. They clearly invested in getting it right.,positive,0.6486,6.329720905522696,295,58,40,Legacy Believers,2.0,0.0
Michael,MIC_0182,YouTube comments,2025-10-18,The decision to cast his actual son is bold and beautiful. Can't imagine it going any other way. Thoughts?,positive,0.7579,4.930870325627393,83,11,9,Legacy Believers,0.0,0.0
Michael,MIC_0162,YouTube comments,2025-08-18,Every music lover owes it to themselves to experience this in a theater. Anyone else feel this way?,positive,0.5859,5.636573724962751,210,11,14,Legacy Believers,0.0,0.0
Michael,MIC_0127,Reddit,2025-08-01,Every music lover owes it to themselves to experience this in a theater. Thoughts?,positive,0.5859,5.372960909543803,143,13,13,Legacy Believers,0.0,0.0
Michael,MIC_0138,Twitter/X,2025-08-09,Michael Jackson's story deserves to be told with this level of care. The trailer gave me chills. Thoughts?,positive,0.4939,5.86220971125072,165,61,11,Cultural Analysts,1.0,0.0
Michael,MIC_0014,YouTube comments,2025-09-02,This is a marketing and cultural experiment as much as it is a film. Genuinely can't stop thinking about this.,positive,0.2235,5.633002292595154,171,31,10,Legacy Believers,0.0,0.0
Michael,MIC_0411,Reddit,2025-08-23,Watching Jaafar Jackson embody his father is genuinely moving. The resemblance is uncanny. Real talk.,neutral,0.0,5.857933154483459,192,52,9,Legacy Believers,0.0,0.0
Michael,MIC_0358,Reddit,2025-08-19,This is a marketing and cultural experiment as much as it is a film. Can't wait.,neutral,0.0,5.598421958998375,182,30,4,Legacy Believers,1.0,0.0
Michael,MIC_0322,YouTube comments,2025-09-12,Michael Jackson's story deserves to be told with this level of care. The trailer gave me chills. Fight me.,positive,0.1531,5.794536837924666,151,55,13,Cultural Analysts,1.0,0.0
Michael,MIC_0126,Instagram,2025-10-16,Biopic storytelling is hard. MJ's life is extraordinarily complex. Hoping they don't simplify. Anyone else feel this way?,positive,0.34,5.37989735354046,130,14,17,Legacy Believers,0.0,0.0
Michael,MIC_0160,TikTok comments,2025-08-24,"Motown, Off the Wall, Thriller era all in one film? The scope is incredible. Real talk.",positive,0.1027,5.3981627015177525,110,38,5,Legacy Believers,1.0,0.0
Michael,MIC_0398,Twitter/X,2025-10-13,Biopic storytelling is hard. MJ's life is extraordinarily complex. Hoping they don't simplify. Anyone else feel this way?,positive,0.34,5.320567975482857,122,11,18,Legacy Believers,0.0,0.0
Michael,MIC_0215,Reddit,2025-09-08,This is a marketing and cultural experiment as much as it is a film. Real talk.,neutral,0.0,6.4457198193855785,333,86,27,Legacy Believers,0.0,0.0
Michael,MIC_0316,YouTube comments,2025-09-19,I want to love this but the controversy makes it complicated. Conflicted. Anyone else feel this way?,positive,0.4118,5.247024072160486,103,20,12,Music Enthusiasts,0.0,2.0
Michael,MIC_0325,YouTube comments,2025-09-05,Michael Jackson's story deserves to be told with this level of care. The trailer gave me chills. Genuinely can't stop thinking about this.,positive,0.6234,5.717027701406222,236,22,4,Cultural Analysts,1.0,0.0
Michael,MIC_0375,Instagram,2025-10-06,Every music lover owes it to themselves to experience this in a theater. Anyone else feel this way?,positive,0.5859,5.43153621033426,119,41,2,Legacy Believers,0.0,0.0
Michael,MIC_0228,YouTube comments,2025-10-16,The King of Pop on the big screen with full music rights. This is a historic moment for music cinema. Real talk.,neutral,0.0,5.41164605185504,142,24,7,Legacy Believers,1.0,0.0
Michael,MIC_0371,YouTube comments,2025-08-19,Michael Jackson's cultural impact is genuinely underrepresented in cinema. This is overdue. Thoughts?,neutral,0.0,5.673323267171493,150,32,20,Legacy Believers,0.0,0.0
Michael,MIC_0183,Instagram,2025-08-09,The decision to cast his actual son is bold and beautiful. Can't imagine it going any other way. Genuinely can't stop thinking about this.,positive,0.812,5.424950017481403,156,22,5,Legacy Believers,0.0,0.0
Michael,MIC_0220,Instagram,2025-10-13,Strong performance from Jaafar but the script carries all the risk. Thoughts?,negative,-0.128,5.517452896464707,145,22,16,Legacy Believers,0.0,0.0
Michael,MIC_0044,YouTube comments,2025-08-06,Every music lover owes it to themselves to experience this in a theater. Hot take.,positive,0.5859,5.757323241584231,198,17,25,Legacy Believers,0.0,0.0
Michael,MIC_0173,Instagram,2025-10-19,Michael Jackson's story deserves to be told with this level of care. The trailer gave me chills. Real talk.,positive,0.4939,5.739792912179234,151,60,3,Cultural Analysts,1.0,0.0
Michael,MIC_0034,Reddit,2025-10-21,Michael Jackson's story deserves to be told with this level of care. The trailer gave me chills. Anyone else feel this way?,positive,0.4939,5.1647859739235145,101,28,1,Cultural Analysts,1.0,0.0
Michael,MIC_0275,YouTube comments,2025-10-30,The fan base will love it. Everyone else will have questions about editorial choices. Fight me.,positive,0.5994,6.13880638500591,296,33,28,Legacy Believers,0.0,0.0
Michael,MIC_0087,YouTube comments,2025-09-11,Every music lover owes it to themselves to experience this in a theater. Fight me.,positive,0.296,6.09807428216624,266,40,26,Legacy Believers,0.0,0.0
Michael,MIC_0293,Instagram,2025-10-30,The King of Pop on the big screen with full music rights. This is a historic moment for music cinema. Can't wait.,neutral,0.0,4.48863636973214,52,12,2,Legacy Believers,2.0,0.0
Michael,MIC_0373,TikTok comments,2025-09-05,The decision to cast his actual son is bold and beautiful. Can't imagine it going any other way. Can't wait.,positive,0.7579,6.022236205774735,291,17,26,Legacy Believers,1.0,0.0
Michael,MIC_0367,Twitter/X,2025-09-28,Leaving Neverland made it impossible for me to separate the art from the artist here. Genuinely can't stop thinking about this.,positive,0.2235,5.07829394257007,100,13,9,Legacy Believers,0.0,0.0
Michael,MIC_0313,Twitter/X,2025-09-16,The choreography in the trailer already looks stunning. They clearly invested in getting it right. Fight me.,positive,0.4019,6.756350824822904,431,105,55,Legacy Believers,2.0,0.0
Michael,MIC_0290,TikTok comments,2025-10-24,"If they get the music and the movement right, this will be one of the most important biopics ever made. Thoughts?",positive,0.2716,5.572154032177765,133,48,3,Legacy Believers,0.0,0.0
Michael,MIC_0368,Instagram,2025-10-05,"Beat It, Billie Jean, Man in the Mirror — on a cinema screen with surround sound. Come on.",neutral,0.0,5.5626028611934215,201,21,2,Legacy Believers,0.0,0.0
Michael,MIC_0139,Instagram,2025-09-21,Leaving Neverland made it impossible for me to separate the art from the artist here. Thoughts?,neutral,0.0,5.776103136235827,149,45,20,Legacy Believers,0.0,0.0
Michael,MIC_0400,Instagram,2025-08-04,Leaving Neverland made it impossible for me to separate the art from the artist here. Fight me.,negative,-0.3818,6.118097198041348,272,64,7,Legacy Believers,0.0,0.0
Michael,MIC_0292,TikTok comments,2025-10-19,Celebrating MJ's artistry while ignoring the serious allegations feels irresponsible. Thoughts?,negative,-0.296,6.030685260261263,311,32,8,Critical Observers,0.0,2.0
Michael,MIC_0285,TikTok comments,2025-09-17,Can't ignore the documentary accusations. This film feels like reputation rehabilitation.,positive,0.3204,5.457455587886334,149,11,19,Legacy Believers,0.0,1.0
Michael,MIC_0198,Instagram,2025-10-09,Music biopics have a very specific commercial formula. MJ is the ultimate subject. Genuinely can't stop thinking about this.,positive,0.2235,5.395897694886901,122,27,10,Legacy Believers,0.0,0.0
Michael,MIC_0181,YouTube comments,2025-09-19,The decision to not address the allegations directly is a narrative choice with real consequences. Real talk.,neutral,0.0,5.554895693948484,161,17,18,Legacy Believers,0.0,1.0
Michael,MIC_0134,Twitter/X,2025-08-23,The decision to cast his actual son is bold and beautiful. Can't imagine it going any other way. Real talk.,positive,0.7579,5.898526551448713,195,47,17,Legacy Believers,0.0,0.0
Michael,MIC_0032,YouTube comments,2025-10-02,The box office upside here is massive if they can navigate the controversy cleanly. Hot take.,neutral,0.0,6.468474822379242,356,103,10,Legacy Believers,0.0,0.0
Michael,MIC_0330,Reddit,2025-09-29,Biopic storytelling is hard. MJ's life is extraordinarily complex. Hoping they don't simplify. Hot take.,positive,0.34,5.664695085948154,154,51,2,Legacy Believers,0.0,0.0
Michael,MIC_0266,YouTube comments,2025-08-01,If they include the full Thriller sequence I will cry in the theater. Not a question. Fight me.,negative,-0.1321,5.501258210544727,138,28,12,Legacy Believers,0.0,0.0
Michael,MIC_0119,Reddit,2025-08-21,I want to love this but the controversy makes it complicated. Conflicted. Hot take.,positive,0.4118,5.60396213937399,165,35,6,Music Enthusiasts,0.0,2.0
Michael,MIC_0315,Twitter/X,2025-10-29,I grew up listening to MJ. This film feels like a love letter to an entire generation. Thoughts?,positive,0.7717,4.997212273764115,68,22,8,Legacy Believers,0.0,0.0
Michael,MIC_0362,Instagram,2025-10-18,I grew up listening to MJ. This film feels like a love letter to an entire generation. Genuinely can't stop thinking about this.,positive,0.8219,6.227524323688738,267,51,37,Legacy Believers,0.0,0.0
Michael,MIC_0018,Reddit,2025-08-04,The box office upside here is massive if they can navigate the controversy cleanly. Can't wait.,neutral,0.0,5.539300835990577,127,35,13,Legacy Believers,1.0,0.0
Michael,MIC_0357,TikTok comments,2025-08-18,Every music lover owes it to themselves to experience this in a theater. Real talk.,positive,0.5859,6.950335726517255,464,181,42,Legacy Believers,0.0,0.0
Michael,MIC_0168,YouTube comments,2025-10-21,The marketing challenge for this film is one of the most complex in recent Hollywood history. Genuinely can't stop thinking about this.,positive,0.2933,5.4785534168509695,102,39,13,Legacy Believers,0.0,0.0
Michael,MIC_0335,Instagram,2025-10-28,The sonic experience of this film is going to be unmatched. Pop history on screen. Can't wait.,negative,-0.0772,4.973279507552487,101,11,5,Legacy Believers,1.0,0.0
Michael,MIC_0158,YouTube comments,2025-09-03,If they include the full Thriller sequence I will cry in the theater. Not a question. Can't wait.,negative,-0.4019,5.472270673671475,172,14,10,Legacy Believers,1.0,0.0
Michael,MIC_0370,TikTok comments,2025-08-26,The sonic experience of this film is going to be unmatched. Pop history on screen. Thoughts?,negative,-0.0772,6.083359811812238,284,23,32,Legacy Believers,0.0,0.0
Michael,MIC_0230,Twitter/X,2025-08-11,Celebrating MJ's artistry while ignoring the serious allegations feels irresponsible.,negative,-0.296,6.099197246910864,246,71,7,Critical Observers,0.0,2.0
Michael,MIC_0200,YouTube comments,2025-09-28,The box office upside here is massive if they can navigate the controversy cleanly. Anyone else feel this way?,neutral,0.0,5.977619140285929,188,63,16,Legacy Believers,0.0,0.0
Michael,MIC_0412,Twitter/X,2025-10-02,The music catalog alone makes this a theatrical experience. Needs to be seen on IMAX. Anyone else feel this way?,negative,-0.25,6.168564159920785,238,81,12,Legacy Believers,0.0,0.0
Michael,MIC_0407,YouTube comments,2025-09-19,Strong performance from Jaafar but the script carries all the risk. Hot take.,negative,-0.128,5.98770749823027,203,61,14,Legacy Believers,0.0,0.0
Michael,MIC_0089,YouTube comments,2025-10-29,If they include the full Thriller sequence I will cry in the theater. Not a question. Can't wait.,negative,-0.4019,5.641907070938114,193,16,16,Legacy Believers,1.0,0.0
Michael,MIC_0237,TikTok comments,2025-08-24,The music catalog alone makes this a theatrical experience. Needs to be seen on IMAX. Thoughts?,negative,-0.25,5.831882477283517,161,56,13,Legacy Believers,0.0,0.0
Michael,MIC_0074,Instagram,2025-10-29,The runtime reportedly over 2.5 hours. They'll need every minute for this story. Can't wait.,neutral,0.0,6.194405391104672,292,38,34,Legacy Believers,1.0,0.0
Michael,MIC_0146,Instagram,2025-10-05,The King of Pop on the big screen with full music rights. This is a historic moment for music cinema. Thoughts?,neutral,0.0,5.491001710377538,162,27,4,Legacy Believers,1.0,0.0
Michael,MIC_0124,Twitter/X,2025-10-16,The box office upside here is massive if they can navigate the controversy cleanly. Genuinely can't stop thinking about this.,positive,0.2235,5.19295685089021,86,24,11,Legacy Believers,0.0,0.0
Michael,MIC_0231,Instagram,2025-09-06,"If they get the music and the movement right, this will be one of the most important biopics ever made. Can't wait.",positive,0.2716,5.66988092298052,178,18,22,Legacy Believers,1.0,0.0
Michael,MIC_0211,YouTube comments,2025-10-10,If they include the full Thriller sequence I will cry in the theater. Not a question. Fight me.,negative,-0.1321,6.102558594613569,284,24,34,Legacy Believers,0.0,0.0
Michael,MIC_0409,YouTube comments,2025-09-24,The decision to not address the allegations directly is a narrative choice with real consequences. Fight me.,negative,-0.3818,5.5154428455366835,155,31,5,Legacy Believers,0.0,1.0
Michael,MIC_0069,Twitter/X,2025-10-30,Strong performance from Jaafar but the script carries all the risk. Anyone else feel this way?,negative,-0.128,5.54907608489522,137,32,13,Legacy Believers,0.0,0.0
Michael,MIC_0361,YouTube comments,2025-10-28,Watching Jaafar Jackson embody his father is genuinely moving. The resemblance is uncanny. Genuinely can't stop thinking about this.,positive,0.2235,5.444579873526289,107,35,12,Legacy Believers,0.0,0.0
Michael,MIC_0093,Instagram,2025-10-04,"Beat It, Billie Jean, Man in the Mirror — on a cinema screen with surround sound. Come on. Thoughts?",neutral,0.0,6.402746040537586,337,99,6,Legacy Believers,0.0,0.0
Michael,MIC_0299,Twitter/X,2025-09-11,Leaving Neverland made it impossible for me to separate the art from the artist here. Real talk.,neutral,0.0,5.75890177387728,152,56,8,Legacy Believers,0.0,0.0
Michael,MIC_0291,Twitter/X,2025-10-08,Michael Jackson's story deserves to be told with this level of care. The trailer gave me chills. Genuinely can't stop thinking about this.,positive,0.6234,5.72194977861165,212,25,10,Cultural Analysts,1.0,0.0
Michael,MIC_0418,Instagram,2025-10-28,The decision to cast his actual son is bold and beautiful. Can't imagine it going any other way. Anyone else feel this way?,positive,0.7579,5.40042258948519,150,15,11,Legacy Believers,0.0,0.0
Michael,MIC_0309,TikTok comments,2025-09-25,If they include the full Thriller sequence I will cry in the theater. Not a question. Hot take.,negative,-0.4019,6.362165662779806,272,89,28,Legacy Believers,0.0,0.0
Michael,MIC_0206,Reddit,2025-08-11,The marketing challenge for this film is one of the most complex in recent Hollywood history. Thoughts?,positive,0.0772,5.521460917862246,128,28,17,Legacy Believers,0.0,0.0
Michael,MIC_0028,Twitter/X,2025-09-24,The sonic experience of this film is going to be unmatched. Pop history on screen. Thoughts?,negative,-0.0772,5.480638923341991,142,28,9,Legacy Believers,0.0,0.0
Michael,MIC_0072,Twitter/X,2025-09-06,If they include the full Thriller sequence I will cry in the theater. Not a question.,negative,-0.4019,6.0473721790462776,226,70,7,Legacy Believers,0.0,0.0
Michael,MIC_0039,YouTube comments,2025-10-06,The King of Pop on the big screen with full music rights. This is a historic moment for music cinema. Thoughts?,neutral,0.0,5.831882477283517,170,44,20,Legacy Believers,1.0,0.0
Michael,MIC_0384,Reddit,2025-10-05,Graham King producing means serious awards intentions here. Not just a cash grab. Can't wait.,positive,0.4019,6.089044875446846,241,40,33,Legacy Believers,1.0,0.0
Michael,MIC_0274,TikTok comments,2025-08-17,The marketing challenge for this film is one of the most complex in recent Hollywood history. Hot take.,positive,0.0772,5.654242029096065,150,37,14,Legacy Believers,0.0,0.0
Michael,MIC_0132,YouTube comments,2025-09-22,The King of Pop on the big screen with full music rights. This is a historic moment for music cinema.,neutral,0.0,5.723585101952381,184,22,22,Legacy Believers,1.0,0.0
Michael,MIC_0116,Instagram,2025-10-02,The estate controlling the narrative is a legitimate concern for journalistic integrity. Can't wait.,positive,0.3818,6.083359811812238,242,41,31,Legacy Believers,1.0,0.0
Michael,MIC_0379,Reddit,2025-08-28,The fan base will love it. Everyone else will have questions about editorial choices. Can't wait.,positive,0.7579,6.170656210893009,327,17,36,Legacy Believers,1.0,0.0
Michael,MIC_0007,Twitter/X,2025-08-08,The sonic experience of this film is going to be unmatched. Pop history on screen.,negative,-0.0772,6.099197246910864,223,79,8,Legacy Believers,0.0,0.0
Michael,MIC_0403,TikTok comments,2025-08-06,Every music lover owes it to themselves to experience this in a theater. Fight me.,positive,0.296,5.796057750765372,227,20,17,Legacy Believers,0.0,0.0
Michael,MIC_0351,Instagram,2025-10-09,"Motown, Off the Wall, Thriller era all in one film? The scope is incredible.",positive,0.1027,5.3230099791384085,128,28,2,Legacy Believers,1.0,0.0
Michael,MIC_0156,Reddit,2025-08-05,The sonic experience of this film is going to be unmatched. Pop history on screen. Anyone else feel this way?,negative,-0.0772,6.375024819828097,307,60,43,Legacy Believers,0.0,0.0
Michael,MIC_0011,Reddit,2025-08-29,Michael Jackson's story deserves to be told with this level of care. The trailer gave me chills. Real talk.,positive,0.4939,5.8998973535824915,179,44,25,Cultural Analysts,1.0,0.0
Michael,MIC_0165,TikTok comments,2025-09-02,Can't ignore the documentary accusations. This film feels like reputation rehabilitation. Genuinely can't stop thinking about this.,positive,0.4936,5.0106352940962555,74,18,10,Legacy Believers,0.0,1.0
Michael,MIC_0006,Instagram,2025-10-04,Leaving Neverland made it impossible for me to separate the art from the artist here.,neutral,0.0,6.025865973825314,293,30,15,Legacy Believers,0.0,0.0
Michael,MIC_0338,Instagram,2025-08-12,The decision to not address the allegations directly is a narrative choice with real consequences. Can't wait.,neutral,0.0,6.220590170099739,303,28,43,Legacy Believers,1.0,1.0
Michael,MIC_0349,Twitter/X,2025-10-24,The sonic experience of this film is going to be unmatched. Pop history on screen. Genuinely can't stop thinking about this.,positive,0.1501,5.872117789475416,174,42,25,Legacy Believers,0.0,0.0
Michael,MIC_0137,Instagram,2025-08-21,The estate controlling the narrative is a legitimate concern for journalistic integrity. Hot take.,positive,0.3818,5.786897381366708,159,46,17,Legacy Believers,0.0,0.0
Michael,MIC_0310,Instagram,2025-08-17,Leaving Neverland made it impossible for me to separate the art from the artist here. Thoughts?,neutral,0.0,6.616734305264841,393,103,32,Legacy Believers,0.0,0.0
Michael,MIC_0329,Twitter/X,2025-08-27,I want to love this but the controversy makes it complicated. Conflicted. Real talk.,positive,0.4118,5.1328529268205045,94,19,9,Music Enthusiasts,0.0,2.0
Michael,MIC_0184,YouTube comments,2025-10-02,This is going to be emotionally overwhelming. I'm already not ready. Thoughts?,negative,-0.2755,6.0787883752796565,238,49,25,Legacy Believers,3.0,0.0
Michael,MIC_0287,Instagram,2025-08-20,Watching Jaafar Jackson embody his father is genuinely moving. The resemblance is uncanny. Fight me.,negative,-0.3818,6.476972362889683,292,96,39,Legacy Believers,0.0,0.0
Michael,MIC_0280,YouTube comments,2025-08-18,Can't ignore the documentary accusations. This film feels like reputation rehabilitation. Hot take.,positive,0.3204,5.5626028611934215,166,35,2,Legacy Believers,0.0,1.0
Michael,MIC_0241,TikTok comments,2025-09-18,Michael Jackson's cultural impact is genuinely underrepresented in cinema. This is overdue. Anyone else feel this way?,neutral,0.0,5.225746673713202,121,22,3,Legacy Believers,0.0,0.0
Michael,MIC_0111,YouTube comments,2025-10-24,The sonic experience of this film is going to be unmatched. Pop history on screen. Anyone else feel this way?,negative,-0.0772,5.631211781821365,164,18,23,Legacy Believers,0.0,0.0
Michael,MIC_0196,Instagram,2025-09-26,Michael Jackson's cultural impact is genuinely underrepresented in cinema. This is overdue. Hot take.,neutral,0.0,6.192362489474872,263,72,15,Legacy Believers,0.0,0.0
Michael,MIC_0113,Twitter/X,2025-09-30,Michael Jackson's cultural impact is genuinely underrepresented in cinema. This is overdue.,neutral,0.0,5.159055299214529,83,30,5,Legacy Believers,0.0,0.0
Michael,MIC_0022,TikTok comments,2025-09-09,Music biopics have a very specific commercial formula. MJ is the ultimate subject. Anyone else feel this way?,neutral,0.0,4.799914262780603,88,7,5,Legacy Believers,0.0,0.0
Michael,MIC_0259,YouTube comments,2025-08-26,I want to love this but the controversy makes it complicated. Conflicted. Hot take.,positive,0.4118,6.438551329906966,401,45,37,Music Enthusiasts,0.0,2.0
Michael,MIC_0262,Reddit,2025-08-20,The estate controlling the narrative is a legitimate concern for journalistic integrity. Real talk.,positive,0.3818,5.407171771460119,124,20,16,Legacy Believers,0.0,0.0
Michael,MIC_0096,TikTok comments,2025-10-22,This is a marketing and cultural experiment as much as it is a film. Anyone else feel this way?,neutral,0.0,5.731721843345443,133,47,19,Legacy Believers,0.0,0.0
Michael,MIC_0016,TikTok comments,2025-09-05,The marketing challenge for this film is one of the most complex in recent Hollywood history. Genuinely can't stop thinking about this.,positive,0.2933,4.564348191467836,77,6,1,Legacy Believers,0.0,0.0
Michael,MIC_0238,Instagram,2025-10-07,This is a marketing and cultural experiment as much as it is a film. Fight me.,negative,-0.3818,6.51025834052315,376,112,5,Legacy Believers,0.0,0.0
Michael,MIC_0319,Instagram,2025-10-07,Leaving Neverland made it impossible for me to separate the art from the artist here. Thoughts?,neutral,0.0,3.6506582412937383,20,7,0,Legacy Believers,0.0,0.0
Michael,MIC_0272,TikTok comments,2025-08-27,The runtime reportedly over 2.5 hours. They'll need every minute for this story. Genuinely can't stop thinking about this.,positive,0.2235,4.959341999708705,90,17,3,Legacy Believers,0.0,0.0
Michael,MIC_0414,TikTok comments,2025-09-30,Michael Jackson's story deserves to be told with this level of care. The trailer gave me chills. Anyone else feel this way?,positive,0.4939,6.542471960506805,297,114,37,Cultural Analysts,1.0,0.0
Michael,MIC_0374,YouTube comments,2025-09-07,The runtime reportedly over 2.5 hours. They'll need every minute for this story. Fight me.,negative,-0.3818,6.1452580202873985,324,35,18,Legacy Believers,0.0,0.0
Michael,MIC_0380,Reddit,2025-09-28,This is going to be emotionally overwhelming. I'm already not ready. Can't wait.,negative,-0.2755,5.661222860237405,159,45,5,Legacy Believers,4.0,0.0
Michael,MIC_0342,YouTube comments,2025-10-18,The decision to cast his actual son is bold and beautiful. Can't imagine it going any other way. Anyone else feel this way?,positive,0.7579,6.483871585349955,333,73,46,Legacy Believers,0.0,0.0
Michael,MIC_0263,Reddit,2025-09-27,I grew up listening to MJ. This film feels like a love letter to an entire generation. Anyone else feel this way?,positive,0.7717,5.746203190540153,179,28,21,Legacy Believers,0.0,0.0
Michael,MIC_0343,Reddit,2025-10-22,How this performs internationally will be fascinating. MJ's global brand is unprecedented. Fight me.,positive,0.2263,5.204006687076795,97,30,3,Legacy Believers,0.0,0.0
Michael,MIC_0104,TikTok comments,2025-09-12,How this performs internationally will be fascinating. MJ's global brand is unprecedented. Real talk.,positive,0.5423,6.5359666972333565,393,69,41,Legacy Believers,0.0,0.0
Michael,MIC_0356,Reddit,2025-08-26,Biopic storytelling is hard. MJ's life is extraordinarily complex. Hoping they don't simplify. Thoughts?,positive,0.34,5.25227342804663,98,32,4,Legacy Believers,0.0,0.0
Michael,MIC_0336,Reddit,2025-10-27,Music biopics have a very specific commercial formula. MJ is the ultimate subject.,neutral,0.0,5.698769932832657,173,33,14,Legacy Believers,0.0,0.0
Michael,MIC_0222,YouTube comments,2025-10-09,How this performs internationally will be fascinating. MJ's global brand is unprecedented.,positive,0.5423,5.497168225293202,172,26,2,Legacy Believers,0.0,0.0
Michael,MIC_0250,YouTube comments,2025-09-22,The estate controlling the narrative is a legitimate concern for journalistic integrity. Fight me.,neutral,0.0,5.70877001616724,216,23,9,Legacy Believers,0.0,0.0
Michael,MIC_0024,YouTube comments,2025-10-27,The runtime reportedly over 2.5 hours. They'll need every minute for this story. Thoughts?,neutral,0.0,5.898526551448713,265,31,7,Legacy Believers,0.0,0.0
Michael,MIC_0302,TikTok comments,2025-08-31,How this performs internationally will be fascinating. MJ's global brand is unprecedented. Thoughts?,positive,0.5423,5.267858159063328,108,22,10,Legacy Believers,0.0,0.0
Michael,MIC_0192,Twitter/X,2025-08-02,The decision to not address the allegations directly is a narrative choice with real consequences.,neutral,0.0,5.25227342804663,126,16,8,Legacy Believers,0.0,1.0
Michael,MIC_0099,Twitter/X,2025-08-07,Michael Jackson's cultural impact is genuinely underrepresented in cinema. This is overdue. Genuinely can't stop thinking about this.,positive,0.2235,6.250940027669582,316,35,38,Legacy Believers,0.0,0.0
Michael,MIC_0079,Twitter/X,2025-09-12,The decision to cast his actual son is bold and beautiful. Can't imagine it going any other way. Genuinely can't stop thinking about this.,positive,0.812,5.959715848793402,219,55,10,Legacy Believers,0.0,0.0
Michael,MIC_0035,Instagram,2025-08-03,Music biopics have a very specific commercial formula. MJ is the ultimate subject.,neutral,0.0,6.081076705797669,218,61,22,Legacy Believers,0.0,0.0
Michael,MIC_0387,Instagram,2025-08-29,The King of Pop on the big screen with full music rights. This is a historic moment for music cinema. Fight me.,negative,-0.3818,5.698769932832657,145,55,5,Legacy Believers,1.0,0.0
Michael,MIC_0172,Twitter/X,2025-09-30,This is a marketing and cultural experiment as much as it is a film. Thoughts?,neutral,0.0,5.209486152841421,121,22,2,Legacy Believers,0.0,0.0
Michael,MIC_0141,Instagram,2025-10-05,Michael Jackson's story deserves to be told with this level of care. The trailer gave me chills. Can't wait.,positive,0.4939,5.2284312390838705,114,13,13,Cultural Analysts,2.0,0.0
Michael,MIC_0283,TikTok comments,2025-08-04,If they include the full Thriller sequence I will cry in the theater. Not a question. Hot take.,negative,-0.4019,6.666956792429207,371,144,18,Legacy Believers,0.0,0.0
Michael,MIC_0098,Twitter/X,2025-08-19,"Motown, Off the Wall, Thriller era all in one film? The scope is incredible. Hot take.",positive,0.1027,4.783316371371566,53,19,6,Legacy Believers,1.0,0.0
Michael,MIC_0110,YouTube comments,2025-10-18,The box office upside here is massive if they can navigate the controversy cleanly. Thoughts?,neutral,0.0,6.23539063760472,273,61,28,Legacy Believers,0.0,0.0
Michael,MIC_0071,YouTube comments,2025-09-18,Biopic storytelling is hard. MJ's life is extraordinarily complex. Hoping they don't simplify. Genuinely can't stop thinking about this.,positive,0.5086,5.241747015059643,159,8,3,Legacy Believers,0.0,0.0
Michael,MIC_0194,TikTok comments,2025-08-12,The music catalog alone makes this a theatrical experience. Needs to be seen on IMAX. Anyone else feel this way?,negative,-0.25,4.7140245909001735,87,7,2,Legacy Believers,0.0,0.0
Michael,MIC_0152,YouTube comments,2025-09-03,If they include the full Thriller sequence I will cry in the theater. Not a question. Can't wait.,negative,-0.4019,5.723585101952381,187,22,21,Legacy Believers,1.0,0.0
Michael,MIC_0115,YouTube comments,2025-08-10,Graham King producing means serious awards intentions here. Not just a cash grab. Anyone else feel this way?,positive,0.4019,5.5909869805108565,155,28,14,Legacy Believers,0.0,0.0
Michael,MIC_0005,Twitter/X,2025-10-02,I want to love this but the controversy makes it complicated. Conflicted. Thoughts?,positive,0.4118,5.206750173022546,110,13,13,Music Enthusiasts,0.0,2.0
Michael,MIC_0227,Twitter/X,2025-10-27,The marketing challenge for this film is one of the most complex in recent Hollywood history. Can't wait.,positive,0.0772,4.363098624788363,51,7,3,Legacy Believers,1.0,0.0
Michael,MIC_0179,TikTok comments,2025-10-02,The box office upside here is massive if they can navigate the controversy cleanly. Anyone else feel this way?,neutral,0.0,5.393627546352362,141,30,1,Legacy Believers,0.0,0.0
Michael,MIC_0095,YouTube comments,2025-09-20,If they include the full Thriller sequence I will cry in the theater. Not a question.,negative,-0.4019,5.893024474294729,216,51,6,Legacy Believers,0.0,0.0
Michael,MIC_0128,TikTok comments,2025-08-30,I want to love this but the controversy makes it complicated. Conflicted. Real talk.,positive,0.4118,6.437751649736401,443,28,37,Music Enthusiasts,0.0,2.0
Michael,MIC_0224,Twitter/X,2025-08-17,The box office upside here is massive if they can navigate the controversy cleanly. Thoughts?,neutral,0.0,5.262690188904886,123,18,8,Legacy Believers,0.0,0.0
Michael,MIC_0417,YouTube comments,2025-10-13,The runtime reportedly over 2.5 hours. They'll need every minute for this story. Genuinely can't stop thinking about this.,positive,0.2235,4.952299717083292,71,23,4,Legacy Believers,0.0,0.0
Michael,MIC_0108,Instagram,2025-09-30,Strong performance from Jaafar but the script carries all the risk.,negative,-0.128,6.384350873009287,290,69,43,Legacy Believers,0.0,0.0
Michael,MIC_0001,YouTube comments,2025-08-05,I want to love this but the controversy makes it complicated. Conflicted. Genuinely can't stop thinking about this.,positive,0.6227,5.936216072877503,208,45,19,Music Enthusiasts,0.0,2.0
Michael,MIC_0191,Reddit,2025-09-08,Can't ignore the documentary accusations. This film feels like reputation rehabilitation. Anyone else feel this way?,positive,0.3204,5.465948207931988,162,15,12,Legacy Believers,0.0,1.0
Michael,MIC_0043,TikTok comments,2025-08-06,Celebrating MJ's artistry while ignoring the serious allegations feels irresponsible. Genuinely can't stop thinking about this.,negative,-0.0803,5.873525249243295,233,15,28,Critical Observers,0.0,2.0
Michael,MIC_0307,Reddit,2025-10-21,How this performs internationally will be fascinating. MJ's global brand is unprecedented.,positive,0.5423,5.791488055075306,217,21,19,Legacy Believers,0.0,0.0
Michael,MIC_0009,Reddit,2025-09-30,How this performs internationally will be fascinating. MJ's global brand is unprecedented. Thoughts?,positive,0.5423,5.501258210544727,139,30,10,Legacy Believers,0.0,0.0
Michael,MIC_0149,Twitter/X,2025-10-06,Every music lover owes it to themselves to experience this in a theater. Can't wait.,positive,0.5859,6.245137303457015,282,45,40,Legacy Believers,1.0,0.0
Michael,MIC_0305,Reddit,2025-09-26,Watching Jaafar Jackson embody his father is genuinely moving. The resemblance is uncanny. Fight me.,negative,-0.3818,5.771441123130016,180,38,15,Legacy Believers,0.0,0.0
Michael,MIC_0258,Twitter/X,2025-10-09,The box office upside here is massive if they can navigate the controversy cleanly. Thoughts?,neutral,0.0,6.060290738037835,211,53,28,Legacy Believers,0.0,0.0
Michael,MIC_0244,YouTube comments,2025-10-12,The music catalog alone makes this a theatrical experience. Needs to be seen on IMAX. Anyone else feel this way?,negative,-0.25,6.005120873555468,197,77,5,Legacy Believers,0.0,0.0
Michael,MIC_0350,Reddit,2025-08-25,The music catalog alone makes this a theatrical experience. Needs to be seen on IMAX. Real talk.,negative,-0.25,5.368309738368072,144,11,14,Legacy Believers,0.0,0.0
Michael,MIC_0144,Instagram,2025-09-05,Watching Jaafar Jackson embody his father is genuinely moving. The resemblance is uncanny. Genuinely can't stop thinking about this.,positive,0.2235,5.685279003091641,164,41,9,Legacy Believers,0.0,0.0
Michael,MIC_0171,YouTube comments,2025-08-31,The box office upside here is massive if they can navigate the controversy cleanly. Fight me.,negative,-0.3818,5.178970608915471,136,15,1,Legacy Believers,0.0,0.0
Michael,MIC_0029,Instagram,2025-09-11,Michael Jackson's story deserves to be told with this level of care. The trailer gave me chills.,positive,0.4939,6.3707567809121235,267,81,38,Cultural Analysts,1.0,0.0
Michael,MIC_0245,Twitter/X,2025-08-04,Watching Jaafar Jackson embody his father is genuinely moving. The resemblance is uncanny. Thoughts?,neutral,0.0,5.652489180268651,147,50,4,Legacy Believers,0.0,0.0
Michael,MIC_0148,Instagram,2025-08-09,Celebrating MJ's artistry while ignoring the serious allegations feels irresponsible. Fight me.,negative,-0.5859,5.814130531825066,273,16,7,Critical Observers,0.0,2.0
Michael,MIC_0064,Instagram,2025-10-05,"Beat It, Billie Jean, Man in the Mirror — on a cinema screen with surround sound. Come on.",neutral,0.0,5.629418059367339,158,31,14,Legacy Believers,0.0,0.0
Michael,MIC_0376,YouTube comments,2025-09-01,"Motown, Off the Wall, Thriller era all in one film? The scope is incredible. Fight me.",negative,-0.3597,5.457455587886334,175,9,12,Legacy Believers,1.0,0.0
Michael,MIC_0180,TikTok comments,2025-09-17,Michael Jackson's story deserves to be told with this level of care. The trailer gave me chills. Real talk.,positive,0.4939,5.072043922224899,118,15,1,Cultural Analysts,1.0,0.0
Michael,MIC_0366,YouTube comments,2025-08-06,Every music lover owes it to themselves to experience this in a theater. Anyone else feel this way?,positive,0.5859,5.531411248715415,161,17,16,Legacy Believers,0.0,0.0
Michael,MIC_0408,TikTok comments,2025-08-12,This is going to be emotionally overwhelming. I'm already not ready. Hot take.,negative,-0.2755,6.163314804034641,201,78,26,Legacy Believers,3.0,0.0
Michael,MIC_0213,YouTube comments,2025-09-11,The runtime reportedly over 2.5 hours. They'll need every minute for this story. Hot take.,neutral,0.0,6.152732694704104,230,62,28,Legacy Believers,0.0,0.0
Michael,MIC_0300,YouTube comments,2025-08-22,Michael Jackson's story deserves to be told with this level of care. The trailer gave me chills. Thoughts?,positive,0.4939,5.953243334287785,233,40,17,Cultural Analysts,1.0,0.0
Michael,MIC_0107,Instagram,2025-09-21,The decision to not address the allegations directly is a narrative choice with real consequences.,neutral,0.0,5.422744944923089,161,9,14,Legacy Believers,0.0,1.0
Michael,MIC_0070,Instagram,2025-10-26,Leaving Neverland made it impossible for me to separate the art from the artist here. Fight me.,negative,-0.3818,5.647212123167807,126,47,13,Legacy Believers,0.0,0.0
Michael,MIC_0212,Instagram,2025-09-10,Can't ignore the documentary accusations. This film feels like reputation rehabilitation. Anyone else feel this way?,positive,0.3204,4.537961436294641,56,11,3,Legacy Believers,0.0,1.0
Michael,MIC_0208,Instagram,2025-08-10,Biopic storytelling is hard. MJ's life is extraordinarily complex. Hoping they don't simplify. Genuinely can't stop thinking about this.,positive,0.5086,6.060290738037835,200,61,25,Legacy Believers,0.0,0.0
Michael,MIC_0185,Reddit,2025-09-04,Michael Jackson's story deserves to be told with this level of care. The trailer gave me chills. Anyone else feel this way?,positive,0.4939,6.267200548541362,389,44,9,Cultural Analysts,1.0,0.0
Michael,MIC_0147,YouTube comments,2025-09-01,Music biopics have a very specific commercial formula. MJ is the ultimate subject. Genuinely can't stop thinking about this.,positive,0.2235,6.473890696352274,385,70,29,Legacy Believers,0.0,0.0
Michael,MIC_0209,Twitter/X,2025-10-24,The King of Pop on the big screen with full music rights. This is a historic moment for music cinema. Thoughts?,neutral,0.0,5.368309738368072,136,25,5,Legacy Believers,1.0,0.0
Michael,MIC_0013,Twitter/X,2025-10-17,Strong performance from Jaafar but the script carries all the risk. Anyone else feel this way?,negative,-0.128,5.87493073085203,184,60,7,Legacy Believers,0.0,0.0
Michael,MIC_0188,Reddit,2025-09-02,The decision to cast his actual son is bold and beautiful. Can't imagine it going any other way. Real talk.,positive,0.7579,5.973809611869261,234,26,31,Legacy Believers,0.0,0.0
Michael,MIC_0345,Reddit,2025-09-12,The fan base will love it. Everyone else will have questions about editorial choices. Anyone else feel this way?,positive,0.7579,3.610917912644224,26,4,0,Legacy Believers,0.0,0.0
Michael,MIC_0176,Instagram,2025-10-09,Music biopics have a very specific commercial formula. MJ is the ultimate subject. Genuinely can't stop thinking about this.,positive,0.2235,5.762051382780177,191,18,27,Legacy Believers,0.0,0.0
Michael,MIC_0170,TikTok comments,2025-09-16,The decision to cast his actual son is bold and beautiful. Can't imagine it going any other way. Real talk.,positive,0.7579,6.148468295917647,246,50,32,Legacy Believers,0.0,0.0
Michael,MIC_0008,TikTok comments,2025-09-29,Celebrating MJ's artistry while ignoring the serious allegations feels irresponsible.,negative,-0.296,5.43372200355424,156,18,9,Critical Observers,0.0,2.0
Michael,MIC_0265,Instagram,2025-08-31,The fan base will love it. Everyone else will have questions about editorial choices. Fight me.,positive,0.5994,5.916202062607435,244,12,32,Legacy Believers,0.0,0.0
Michael,MIC_0174,TikTok comments,2025-10-20,How this performs internationally will be fascinating. MJ's global brand is unprecedented. Real talk.,positive,0.5423,5.1029105702054265,111,15,5,Legacy Believers,0.0,0.0
Michael,MIC_0205,YouTube comments,2025-08-07,Graham King producing means serious awards intentions here. Not just a cash grab. Real talk.,positive,0.4019,5.551019720103791,133,35,12,Legacy Believers,0.0,0.0
Michael,MIC_0277,TikTok comments,2025-08-02,I want to love this but the controversy makes it complicated. Conflicted.,positive,0.4118,5.062595033026967,83,20,8,Music Enthusiasts,0.0,2.0
Michael,MIC_0332,Reddit,2025-09-10,The box office upside here is massive if they can navigate the controversy cleanly. Real talk.,neutral,0.0,6.012491914300058,204,67,12,Legacy Believers,0.0,0.0
Michael,MIC_0187,TikTok comments,2025-08-11,Every music lover owes it to themselves to experience this in a theater. Fight me.,positive,0.296,5.755742213586912,179,52,2,Legacy Believers,0.0,0.0
Michael,MIC_0130,TikTok comments,2025-08-11,I want to love this but the controversy makes it complicated. Conflicted. Anyone else feel this way?,positive,0.4118,6.639875833826536,348,110,47,Music Enthusiasts,0.0,2.0
Michael,MIC_0121,Reddit,2025-09-21,"If they get the music and the movement right, this will be one of the most important biopics ever made. Anyone else feel this way?",positive,0.2716,6.005120873555468,187,69,15,Legacy Believers,0.0,0.0
Michael,MIC_0234,Instagram,2025-08-22,Michael Jackson's story deserves to be told with this level of care. The trailer gave me chills. Real talk.,positive,0.4939,5.82600010738045,194,54,3,Cultural Analysts,1.0,0.0
Michael,MIC_0047,YouTube comments,2025-08-17,The runtime reportedly over 2.5 hours. They'll need every minute for this story. Fight me.,negative,-0.3818,5.883322388488279,180,64,6,Legacy Believers,0.0,0.0
Michael,MIC_0243,Twitter/X,2025-08-26,Celebrating MJ's artistry while ignoring the serious allegations feels irresponsible. Anyone else feel this way?,negative,-0.296,5.453182077108952,156,15,13,Critical Observers,0.0,2.0
Michael,MIC_0131,TikTok comments,2025-08-01,The decision to not address the allegations directly is a narrative choice with real consequences. Real talk.,neutral,0.0,4.66814498514948,74,3,8,Legacy Believers,0.0,1.0
Michael,MIC_0289,Reddit,2025-08-01,I grew up listening to MJ. This film feels like a love letter to an entire generation. Can't wait.,positive,0.7717,5.159055299214529,87,26,7,Legacy Believers,1.0,0.0
Michael,MIC_0397,Twitter/X,2025-09-06,This is going to be emotionally overwhelming. I'm already not ready. Fight me.,neutral,0.0191,6.174827228410347,213,79,23,Legacy Believers,3.0,0.0
Michael,MIC_0294,Reddit,2025-08-07,Michael Jackson's cultural impact is genuinely underrepresented in cinema. This is overdue. Anyone else feel this way?,neutral,0.0,6.431331081933479,288,104,24,Legacy Believers,0.0,0.0
Michael,MIC_0410,Instagram,2025-09-30,I want to love this but the controversy makes it complicated. Conflicted. Anyone else feel this way?,positive,0.4118,4.948759890378168,108,8,4,Music Enthusiasts,0.0,2.0
Michael,MIC_0038,YouTube comments,2025-10-19,The music catalog alone makes this a theatrical experience. Needs to be seen on IMAX. Anyone else feel this way?,negative,-0.25,4.955827057601261,66,24,5,Legacy Believers,0.0,0.0
Michael,MIC_0346,YouTube comments,2025-08-09,Michael Jackson's story deserves to be told with this level of care. The trailer gave me chills. Fight me.,positive,0.1531,5.827473946998751,188,35,21,Cultural Analysts,1.0,0.0
Michael,MIC_0355,Reddit,2025-08-22,Michael Jackson's story deserves to be told with this level of care. The trailer gave me chills. Anyone else feel this way?,positive,0.4939,5.529429087511423,124,40,9,Cultural Analysts,1.0,0.0
Michael,MIC_0284,Instagram,2025-09-09,How this performs internationally will be fascinating. MJ's global brand is unprecedented. Anyone else feel this way?,positive,0.5423,5.942799375126701,220,40,20,Legacy Believers,0.0,0.0
Michael,MIC_0135,TikTok comments,2025-09-20,Music biopics have a very specific commercial formula. MJ is the ultimate subject. Fight me.,negative,-0.3818,6.105908681498851,227,57,26,Legacy Believers,0.0,0.0
Michael,MIC_0040,TikTok comments,2025-08-27,The music catalog alone makes this a theatrical experience. Needs to be seen on IMAX. Real talk.,negative,-0.25,6.003887067106539,290,18,23,Legacy Believers,0.0,0.0
Michael,MIC_0392,TikTok comments,2025-08-17,This is a marketing and cultural experiment as much as it is a film.,neutral,0.0,5.922918004572872,168,65,14,Legacy Believers,0.0,0.0
Michael,MIC_0083,Twitter/X,2025-09-16,Watching Jaafar Jackson embody his father is genuinely moving. The resemblance is uncanny. Hot take.,neutral,0.0,6.403574197934815,409,50,23,Legacy Believers,0.0,0.0
Michael,MIC_0218,TikTok comments,2025-08-28,Michael Jackson's cultural impact is genuinely underrepresented in cinema. This is overdue. Genuinely can't stop thinking about this.,positive,0.2235,5.967427969279741,208,51,18,Legacy Believers,0.0,0.0
Michael,MIC_0210,Instagram,2025-10-21,How this performs internationally will be fascinating. MJ's global brand is unprecedented. Anyone else feel this way?,positive,0.5423,6.030685260261263,213,52,24,Legacy Believers,0.0,0.0
Michael,MIC_0235,Reddit,2025-10-24,"Motown, Off the Wall, Thriller era all in one film? The scope is incredible. Genuinely can't stop thinking about this.",positive,0.3719,6.184148890937483,242,92,4,Legacy Believers,1.0,0.0
Michael,MIC_0246,TikTok comments,2025-10-21,I want to love this but the controversy makes it complicated. Conflicted. Real talk.,positive,0.4118,6.143112096717122,216,67,27,Music Enthusiasts,0.0,2.0
Michael,MIC_0207,TikTok comments,2025-09-17,How this performs internationally will be fascinating. MJ's global brand is unprecedented.,positive,0.5423,5.01396308418893,70,21,9,Legacy Believers,0.0,0.0
Michael,MIC_0386,Instagram,2025-09-12,Music biopics have a very specific commercial formula. MJ is the ultimate subject. Thoughts?,neutral,0.0,5.568344503761097,139,44,4,Legacy Believers,0.0,0.0
Michael,MIC_0278,TikTok comments,2025-10-10,The music catalog alone makes this a theatrical experience. Needs to be seen on IMAX. Genuinely can't stop thinking about this.,neutral,-0.0289,5.568344503761097,196,14,10,Legacy Believers,0.0,0.0
Michael,MIC_0252,Instagram,2025-09-01,Strong performance from Jaafar but the script carries all the risk. Fight me.,negative,-0.5994,5.499215308914927,116,33,15,Legacy Believers,0.0,0.0
Michael,MIC_0202,Instagram,2025-10-03,"Beat It, Billie Jean, Man in the Mirror — on a cinema screen with surround sound. Come on. Thoughts?",neutral,0.0,5.5053315359323625,144,26,12,Legacy Believers,0.0,0.0
Michael,MIC_0389,YouTube comments,2025-09-07,The fan base will love it. Everyone else will have questions about editorial choices. Thoughts?,positive,0.7579,5.3981627015177525,113,26,14,Legacy Believers,0.0,0.0
Michael,MIC_0261,Instagram,2025-10-05,Leaving Neverland made it impossible for me to separate the art from the artist here. Thoughts?,neutral,0.0,5.560681631015528,143,26,17,Legacy Believers,0.0,0.0
Michael,MIC_0327,YouTube comments,2025-10-29,Graham King producing means serious awards intentions here. Not just a cash grab. Anyone else feel this way?,positive,0.4019,5.733341276897746,157,52,7,Legacy Believers,0.0,0.0
Michael,MIC_0348,Reddit,2025-08-11,This is going to be emotionally overwhelming. I'm already not ready. Real talk.,negative,-0.2755,6.380969635637417,291,69,42,Legacy Believers,3.0,0.0
Michael,MIC_0048,Reddit,2025-10-26,"If they get the music and the movement right, this will be one of the most important biopics ever made. Anyone else feel this way?",positive,0.2716,6.0342845442909105,209,53,25,Legacy Believers,0.0,0.0
Michael,MIC_0377,Instagram,2025-08-01,I want to love this but the controversy makes it complicated. Conflicted. Can't wait.,positive,0.4118,5.853638230200579,230,23,20,Music Enthusiasts,1.0,2.0
Michael,MIC_0186,Twitter/X,2025-09-13,Celebrating MJ's artistry while ignoring the serious allegations feels irresponsible.,negative,-0.296,5.625820933186489,187,19,14,Critical Observers,0.0,2.0
Michael,MIC_0058,YouTube comments,2025-08-29,This is going to be emotionally overwhelming. I'm already not ready. Can't wait.,negative,-0.2755,6.121395716700013,254,43,31,Legacy Believers,4.0,0.0
Michael,MIC_0301,Instagram,2025-08-14,Leaving Neverland made it impossible for me to separate the art from the artist here. Anyone else feel this way?,neutral,0.0,5.920237037819614,208,39,22,Legacy Believers,0.0,0.0
Michael,MIC_0050,YouTube comments,2025-09-10,The fan base will love it. Everyone else will have questions about editorial choices. Thoughts?,positive,0.7579,5.698769932832657,230,15,10,Legacy Believers,0.0,0.0
Michael,MIC_0404,TikTok comments,2025-09-27,Music biopics have a very specific commercial formula. MJ is the ultimate subject. Thoughts?,neutral,0.0,5.87493073085203,193,36,24,Legacy Believers,0.0,0.0
Michael,MIC_0365,YouTube comments,2025-08-07,The sonic experience of this film is going to be unmatched. Pop history on screen. Can't wait.,negative,-0.0772,5.457455587886334,131,35,5,Legacy Believers,1.0,0.0
Michael,MIC_0340,YouTube comments,2025-09-11,Strong performance from Jaafar but the script carries all the risk. Genuinely can't stop thinking about this.,positive,0.21,6.223567839793664,223,81,26,Legacy Believers,0.0,0.0
Michael,MIC_0084,Instagram,2025-08-15,This is a marketing and cultural experiment as much as it is a film. Fight me.,negative,-0.3818,6.323462503334274,268,83,27,Legacy Believers,0.0,0.0
Michael,MIC_0077,Instagram,2025-08-25,How this performs internationally will be fascinating. MJ's global brand is unprecedented. Hot take.,positive,0.5423,5.351858133476067,113,34,4,Legacy Believers,0.0,0.0
Michael,MIC_0360,Twitter/X,2025-08-01,Every music lover owes it to themselves to experience this in a theater. Real talk.,positive,0.5859,5.750984076140496,162,57,3,Legacy Believers,0.0,0.0
Michael,MIC_0308,YouTube comments,2025-09-27,I grew up listening to MJ. This film feels like a love letter to an entire generation. Anyone else feel this way?,positive,0.7717,5.698769932832657,179,27,17,Legacy Believers,0.0,0.0
Michael,MIC_0129,TikTok comments,2025-10-29,The sonic experience of this film is going to be unmatched. Pop history on screen. Real talk.,negative,-0.0772,5.442417710521793,103,34,14,Legacy Believers,0.0,0.0
Michael,MIC_0118,Twitter/X,2025-08-16,The decision to cast his actual son is bold and beautiful. Can't imagine it going any other way. Can't wait.,positive,0.7579,5.5909869805108565,174,18,16,Legacy Believers,1.0,0.0
Michael,MIC_0296,Instagram,2025-10-25,Graham King producing means serious awards intentions here. Not just a cash grab. Fight me.,neutral,0.0258,5.457455587886334,133,21,16,Legacy Believers,0.0,0.0
Michael,MIC_0381,YouTube comments,2025-09-21,Graham King producing means serious awards intentions here. Not just a cash grab.,positive,0.4019,5.762051382780177,145,46,19,Legacy Believers,0.0,0.0
Michael,MIC_0226,YouTube comments,2025-10-13,The sonic experience of this film is going to be unmatched. Pop history on screen. Anyone else feel this way?,negative,-0.0772,5.2652775124698366,131,15,8,Legacy Believers,0.0,0.0
Michael,MIC_0169,Reddit,2025-10-23,How this performs internationally will be fascinating. MJ's global brand is unprecedented. Real talk.,positive,0.5423,6.364750756851911,368,62,19,Legacy Believers,0.0,0.0
Michael,MIC_0267,Instagram,2025-08-07,Music biopics have a very specific commercial formula. MJ is the ultimate subject. Genuinely can't stop thinking about this.,positive,0.2235,5.834810737062605,173,42,21,Legacy Believers,0.0,0.0
Michael,MIC_0337,TikTok comments,2025-08-08,Michael Jackson's cultural impact is genuinely underrepresented in cinema. This is overdue. Genuinely can't stop thinking about this.,positive,0.2235,5.799092654460526,228,14,22,Legacy Believers,0.0,0.0
Michael,MIC_0056,TikTok comments,2025-08-03,The fan base will love it. Everyone else will have questions about editorial choices. Fight me.,positive,0.5994,6.432135910950766,268,105,30,Legacy Believers,0.0,0.0
Michael,MIC_0068,Instagram,2025-09-07,The music catalog alone makes this a theatrical experience. Needs to be seen on IMAX. Hot take.,negative,-0.25,5.099866427824199,116,14,4,Legacy Believers,0.0,0.0
Michael,MIC_0189,Twitter/X,2025-08-05,Michael Jackson's story deserves to be told with this level of care. The trailer gave me chills. Thoughts?,positive,0.4939,5.600272098286537,135,43,9,Cultural Analysts,1.0,0.0
Michael,MIC_0031,Twitter/X,2025-09-07,The box office upside here is massive if they can navigate the controversy cleanly. Genuinely can't stop thinking about this.,positive,0.2235,6.46302945692067,322,108,16,Legacy Believers,0.0,0.0
Michael,MIC_0102,Instagram,2025-10-12,Celebrating MJ's artistry while ignoring the serious allegations feels irresponsible. Hot take.,negative,-0.296,4.867534450455582,78,12,7,Critical Observers,0.0,2.0
Michael,MIC_0229,Twitter/X,2025-09-26,The sonic experience of this film is going to be unmatched. Pop history on screen. Genuinely can't stop thinking about this.,positive,0.1501,5.519458915191573,120,31,17,Legacy Believers,0.0,0.0
Michael,MIC_0155,YouTube comments,2025-09-05,The decision to not address the allegations directly is a narrative choice with real consequences. Genuinely can't stop thinking about this.,positive,0.2235,5.7477993600729755,131,51,18,Legacy Believers,0.0,1.0
Michael,MIC_0248,Instagram,2025-08-11,Graham King producing means serious awards intentions here. Not just a cash grab. Can't wait.,positive,0.4019,4.875197323201151,97,12,1,Legacy Believers,1.0,0.0
Michael,MIC_0049,TikTok comments,2025-08-17,The marketing challenge for this film is one of the most complex in recent Hollywood history. Real talk.,positive,0.0772,5.643678550586496,194,11,20,Legacy Believers,0.0,0.0
Michael,MIC_0232,TikTok comments,2025-10-08,The music catalog alone makes this a theatrical experience. Needs to be seen on IMAX. Thoughts?,negative,-0.25,5.629418059367339,163,35,9,Legacy Believers,0.0,0.0
Michael,MIC_0175,Reddit,2025-09-30,The box office upside here is massive if they can navigate the controversy cleanly. Anyone else feel this way?,neutral,0.0,5.834810737062605,186,32,25,Legacy Believers,0.0,0.0
Michael,MIC_0321,Instagram,2025-09-13,This is a marketing and cultural experiment as much as it is a film. Thoughts?,neutral,0.0,5.404927101606295,116,29,11,Legacy Believers,0.0,0.0
Michael,MIC_0219,YouTube comments,2025-10-29,"Beat It, Billie Jean, Man in the Mirror — on a cinema screen with surround sound. Come on. Hot take.",neutral,0.0,6.0390635259072605,214,47,29,Legacy Believers,0.0,0.0
Michael,MIC_0306,Reddit,2025-09-18,This is a marketing and cultural experiment as much as it is a film. Real talk.,neutral,0.0,5.209486152841421,93,26,8,Legacy Believers,0.0,0.0
Michael,MIC_0242,YouTube comments,2025-09-09,The marketing challenge for this film is one of the most complex in recent Hollywood history. Can't wait.,positive,0.0772,6.134482053942907,252,63,17,Legacy Believers,1.0,0.0
Michael,MIC_0317,Instagram,2025-08-31,The choreography in the trailer already looks stunning. They clearly invested in getting it right. Real talk.,positive,0.6486,5.605802066295998,135,34,17,Legacy Believers,2.0,0.0
Michael,MIC_0020,Twitter/X,2025-10-25,"Motown, Off the Wall, Thriller era all in one film? The scope is incredible. Hot take.",positive,0.1027,6.298949246855942,279,66,33,Legacy Believers,1.0,0.0
Michael,MIC_0003,YouTube comments,2025-09-13,Michael Jackson's cultural impact is genuinely underrepresented in cinema. This is overdue.,neutral,0.0,6.400257445308821,389,56,24,Legacy Believers,0.0,0.0
Michael,MIC_0010,Twitter/X,2025-10-28,Leaving Neverland made it impossible for me to separate the art from the artist here. Hot take.,neutral,0.0,5.589119566336061,120,43,13,Legacy Believers,0.0,0.0
Michael,MIC_0311,Reddit,2025-09-06,Leaving Neverland made it impossible for me to separate the art from the artist here.,neutral,0.0,5.823045895483019,165,64,4,Legacy Believers,0.0,0.0
Michael,MIC_0109,YouTube comments,2025-09-07,I grew up listening to MJ. This film feels like a love letter to an entire generation. Hot take.,positive,0.7717,6.386879319362645,273,98,25,Legacy Believers,0.0,0.0
Michael,MIC_0103,YouTube comments,2025-08-29,Every music lover owes it to themselves to experience this in a theater. Hot take.,positive,0.5859,5.356586274672012,170,8,7,Legacy Believers,0.0,0.0
Michael,MIC_0105,TikTok comments,2025-10-17,Celebrating MJ's artistry while ignoring the serious allegations feels irresponsible. Hot take.,negative,-0.296,5.214935757608986,109,26,3,Critical Observers,0.0,2.0
Michael,MIC_0372,Twitter/X,2025-08-25,The marketing challenge for this film is one of the most complex in recent Hollywood history. Fight me.,negative,-0.3182,5.285738584341177,120,21,8,Legacy Believers,0.0,0.0
Michael,MIC_0052,YouTube comments,2025-08-20,"Beat It, Billie Jean, Man in the Mirror — on a cinema screen with surround sound. Come on. Can't wait.",neutral,0.0,6.012491914300058,205,57,20,Legacy Believers,1.0,0.0
Michael,MIC_0286,Twitter/X,2025-08-05,This is a marketing and cultural experiment as much as it is a film. Genuinely can't stop thinking about this.,positive,0.2235,5.084505142662711,112,17,2,Legacy Believers,0.0,0.0
Michael,MIC_0249,Instagram,2025-09-17,The fan base will love it. Everyone else will have questions about editorial choices. Anyone else feel this way?,positive,0.7579,5.643678550586496,144,37,15,Legacy Believers,0.0,0.0
Michael,MIC_0054,Twitter/X,2025-08-29,The fan base will love it. Everyone else will have questions about editorial choices. Hot take.,positive,0.7579,5.877735781779639,177,68,3,Legacy Believers,0.0,0.0
Michael,MIC_0247,Reddit,2025-10-18,I grew up listening to MJ. This film feels like a love letter to an entire generation. Can't wait.,positive,0.7717,5.8289456176102075,216,12,31,Legacy Believers,1.0,0.0
Michael,MIC_0359,Instagram,2025-08-06,The music catalog alone makes this a theatrical experience. Needs to be seen on IMAX. Hot take.,negative,-0.25,6.256709274440827,272,55,37,Legacy Believers,0.0,0.0
Michael,MIC_0304,Instagram,2025-08-23,Every music lover owes it to themselves to experience this in a theater. Real talk.,positive,0.5859,6.246106765481563,297,50,31,Legacy Believers,0.0,0.0
Michael,MIC_0221,TikTok comments,2025-08-16,The sonic experience of this film is going to be unmatched. Pop history on screen.,negative,-0.0772,6.193384461970565,233,83,16,Legacy Believers,0.0,0.0
Michael,MIC_0060,TikTok comments,2025-08-06,Can't ignore the documentary accusations. This film feels like reputation rehabilitation. Hot take.,positive,0.3204,5.10594547390058,87,20,9,Legacy Believers,0.0,1.0
Michael,MIC_0282,Instagram,2025-08-03,Biopic storytelling is hard. MJ's life is extraordinarily complex. Hoping they don't simplify. Genuinely can't stop thinking about this.,positive,0.5086,6.197461939587221,250,71,21,Legacy Believers,0.0,0.0
Michael,MIC_0271,Reddit,2025-08-18,Leaving Neverland made it impossible for me to separate the art from the artist here. Real talk.,neutral,0.0,5.422744944923089,130,31,6,Legacy Believers,0.0,0.0
Michael,MIC_0059,TikTok comments,2025-10-24,Music biopics have a very specific commercial formula. MJ is the ultimate subject. Fight me.,negative,-0.3818,5.8289456176102075,214,44,5,Legacy Believers,0.0,0.0
Michael,MIC_0051,TikTok comments,2025-08-13,The runtime reportedly over 2.5 hours. They'll need every minute for this story. Can't wait.,neutral,0.0,5.0466457316192885,83,19,8,Legacy Believers,1.0,0.0
Michael,MIC_0199,TikTok comments,2025-10-10,"Beat It, Billie Jean, Man in the Mirror — on a cinema screen with surround sound. Come on. Fight me.",negative,-0.3818,6.304448802421981,242,82,33,Legacy Believers,0.0,0.0
Michael,MIC_0318,Instagram,2025-10-12,The decision to cast his actual son is bold and beautiful. Can't imagine it going any other way. Real talk.,positive,0.7579,5.090678001769792,88,15,12,Legacy Believers,0.0,0.0
Michael,MIC_0015,Instagram,2025-09-17,This is going to be emotionally overwhelming. I'm already not ready. Real talk.,negative,-0.2755,6.297109319933935,344,18,51,Legacy Believers,3.0,0.0
Michael,MIC_0195,Reddit,2025-08-14,Can't ignore the documentary accusations. This film feels like reputation rehabilitation.,positive,0.3204,5.8664680569332965,235,24,19,Legacy Believers,0.0,1.0
Michael,MIC_0073,TikTok comments,2025-09-27,I grew up listening to MJ. This film feels like a love letter to an entire generation.,positive,0.7717,5.427150238391005,126,39,1,Legacy Believers,0.0,0.0
Michael,MIC_0382,YouTube comments,2025-08-10,The runtime reportedly over 2.5 hours. They'll need every minute for this story. Hot take.,neutral,0.0,5.4785534168509695,116,31,15,Legacy Believers,0.0,0.0
Michael,MIC_0167,TikTok comments,2025-09-27,How this performs internationally will be fascinating. MJ's global brand is unprecedented. Anyone else feel this way?,positive,0.5423,5.655991810819852,173,28,14,Legacy Believers,0.0,0.0
Michael,MIC_0223,Twitter/X,2025-09-27,Can't ignore the documentary accusations. This film feels like reputation rehabilitation. Can't wait.,positive,0.3204,6.049733455231958,196,56,29,Legacy Believers,1.0,1.0
Michael,MIC_0314,Twitter/X,2025-10-02,This is going to be emotionally overwhelming. I'm already not ready. Anyone else feel this way?,negative,-0.2755,5.337538079701318,171,12,2,Legacy Believers,3.0,0.0
Michael,MIC_0145,YouTube comments,2025-08-23,This is a marketing and cultural experiment as much as it is a film. Can't wait.,neutral,0.0,5.41610040220442,151,28,1,Legacy Believers,1.0,0.0
Michael,MIC_0061,Reddit,2025-09-20,I grew up listening to MJ. This film feels like a love letter to an entire generation. Real talk.,positive,0.7717,5.763622475012218,232,27,6,Legacy Believers,0.0,0.0
Michael,MIC_0326,TikTok comments,2025-10-17,The marketing challenge for this film is one of the most complex in recent Hollywood history. Genuinely can't stop thinking about this.,positive,0.2933,5.84354441703136,205,28,23,Legacy Believers,0.0,0.0
Michael,MIC_0159,TikTok comments,2025-08-24,The decision to cast his actual son is bold and beautiful. Can't imagine it going any other way. Can't wait.,positive,0.7579,6.132312855695361,216,83,12,Legacy Believers,1.0,0.0
Michael,MIC_0378,Instagram,2025-10-29,"If they get the music and the movement right, this will be one of the most important biopics ever made. Fight me.",negative,-0.1298,6.478509642208569,385,76,25,Legacy Believers,0.0,0.0
Michael,MIC_0154,Instagram,2025-10-19,The fan base will love it. Everyone else will have questions about editorial choices.,positive,0.7579,6.555356891810665,505,32,39,Legacy Believers,0.0,0.0
Michael,MIC_0383,Instagram,2025-10-29,The music catalog alone makes this a theatrical experience. Needs to be seen on IMAX. Hot take.,negative,-0.25,5.785362461648624,189,29,21,Legacy Believers,0.0,0.0
Michael,MIC_0053,Reddit,2025-08-22,The marketing challenge for this film is one of the most complex in recent Hollywood history.,positive,0.0772,5.881928660039675,160,55,20,Legacy Believers,0.0,0.0
Michael,MIC_0388,Instagram,2025-09-17,The decision to not address the allegations directly is a narrative choice with real consequences. Genuinely can't stop thinking about this.,positive,0.2235,5.491001710377538,158,31,2,Legacy Believers,0.0,1.0
Michael,MIC_0037,TikTok comments,2025-09-04,The music catalog alone makes this a theatrical experience. Needs to be seen on IMAX.,negative,-0.25,4.52720864451838,47,13,4,Legacy Believers,0.0,0.0
Michael,MIC_0253,Instagram,2025-09-20,The sonic experience of this film is going to be unmatched. Pop history on screen.,negative,-0.0772,6.675192505751435,364,123,40,Legacy Believers,0.0,0.0
Michael,MIC_0117,Instagram,2025-08-10,The marketing challenge for this film is one of the most complex in recent Hollywood history.,positive,0.0772,6.089044875446846,330,32,10,Legacy Believers,0.0,0.0
Michael,MIC_0004,Reddit,2025-09-11,The decision to cast his actual son is bold and beautiful. Can't imagine it going any other way. Fight me.,positive,0.5994,6.618071203859683,433,67,49,Legacy Believers,0.0,0.0
Michael,MIC_0353,Instagram,2025-08-10,"Motown, Off the Wall, Thriller era all in one film? The scope is incredible. Fight me.",negative,-0.3597,6.512487995850418,355,109,15,Legacy Believers,1.0,0.0
Michael,MIC_0164,Reddit,2025-08-13,The music catalog alone makes this a theatrical experience. Needs to be seen on IMAX. Anyone else feel this way?,negative,-0.25,6.23539063760472,296,41,37,Legacy Believers,0.0,0.0
Michael,MIC_0017,TikTok comments,2025-09-08,The runtime reportedly over 2.5 hours. They'll need every minute for this story. Genuinely can't stop thinking about this.,positive,0.2235,5.482720089545816,112,33,15,Legacy Believers,0.0,0.0
Michael,MIC_0055,Twitter/X,2025-09-27,The estate controlling the narrative is a legitimate concern for journalistic integrity. Real talk.,positive,0.3818,6.4457198193855785,334,70,40,Legacy Believers,0.0,0.0
Michael,MIC_0120,Twitter/X,2025-08-18,I want to love this but the controversy makes it complicated. Conflicted.,positive,0.4118,6.300785794663244,360,34,33,Music Enthusiasts,0.0,2.0
Michael,MIC_0057,Instagram,2025-10-17,I want to love this but the controversy makes it complicated. Conflicted.,positive,0.4118,5.298317366548036,170,8,3,Music Enthusiasts,0.0,2.0
Michael,MIC_0082,Instagram,2025-10-09,Michael Jackson's cultural impact is genuinely underrepresented in cinema. This is overdue. Anyone else feel this way?,neutral,0.0,5.712081277470896,159,51,5,Legacy Believers,0.0,0.0
Michael,MIC_0027,Twitter/X,2025-08-21,Celebrating MJ's artistry while ignoring the serious allegations feels irresponsible. Genuinely can't stop thinking about this.,negative,-0.0803,6.324358962381311,270,86,24,Critical Observers,0.0,2.0
Michael,MIC_0303,YouTube comments,2025-10-28,Music biopics have a very specific commercial formula. MJ is the ultimate subject. Anyone else feel this way?,neutral,0.0,5.655991810819852,221,16,8,Legacy Believers,0.0,0.0
Michael,MIC_0415,YouTube comments,2025-09-01,If they include the full Thriller sequence I will cry in the theater. Not a question. Genuinely can't stop thinking about this.,negative,-0.2052,5.8650506222523235,189,41,20,Legacy Believers,0.0,0.0
Michael,MIC_0270,YouTube comments,2025-08-12,The music catalog alone makes this a theatrical experience. Needs to be seen on IMAX. Anyone else feel this way?,negative,-0.25,6.069582326371934,212,53,29,Legacy Believers,0.0,0.0
Michael,MIC_0239,Twitter/X,2025-10-20,The fan base will love it. Everyone else will have questions about editorial choices. Real talk.,positive,0.7579,6.443336028030302,391,67,23,Legacy Believers,0.0,0.0
Michael,MIC_0000,Reddit,2025-10-08,Graham King producing means serious awards intentions here. Not just a cash grab. Thoughts?,positive,0.4019,5.382198850528739,160,13,8,Legacy Believers,0.0,0.0
Michael,MIC_0298,YouTube comments,2025-10-18,Celebrating MJ's artistry while ignoring the serious allegations feels irresponsible. Genuinely can't stop thinking about this.,negative,-0.0803,5.969985515430857,270,35,11,Critical Observers,0.0,2.0
Michael,MIC_0153,Instagram,2025-08-11,"Motown, Off the Wall, Thriller era all in one film? The scope is incredible. Can't wait.",positive,0.1027,4.852030263919617,96,10,2,Legacy Believers,2.0,0.0
Michael,MIC_0402,YouTube comments,2025-10-13,How this performs internationally will be fascinating. MJ's global brand is unprecedented. Genuinely can't stop thinking about this.,positive,0.6584,5.928258471204189,210,31,29,Legacy Believers,0.0,0.0
Michael,MIC_0036,YouTube comments,2025-10-29,The King of Pop on the big screen with full music rights. This is a historic moment for music cinema. Real talk.,neutral,0.0,5.270432163058501,143,13,6,Legacy Believers,1.0,0.0
Michael,MIC_0066,Instagram,2025-09-20,The estate controlling the narrative is a legitimate concern for journalistic integrity. Real talk.,positive,0.3818,6.271933165041461,285,83,12,Legacy Believers,0.0,0.0
Michael,MIC_0281,Instagram,2025-09-22,How this performs internationally will be fascinating. MJ's global brand is unprecedented. Fight me.,positive,0.2263,5.809642865355678,189,31,22,Legacy Believers,0.0,0.0
Michael,MIC_0100,TikTok comments,2025-10-14,How this performs internationally will be fascinating. MJ's global brand is unprecedented. Thoughts?,positive,0.5423,2.917770732084279,15,1,0,Legacy Believers,0.0,0.0
Michael,MIC_0385,Reddit,2025-09-16,The decision to not address the allegations directly is a narrative choice with real consequences.,neutral,0.0,5.267858159063328,125,26,1,Legacy Believers,0.0,1.0
Michael,MIC_0091,Instagram,2025-09-03,The choreography in the trailer already looks stunning. They clearly invested in getting it right. Genuinely can't stop thinking about this.,positive,0.7342,6.532334292222349,393,98,16,Legacy Believers,2.0,0.0
Michael,MIC_0142,Reddit,2025-08-12,Michael Jackson's cultural impact is genuinely underrepresented in cinema. This is overdue. Anyone else feel this way?,neutral,0.0,6.0390635259072605,197,55,28,Legacy Believers,0.0,0.0
Michael,MIC_0133,Instagram,2025-10-12,I grew up listening to MJ. This film feels like a love letter to an entire generation. Real talk.,positive,0.7717,6.1452580202873985,291,41,24,Legacy Believers,0.0,0.0
Michael,MIC_0067,Twitter/X,2025-10-05,Celebrating MJ's artistry while ignoring the serious allegations feels irresponsible. Anyone else feel this way?,negative,-0.296,5.771441123130016,157,40,21,Critical Observers,0.0,2.0
Michael,MIC_0177,Instagram,2025-09-09,The marketing challenge for this film is one of the most complex in recent Hollywood history. Fight me.,negative,-0.3182,5.3867860145356445,117,27,11,Legacy Believers,0.0,0.0
Michael,MIC_0062,TikTok comments,2025-10-21,Biopic storytelling is hard. MJ's life is extraordinarily complex. Hoping they don't simplify. Can't wait.,positive,0.34,6.505784060128229,365,114,6,Legacy Believers,1.0,0.0
Michael,MIC_0390,Twitter/X,2025-09-20,Leaving Neverland made it impossible for me to separate the art from the artist here. Thoughts?,neutral,0.0,6.089044875446846,225,80,5,Legacy Believers,0.0,0.0
Michael,MIC_0354,Reddit,2025-10-29,I grew up listening to MJ. This film feels like a love letter to an entire generation. Fight me.,positive,0.6249,6.082218910376446,223,82,3,Legacy Believers,0.0,0.0
Michael,MIC_0391,Reddit,2025-08-20,This is a marketing and cultural experiment as much as it is a film. Thoughts?,neutral,0.0,5.337538079701318,160,14,4,Legacy Believers,0.0,0.0
Michael,MIC_0341,TikTok comments,2025-08-08,The sonic experience of this film is going to be unmatched. Pop history on screen. Thoughts?,negative,-0.0772,5.8185981490847825,248,17,15,Legacy Believers,0.0,0.0
Michael,MIC_0236,Reddit,2025-08-30,The runtime reportedly over 2.5 hours. They'll need every minute for this story. Hot take.,neutral,0.0,4.820281565605037,58,20,5,Legacy Believers,0.0,0.0
Michael,MIC_0151,YouTube comments,2025-09-04,Strong performance from Jaafar but the script carries all the risk. Anyone else feel this way?,negative,-0.128,5.886104031450156,196,34,26,Legacy Believers,0.0,0.0
Michael,MIC_0166,TikTok comments,2025-10-13,I want to love this but the controversy makes it complicated. Conflicted. Thoughts?,positive,0.4118,6.735186013630861,421,121,39,Music Enthusiasts,0.0,2.0
Michael,MIC_0393,Reddit,2025-08-30,I want to love this but the controversy makes it complicated. Conflicted. Fight me.,negative,-0.1655,5.749392985908253,200,14,26,Music Enthusiasts,0.0,2.0
Michael,MIC_0233,Instagram,2025-10-28,Music biopics have a very specific commercial formula. MJ is the ultimate subject. Genuinely can't stop thinking about this.,positive,0.2235,5.0689042022202315,75,20,11,Legacy Believers,0.0,0.0
Michael,MIC_0399,Twitter/X,2025-09-10,The decision to cast his actual son is bold and beautiful. Can't imagine it going any other way. Hot take.,positive,0.7579,6.0063531596017325,246,60,3,Legacy Believers,0.0,0.0
Michael,MIC_0339,Reddit,2025-08-10,The estate controlling the narrative is a legitimate concern for journalistic integrity. Anyone else feel this way?,positive,0.3818,5.260096153727839,116,17,11,Legacy Believers,0.0,0.0
Michael,MIC_0030,Twitter/X,2025-08-17,Michael Jackson's story deserves to be told with this level of care. The trailer gave me chills.,positive,0.4939,6.406054562993147,318,93,18,Cultural Analysts,1.0,0.0
Michael,MIC_0157,YouTube comments,2025-10-28,The estate controlling the narrative is a legitimate concern for journalistic integrity. Anyone else feel this way?,positive,0.3818,6.430525604644662,318,93,23,Legacy Believers,0.0,0.0
Michael,MIC_0075,YouTube comments,2025-10-27,If they include the full Thriller sequence I will cry in the theater. Not a question.,negative,-0.4019,5.442417710521793,125,24,15,Legacy Believers,0.0,0.0
Michael,MIC_0225,Instagram,2025-09-25,The fan base will love it. Everyone else will have questions about editorial choices.,positive,0.7579,4.363098624788363,51,7,3,Legacy Believers,0.0,0.0
Michael,MIC_0045,TikTok comments,2025-09-04,I grew up listening to MJ. This film feels like a love letter to an entire generation. Anyone else feel this way?,positive,0.7717,4.955827057601261,62,22,8,Legacy Believers,0.0,0.0
Michael,MIC_0352,Reddit,2025-08-06,The fan base will love it. Everyone else will have questions about editorial choices. Fight me.,positive,0.5994,5.0466457316192885,101,7,12,Legacy Believers,0.0,0.0
Michael,MIC_0395,YouTube comments,2025-09-09,The music catalog alone makes this a theatrical experience. Needs to be seen on IMAX. Fight me.,negative,-0.5574,5.8522024797744745,173,42,23,Legacy Believers,0.0,0.0
Michael,MIC_0260,Twitter/X,2025-10-30,The decision to cast his actual son is bold and beautiful. Can't imagine it going any other way. Hot take.,positive,0.7579,5.898526551448713,199,61,4,Legacy Believers,0.0,0.0
Michael,MIC_0312,TikTok comments,2025-10-09,I want to love this but the controversy makes it complicated. Conflicted. Real talk.,positive,0.4118,6.037870919922137,255,46,16,Music Enthusiasts,0.0,2.0
Michael,MIC_0276,Reddit,2025-08-27,Michael Jackson's story deserves to be told with this level of care. The trailer gave me chills. Thoughts?,positive,0.4939,6.293419278846481,251,82,28,Cultural Analysts,1.0,0.0
Michael,MIC_0331,Instagram,2025-09-30,This is going to be emotionally overwhelming. I'm already not ready. Fight me.,neutral,0.0191,5.511410582008745,139,25,15,Legacy Believers,3.0,0.0
Michael,MIC_0085,Instagram,2025-10-27,Celebrating MJ's artistry while ignoring the serious allegations feels irresponsible. Can't wait.,negative,-0.296,6.424869023905388,295,78,42,Critical Observers,1.0,2.0
Michael,MIC_0161,Reddit,2025-09-18,Graham King producing means serious awards intentions here. Not just a cash grab. Can't wait.,positive,0.4019,5.750984076140496,204,27,14,Legacy Believers,1.0,0.0
Michael,MIC_0002,Instagram,2025-09-20,The estate controlling the narrative is a legitimate concern for journalistic integrity. Anyone else feel this way?,positive,0.3818,5.53338948872752,133,38,8,Legacy Believers,0.0,0.0
Michael,MIC_0394,Instagram,2025-10-02,Can't ignore the documentary accusations. This film feels like reputation rehabilitation. Real talk.,positive,0.3204,5.806639860095909,162,45,19,Legacy Believers,0.0,1.0
Michael,MIC_0257,Instagram,2025-09-27,Strong performance from Jaafar but the script carries all the risk.,negative,-0.128,6.342121418721152,350,34,44,Legacy Believers,0.0,0.0
Michael,MIC_0041,Twitter/X,2025-08-15,The fan base will love it. Everyone else will have questions about editorial choices. Hot take.,positive,0.7579,5.631211781821365,233,12,5,Legacy Believers,0.0,0.0
Michael,MIC_0416,YouTube comments,2025-10-01,The sonic experience of this film is going to be unmatched. Pop history on screen. Genuinely can't stop thinking about this.,positive,0.1501,6.052089168924417,232,60,14,Legacy Believers,0.0,0.0
Michael,MIC_0021,Instagram,2025-09-03,This is going to be emotionally overwhelming. I'm already not ready. Anyone else feel this way?,negative,-0.2755,5.967427969279741,243,37,18,Legacy Believers,3.0,0.0
Michael,MIC_0324,Reddit,2025-09-07,Graham King producing means serious awards intentions here. Not just a cash grab. Genuinely can't stop thinking about this.,positive,0.5556,5.2390980068880655,144,15,2,Legacy Believers,0.0,0.0
Michael,MIC_0269,Reddit,2025-09-06,Strong performance from Jaafar but the script carries all the risk. Thoughts?,negative,-0.128,5.94672865326659,184,73,5,Legacy Believers,0.0,0.0
Michael,MIC_0114,TikTok comments,2025-09-05,"If they get the music and the movement right, this will be one of the most important biopics ever made.",positive,0.2716,6.269096283706261,266,78,22,Legacy Believers,0.0,0.0
Michael,MIC_0279,TikTok comments,2025-08-04,Michael Jackson's story deserves to be told with this level of care. The trailer gave me chills. Thoughts?,positive,0.4939,6.133398042996649,266,50,23,Cultural Analysts,1.0,0.0
Michael,MIC_0094,Instagram,2025-09-18,Every music lover owes it to themselves to experience this in a theater. Genuinely can't stop thinking about this.,positive,0.6896,6.021023349349527,230,34,32,Legacy Believers,0.0,0.0
Michael,MIC_0088,Twitter/X,2025-10-20,This is a marketing and cultural experiment as much as it is a film. Thoughts?,neutral,0.0,6.400257445308821,294,94,24,Legacy Believers,0.0,0.0
Michael,MIC_0256,TikTok comments,2025-09-24,Celebrating MJ's artistry while ignoring the serious allegations feels irresponsible. Real talk.,negative,-0.296,6.404401670054847,293,99,21,Critical Observers,0.0,2.0
Michael,MIC_0178,Reddit,2025-09-08,Music biopics have a very specific commercial formula. MJ is the ultimate subject. Can't wait.,neutral,0.0,6.102558594613569,282,50,13,Legacy Believers,1.0,0.0
Michael,MIC_0122,TikTok comments,2025-09-30,How this performs internationally will be fascinating. MJ's global brand is unprecedented.,positive,0.5423,5.973809611869261,277,22,20,Legacy Believers,0.0,0.0
Michael,MIC_0364,Twitter/X,2025-10-19,Michael Jackson's story deserves to be told with this level of care. The trailer gave me chills. Can't wait.,positive,0.4939,6.62273632394984,311,122,45,Cultural Analysts,2.0,0.0
Michael,MIC_0065,Twitter/X,2025-09-11,Graham King producing means serious awards intentions here. Not just a cash grab. Anyone else feel this way?,positive,0.4019,5.295814236329918,116,21,10,Legacy Believers,0.0,0.0
Michael,MIC_0046,Twitter/X,2025-09-04,Leaving Neverland made it impossible for me to separate the art from the artist here. Hot take.,neutral,0.0,5.8650506222523235,186,35,26,Legacy Believers,0.0,0.0
Michael,MIC_0347,YouTube comments,2025-09-15,Michael Jackson's story deserves to be told with this level of care. The trailer gave me chills. Real talk.,positive,0.4939,5.2652775124698366,96,23,13,Cultural Analysts,1.0,0.0
Michael,MIC_0080,Reddit,2025-10-20,Strong performance from Jaafar but the script carries all the risk. Anyone else feel this way?,negative,-0.128,3.817712325956905,32,5,0,Legacy Believers,0.0,0.0
Michael,MIC_0143,YouTube comments,2025-10-30,The estate controlling the narrative is a legitimate concern for journalistic integrity. Hot take.,positive,0.3818,5.181783550292085,96,24,7,Legacy Believers,0.0,0.0
Michael,MIC_0097,Reddit,2025-10-10,Music biopics have a very specific commercial formula. MJ is the ultimate subject. Anyone else feel this way?,neutral,0.0,6.315358001522335,305,76,19,Legacy Believers,0.0,0.0
Michael,MIC_0254,Instagram,2025-08-06,Graham King producing means serious awards intentions here. Not just a cash grab.,positive,0.4019,5.996452088619021,213,44,26,Legacy Believers,0.0,0.0
Michael,MIC_0264,Twitter/X,2025-09-02,The choreography in the trailer already looks stunning. They clearly invested in getting it right. Thoughts?,positive,0.6486,5.998936561946683,255,30,24,Legacy Believers,2.0,0.0
Michael,MIC_0401,YouTube comments,2025-10-09,The fan base will love it. Everyone else will have questions about editorial choices. Anyone else feel this way?,positive,0.7579,6.0787883752796565,304,49,3,Legacy Believers,0.0,0.0
Michael,MIC_0369,YouTube comments,2025-10-26,The decision to not address the allegations directly is a narrative choice with real consequences. Can't wait.,neutral,0.0,5.313205979041787,111,28,7,Legacy Believers,1.0,1.0
Michael,MIC_0251,Twitter/X,2025-08-27,The decision to cast his actual son is bold and beautiful. Can't imagine it going any other way. Real talk.,positive,0.7579,5.69035945432406,162,46,6,Legacy Believers,0.0,0.0
Michael,MIC_0396,YouTube comments,2025-08-07,The decision to cast his actual son is bold and beautiful. Can't imagine it going any other way. Can't wait.,positive,0.7579,5.575949103146316,114,44,13,Legacy Believers,1.0,0.0
Michael,MIC_0106,Instagram,2025-08-10,The decision to cast his actual son is bold and beautiful. Can't imagine it going any other way. Anyone else feel this way?,positive,0.7579,6.2166061010848646,286,40,38,Legacy Believers,0.0,0.0
Michael,MIC_0320,Instagram,2025-10-20,The box office upside here is massive if they can navigate the controversy cleanly. Thoughts?,neutral,0.0,6.512487995850418,377,99,16,Legacy Believers,0.0,0.0
Michael,MIC_0163,YouTube comments,2025-08-07,Music biopics have a very specific commercial formula. MJ is the ultimate subject. Hot take.,neutral,0.0,5.681877639268151,169,23,22,Legacy Believers,0.0,0.0
Michael,MIC_0333,Reddit,2025-10-18,This is a marketing and cultural experiment as much as it is a film.,neutral,0.0,5.741399338227508,172,29,22,Legacy Believers,0.0,0.0
Michael,MIC_0193,YouTube comments,2025-10-14,The decision to cast his actual son is bold and beautiful. Can't imagine it going any other way. Thoughts?,positive,0.7579,6.392754283805666,337,45,49,Legacy Believers,0.0,0.0
Michael,MIC_0334,TikTok comments,2025-10-14,The decision to cast his actual son is bold and beautiful. Can't imagine it going any other way. Hot take.,positive,0.7579,5.25227342804663,98,32,4,Legacy Believers,0.0,0.0
Michael,MIC_0076,TikTok comments,2025-09-26,"If they get the music and the movement right, this will be one of the most important biopics ever made.",positive,0.2716,6.220590170099739,250,66,29,Legacy Believers,0.0,0.0
Michael,MIC_0204,Twitter/X,2025-08-25,"If they get the music and the movement right, this will be one of the most important biopics ever made. Anyone else feel this way?",positive,0.2716,5.545177444479562,210,12,5,Legacy Believers,0.0,0.0
Michael,MIC_0092,YouTube comments,2025-10-08,Celebrating MJ's artistry while ignoring the serious allegations feels irresponsible. Real talk.,negative,-0.296,5.688668836846153,204,11,21,Critical Observers,0.0,2.0
The Devil Wears Prada 2,THE_0252,Instagram,2025-10-27,The writing needs to be sharp. Fashion satire works best when it's uncomfortable. Hot take.,positive,0.3818,5.351858133476067,101,28,13,Industry Analysts,0.0,0.0
The Devil Wears Prada 2,THE_0049,TikTok comments,2025-09-05,I'm a fashion journalist and this movie is basically a love letter to our industry. Excited doesn't cover it. Real talk.,positive,0.765,5.976350909297934,171,60,24,Industry Analysts,0.0,0.0
The Devil Wears Prada 2,THE_0025,YouTube comments,2025-09-15,Devil Wears Prada shaped my entire career path. This sequel feels personal. Fight me.,negative,-0.7906,5.6937321388027,196,16,20,Fashion Insiders,0.0,0.0
The Devil Wears Prada 2,THE_0091,Reddit,2025-10-21,Meryl Streep in a sequel? She doesn't do sequels. This must be THAT good. Genuinely can't stop thinking about this.,positive,0.5842,5.870708345972182,197,29,28,Industry Analysts,0.0,0.0
The Devil Wears Prada 2,THE_0143,TikTok comments,2025-08-08,The original didn't need a sequel. Hope they don't ruin the legacy. Thoughts?,positive,0.8059,5.8185981490847825,153,55,15,Fashion Insiders,0.0,1.0
The Devil Wears Prada 2,THE_0008,Instagram,2025-08-21,Fashion Twitter is absolutely losing it. Rightfully so. Thoughts?,negative,-0.4391,5.886104031450156,224,24,25,Industry Analysts,0.0,0.0
The Devil Wears Prada 2,THE_0260,YouTube comments,2025-10-01,The demographic skew toward 25-45 women is very clear in the marketing. Smart targeting. Anyone else feel this way?,positive,0.6801,6.456769655572163,273,102,36,Industry Analysts,0.0,0.0
The Devil Wears Prada 2,THE_0228,Twitter/X,2025-10-20,Devil Wears Prada 2 is giving me everything I didn't know I needed. The casting looks *chef's kiss*. Genuinely can't stop thinking about this.,positive,0.1749,5.465948207931988,113,43,5,Fashion Insiders,0.0,0.0
The Devil Wears Prada 2,THE_0317,Instagram,2025-09-07,I'll watch it but I have reservations. Fashion films are very of-their-moment. Anyone else feel this way?,neutral,0.0,5.2652775124698366,109,19,12,Industry Analysts,0.0,1.0
The Devil Wears Prada 2,THE_0327,Instagram,2025-09-20,The original is a masterpiece of corporate satire. Sequel has massive shoes to fill. Hot take.,positive,0.7506,5.278114659230517,134,16,7,Industry Analysts,1.0,0.0
The Devil Wears Prada 2,THE_0305,YouTube comments,2025-08-02,The nostalgia economy is real. Studios know exactly what they're doing with this IP. Fight me.,negative,-0.3818,6.041444479413003,304,15,26,Fashion Insiders,0.0,0.0
The Devil Wears Prada 2,THE_0194,Instagram,2025-10-01,Some of the new casting choices are surprising. Trust the director but will reserve judgment. Can't wait.,positive,0.4019,6.07993319509559,227,80,3,Fashion Insiders,1.0,0.0
The Devil Wears Prada 2,THE_0200,Reddit,2025-09-23,Meryl Streep in a sequel? She doesn't do sequels. This must be THAT good. Real talk.,positive,0.4404,4.959341999708705,101,15,1,Industry Analysts,0.0,0.0
The Devil Wears Prada 2,THE_0401,Instagram,2025-10-15,Devil Wears Prada 2 is giving me everything I didn't know I needed. The casting looks *chef's kiss*. Thoughts?,negative,-0.0516,5.941486177301741,203,55,13,Fashion Insiders,0.0,0.0
The Devil Wears Prada 2,THE_0266,Instagram,2025-10-21,Sequels to perfect movies almost never work. I'm cautiously optimistic but nervous. Genuinely can't stop thinking about this.,positive,0.3983,5.327876168789581,111,34,3,Industry Analysts,0.0,1.0
The Devil Wears Prada 2,THE_0088,TikTok comments,2025-08-30,I'll watch it but I have reservations. Fashion films are very of-their-moment. Hot take.,neutral,0.0,6.082218910376446,263,54,13,Industry Analysts,0.0,1.0
The Devil Wears Prada 2,THE_0093,Reddit,2025-10-27,Hoping they address the toxic workplace dynamics more critically this time. Fight me.,positive,0.3182,5.6185876285929695,153,33,13,Cautious Fans,0.0,0.0
The Devil Wears Prada 2,THE_0275,Reddit,2025-10-05,Hoping they address the toxic workplace dynamics more critically this time. Fight me.,positive,0.3182,5.664695085948154,171,43,3,Cautious Fans,0.0,0.0
The Devil Wears Prada 2,THE_0449,Instagram,2025-09-23,Good trailer. Not great. But the bar for the actual film is set correctly.,negative,-0.0508,5.062595033026967,89,20,6,Industry Analysts,0.0,0.0
The Devil Wears Prada 2,THE_0419,TikTok comments,2025-08-23,Hoping they address the toxic workplace dynamics more critically this time. Real talk.,positive,0.5994,6.143112096717122,209,71,26,Cautious Fans,0.0,0.0
The Devil Wears Prada 2,THE_0000,Reddit,2025-10-26,The costume design alone justifies a ticket. Anna Wintour era aesthetic is peak cinema. Thoughts?,negative,-0.25,5.840641657373398,209,26,23,Industry Analysts,0.0,0.0
The Devil Wears Prada 2,THE_0230,Instagram,2025-08-06,The nostalgia economy is real. Studios know exactly what they're doing with this IP. Hot take.,neutral,0.0,6.519884479274924,360,121,5,Fashion Insiders,0.0,0.0
The Devil Wears Prada 2,THE_0053,TikTok comments,2025-09-12,The pacing of the trailer felt a bit rushed. Hope the actual film breathes more. Can't wait.,positive,0.4404,5.786897381366708,219,16,22,Industry Analysts,1.0,0.0
The Devil Wears Prada 2,THE_0366,Reddit,2025-08-01,Some of the new casting choices are surprising. Trust the director but will reserve judgment. Fight me.,negative,-0.1779,5.529429087511423,122,42,8,Fashion Insiders,0.0,0.0
The Devil Wears Prada 2,THE_0190,TikTok comments,2025-09-18,The demographic skew toward 25-45 women is very clear in the marketing. Smart targeting.,positive,0.6801,6.1070228877422545,240,76,6,Industry Analysts,0.0,0.0
The Devil Wears Prada 2,THE_0374,YouTube comments,2025-08-12,I'm a fashion journalist and this movie is basically a love letter to our industry. Excited doesn't cover it. Anyone else feel this way?,positive,0.765,5.363636832668679,101,29,13,Industry Analysts,0.0,0.0
The Devil Wears Prada 2,THE_0362,TikTok comments,2025-08-01,The industry commentary in the original was years ahead of its time. Can't wait to see 2024 through that lens. Genuinely can't stop thinking about this.,positive,0.4919,5.4785534168509695,113,43,6,Cautious Fans,1.0,0.0
The Devil Wears Prada 2,THE_0341,TikTok comments,2025-09-21,The demographic skew toward 25-45 women is very clear in the marketing. Smart targeting. Anyone else feel this way?,positive,0.6801,5.664695085948154,169,33,12,Industry Analysts,0.0,0.0
The Devil Wears Prada 2,THE_0436,Twitter/X,2025-08-25,The nostalgia economy is real. Studios know exactly what they're doing with this IP. Real talk.,neutral,0.0,5.354224998486333,160,13,6,Fashion Insiders,0.0,0.0
The Devil Wears Prada 2,THE_0144,YouTube comments,2025-10-16,I'm a fashion journalist and this movie is basically a love letter to our industry. Excited doesn't cover it. Thoughts?,positive,0.765,6.074195944705447,218,61,21,Industry Analysts,0.0,0.0
The Devil Wears Prada 2,THE_0415,YouTube comments,2025-10-02,The costume design alone justifies a ticket. Anna Wintour era aesthetic is peak cinema.,negative,-0.25,5.988961416889864,203,60,15,Industry Analysts,0.0,0.0
The Devil Wears Prada 2,THE_0447,Twitter/X,2025-09-03,Devil Wears Prada 2 is giving me everything I didn't know I needed. The casting looks *chef's kiss*. Real talk.,negative,-0.0516,6.023447592961033,202,54,25,Fashion Insiders,0.0,0.0
The Devil Wears Prada 2,THE_0070,YouTube comments,2025-09-21,Anne Hathaway returning means this is going to be emotionally devastating. I'm prepared. Real talk.,negative,-0.5267,6.572981598996505,404,75,41,Nostalgia Advocates,2.0,0.0
The Devil Wears Prada 2,THE_0283,Twitter/X,2025-08-15,The writing needs to be sharp. Fashion satire works best when it's uncomfortable. Hot take.,positive,0.3818,4.812184355372417,75,8,9,Industry Analysts,0.0,0.0
The Devil Wears Prada 2,THE_0031,Twitter/X,2025-10-09,Box office tracking says this is projected to open at 60M+. Makes sense given the IP. Anyone else feel this way?,neutral,0.0,4.6491870714048655,78,9,1,Industry Analysts,0.0,0.0
The Devil Wears Prada 2,THE_0397,Twitter/X,2025-10-09,The fashion sequences look incredible. The plot remains to be seen. Can't wait.,neutral,0.0,6.400257445308821,304,114,4,Industry Analysts,2.0,0.0
The Devil Wears Prada 2,THE_0045,Instagram,2025-08-21,Hoping they address the toxic workplace dynamics more critically this time. Real talk.,positive,0.5994,6.022236205774735,247,25,34,Cautious Fans,0.0,0.0
The Devil Wears Prada 2,THE_0148,Instagram,2025-08-17,The original didn't need a sequel. Hope they don't ruin the legacy. Can't wait.,positive,0.8059,5.631211781821365,218,12,10,Fashion Insiders,1.0,1.0
The Devil Wears Prada 2,THE_0358,Instagram,2025-09-07,The demographic skew toward 25-45 women is very clear in the marketing. Smart targeting. Genuinely can't stop thinking about this.,positive,0.7566,5.354224998486333,124,13,18,Industry Analysts,0.0,0.0
The Devil Wears Prada 2,THE_0113,YouTube comments,2025-08-18,The writing needs to be sharp. Fashion satire works best when it's uncomfortable. Anyone else feel this way?,positive,0.3818,5.723585101952381,142,52,11,Industry Analysts,0.0,0.0
The Devil Wears Prada 2,THE_0023,Reddit,2025-08-10,I've been waiting for this sequel for 15 years. Miranda Priestly is back and I am NOT ready. Thoughts?,negative,-0.2755,6.568779912142806,309,113,40,Industry Analysts,1.0,0.0
The Devil Wears Prada 2,THE_0443,Instagram,2025-10-10,Devil Wears Prada 2 is giving me everything I didn't know I needed. The casting looks *chef's kiss*. Hot take.,negative,-0.0516,5.707110264748875,134,52,12,Fashion Insiders,0.0,0.0
The Devil Wears Prada 2,THE_0138,Instagram,2025-10-18,Box office tracking says this is projected to open at 60M+. Makes sense given the IP.,neutral,0.0,6.054439346269371,202,76,11,Industry Analysts,0.0,0.0
The Devil Wears Prada 2,THE_0141,Instagram,2025-10-23,This is the fashion girl movie of the decade. Period. Real talk.,neutral,0.0,5.1149953094204985,78,23,10,Industry Analysts,0.0,0.0
The Devil Wears Prada 2,THE_0006,Reddit,2025-08-30,This is the fashion girl movie of the decade. Period. Thoughts?,neutral,0.0,4.762173934797756,83,12,1,Industry Analysts,0.0,0.0
The Devil Wears Prada 2,THE_0056,Instagram,2025-09-25,The original is a masterpiece of corporate satire. Sequel has massive shoes to fill. Real talk.,positive,0.7506,6.221583712158617,398,19,19,Industry Analysts,1.0,0.0
The Devil Wears Prada 2,THE_0197,Reddit,2025-08-11,I've been waiting for this sequel for 15 years. Miranda Priestly is back and I am NOT ready. Real talk.,negative,-0.2755,5.27556037942542,121,21,7,Industry Analysts,1.0,0.0
The Devil Wears Prada 2,THE_0217,YouTube comments,2025-10-13,"The teaser just dropped and I'm already emotional. Fashion, power, and Meryl Streep. Anyone else feel this way?",negative,-0.1027,5.975081067857458,220,39,25,Industry Analysts,3.0,0.0
The Devil Wears Prada 2,THE_0416,YouTube comments,2025-08-29,This will be fascinating to analyze from an audience reception standpoint. Hot take.,positive,0.5423,5.0072963928307415,106,11,5,Industry Analysts,0.0,0.0
The Devil Wears Prada 2,THE_0244,Instagram,2025-10-18,The writing needs to be sharp. Fashion satire works best when it's uncomfortable. Anyone else feel this way?,positive,0.3818,5.976350909297934,227,52,12,Industry Analysts,0.0,0.0
The Devil Wears Prada 2,THE_0127,TikTok comments,2025-09-14,The pacing of the trailer felt a bit rushed. Hope the actual film breathes more. Fight me.,neutral,0.0018,5.830415125589567,205,49,4,Industry Analysts,0.0,0.0
The Devil Wears Prada 2,THE_0245,Instagram,2025-10-02,Not sure how they'll top the original. The bar is literally Meryl Streep at peak Meryl. Genuinely can't stop thinking about this.,positive,0.4635,6.028278520230698,230,52,18,Industry Analysts,0.0,0.0
The Devil Wears Prada 2,THE_0442,Twitter/X,2025-10-29,The writing needs to be sharp. Fashion satire works best when it's uncomfortable. Genuinely can't stop thinking about this.,positive,0.5405,6.082218910376446,312,44,5,Industry Analysts,0.0,0.0
The Devil Wears Prada 2,THE_0035,TikTok comments,2025-10-22,Anne Hathaway returning means this is going to be emotionally devastating. I'm prepared. Can't wait.,negative,-0.5267,6.09807428216624,310,44,8,Nostalgia Advocates,3.0,0.0
The Devil Wears Prada 2,THE_0184,Reddit,2025-09-02,The costume design alone justifies a ticket. Anna Wintour era aesthetic is peak cinema. Hot take.,negative,-0.25,5.834810737062605,190,46,12,Industry Analysts,0.0,0.0
The Devil Wears Prada 2,THE_0124,TikTok comments,2025-09-22,"The teaser just dropped and I'm already emotional. Fashion, power, and Meryl Streep. Genuinely can't stop thinking about this.",positive,0.125,6.031886461606898,255,51,11,Industry Analysts,3.0,0.0
The Devil Wears Prada 2,THE_0235,Reddit,2025-09-07,Devil Wears Prada shaped my entire career path. This sequel feels personal. Fight me.,negative,-0.7906,3.737669618283368,31,4,0,Fashion Insiders,0.0,0.0
The Devil Wears Prada 2,THE_0444,Instagram,2025-08-31,Not sure how they'll top the original. The bar is literally Meryl Streep at peak Meryl. Real talk.,positive,0.2819,6.0063531596017325,193,68,14,Industry Analysts,0.0,0.0
The Devil Wears Prada 2,THE_0261,TikTok comments,2025-08-12,Every fashion editor I know has already pre-booked opening weekend. Genuinely can't stop thinking about this.,positive,0.2235,5.844992643207725,166,45,22,Industry Analysts,2.0,0.0
The Devil Wears Prada 2,THE_0169,Instagram,2025-08-10,The demographic skew toward 25-45 women is very clear in the marketing. Smart targeting. Can't wait.,positive,0.6801,5.249652194566756,87,29,10,Industry Analysts,1.0,0.0
The Devil Wears Prada 2,THE_0302,TikTok comments,2025-08-24,The writing needs to be sharp. Fashion satire works best when it's uncomfortable. Anyone else feel this way?,positive,0.3818,6.326149473155099,372,36,32,Industry Analysts,0.0,0.0
The Devil Wears Prada 2,THE_0278,Reddit,2025-09-30,I'll watch it but I have reservations. Fashion films are very of-their-moment. Hot take.,neutral,0.0,6.056784013228625,214,80,4,Industry Analysts,0.0,1.0
The Devil Wears Prada 2,THE_0445,Reddit,2025-10-26,Devil Wears Prada 2 is giving me everything I didn't know I needed. The casting looks *chef's kiss*. Real talk.,negative,-0.0516,5.575949103146316,116,42,14,Fashion Insiders,0.0,0.0
The Devil Wears Prada 2,THE_0229,Instagram,2025-08-20,The demographic skew toward 25-45 women is very clear in the marketing. Smart targeting. Thoughts?,positive,0.6801,5.2832037287379885,118,12,16,Industry Analysts,0.0,0.0
The Devil Wears Prada 2,THE_0059,Twitter/X,2025-09-30,The original is a masterpiece of corporate satire. Sequel has massive shoes to fill. Can't wait.,positive,0.7506,6.093569770045136,347,20,15,Industry Analysts,2.0,0.0
The Devil Wears Prada 2,THE_0425,Twitter/X,2025-10-02,Sequels to perfect movies almost never work. I'm cautiously optimistic but nervous. Anyone else feel this way?,positive,0.09,6.064947323867785,186,71,22,Industry Analysts,0.0,1.0
The Devil Wears Prada 2,THE_0249,Reddit,2025-09-10,Some of the new casting choices are surprising. Trust the director but will reserve judgment. Can't wait.,positive,0.4019,5.084505142662711,130,11,1,Fashion Insiders,1.0,0.0
The Devil Wears Prada 2,THE_0161,Reddit,2025-09-13,The nostalgia economy is real. Studios know exactly what they're doing with this IP. Genuinely can't stop thinking about this.,positive,0.2235,6.111467339502679,239,70,12,Fashion Insiders,0.0,0.0
The Devil Wears Prada 2,THE_0246,Reddit,2025-10-14,The original is a masterpiece of corporate satire. Sequel has massive shoes to fill. Fight me.,positive,0.5859,5.552959584921617,121,34,17,Industry Analysts,1.0,0.0
The Devil Wears Prada 2,THE_0355,YouTube comments,2025-09-26,Hoping they address the toxic workplace dynamics more critically this time.,positive,0.5994,5.820082930352362,187,32,23,Cautious Fans,0.0,0.0
The Devil Wears Prada 2,THE_0418,TikTok comments,2025-08-08,Devil Wears Prada shaped my entire career path. This sequel feels personal. Can't wait.,negative,-0.6597,5.438079308923196,102,34,14,Fashion Insiders,1.0,0.0
The Devil Wears Prada 2,THE_0016,Instagram,2025-10-20,The industry commentary in the original was years ahead of its time. Can't wait to see 2024 through that lens. Genuinely can't stop thinking about this.,positive,0.4919,5.470167623474696,142,15,19,Cautious Fans,1.0,0.0
The Devil Wears Prada 2,THE_0155,TikTok comments,2025-08-20,The industry commentary in the original was years ahead of its time. Can't wait to see 2024 through that lens. Thoughts?,positive,0.3182,5.438079308923196,151,24,6,Cautious Fans,1.0,0.0
The Devil Wears Prada 2,THE_0174,Instagram,2025-09-14,Interesting that they're releasing this during awards season. Strategic positioning. Thoughts?,positive,0.6908,5.40042258948519,135,15,16,Industry Analysts,0.0,0.0
The Devil Wears Prada 2,THE_0064,YouTube comments,2025-10-21,The fashion sequences look incredible. The plot remains to be seen. Anyone else feel this way?,neutral,0.0,4.966335035199676,98,13,4,Industry Analysts,1.0,0.0
The Devil Wears Prada 2,THE_0270,YouTube comments,2025-10-30,The original is a masterpiece of corporate satire. Sequel has massive shoes to fill. Anyone else feel this way?,positive,0.7506,5.1328529268205045,88,19,11,Industry Analysts,1.0,0.0
The Devil Wears Prada 2,THE_0011,YouTube comments,2025-10-11,Box office tracking says this is projected to open at 60M+. Makes sense given the IP. Real talk.,neutral,0.0,5.285738584341177,134,19,5,Industry Analysts,0.0,0.0
The Devil Wears Prada 2,THE_0373,Instagram,2025-09-26,Meryl Streep in a sequel? She doesn't do sequels. This must be THAT good. Thoughts?,positive,0.4404,4.930870325627393,98,5,9,Industry Analysts,0.0,0.0
The Devil Wears Prada 2,THE_0159,TikTok comments,2025-09-05,Hoping they address the toxic workplace dynamics more critically this time. Thoughts?,positive,0.5994,5.909440711629391,220,53,5,Cautious Fans,0.0,0.0
The Devil Wears Prada 2,THE_0085,Instagram,2025-08-31,Anne Hathaway returning means this is going to be emotionally devastating. I'm prepared. Genuinely can't stop thinking about this.,negative,-0.3637,5.712081277470896,181,41,6,Nostalgia Advocates,2.0,0.0
The Devil Wears Prada 2,THE_0015,TikTok comments,2025-08-01,Can we talk about how perfectly aged this story is? The fashion industry critique hits differently now. Genuinely can't stop thinking about this.,positive,0.7259,6.205567353770043,337,51,10,Fashion Insiders,0.0,0.0
The Devil Wears Prada 2,THE_0383,Twitter/X,2025-10-23,Good trailer. Not great. But the bar for the actual film is set correctly. Can't wait.,negative,-0.0508,5.772997543677674,192,31,17,Industry Analysts,1.0,0.0
The Devil Wears Prada 2,THE_0065,Twitter/X,2025-08-31,Every fashion editor I know has already pre-booked opening weekend. Fight me.,negative,-0.3818,5.349485653122436,116,23,12,Industry Analysts,2.0,0.0
The Devil Wears Prada 2,THE_0108,YouTube comments,2025-10-03,Hoping they address the toxic workplace dynamics more critically this time. Fight me.,positive,0.3182,5.755742213586912,216,24,13,Cautious Fans,0.0,0.0
The Devil Wears Prada 2,THE_0429,YouTube comments,2025-09-14,This will be fascinating to analyze from an audience reception standpoint. Thoughts?,positive,0.5423,5.8916442118257715,246,40,5,Industry Analysts,0.0,0.0
The Devil Wears Prada 2,THE_0384,YouTube comments,2025-09-01,Devil Wears Prada 2 is giving me everything I didn't know I needed. The casting looks *chef's kiss*. Genuinely can't stop thinking about this.,positive,0.1749,6.582025138892826,346,132,15,Fashion Insiders,0.0,0.0
The Devil Wears Prada 2,THE_0265,Reddit,2025-08-24,Anne Hathaway returning means this is going to be emotionally devastating. I'm prepared. Can't wait.,negative,-0.5267,5.535363823031238,124,37,12,Nostalgia Advocates,3.0,0.0
The Devil Wears Prada 2,THE_0002,Instagram,2025-08-01,I've been waiting for this sequel for 15 years. Miranda Priestly is back and I am NOT ready. Can't wait.,negative,-0.2755,5.1089711948171175,105,13,9,Industry Analysts,2.0,0.0
The Devil Wears Prada 2,THE_0412,YouTube comments,2025-08-24,Box office tracking says this is projected to open at 60M+. Makes sense given the IP.,neutral,0.0,6.129050210060545,275,54,16,Industry Analysts,0.0,0.0
The Devil Wears Prada 2,THE_0420,Instagram,2025-10-12,Sequels to perfect movies almost never work. I'm cautiously optimistic but nervous. Hot take.,positive,0.09,6.456769655572163,334,98,19,Industry Analysts,0.0,1.0
The Devil Wears Prada 2,THE_0294,Reddit,2025-10-11,The nostalgia economy is real. Studios know exactly what they're doing with this IP.,neutral,0.0,5.655991810819852,135,42,15,Fashion Insiders,0.0,0.0
The Devil Wears Prada 2,THE_0007,TikTok comments,2025-09-04,Anne Hathaway returning means this is going to be emotionally devastating. I'm prepared. Fight me.,negative,-0.7184,5.212214667494625,118,21,4,Nostalgia Advocates,2.0,0.0
The Devil Wears Prada 2,THE_0037,Twitter/X,2025-09-01,Interesting that they're releasing this during awards season. Strategic positioning. Genuinely can't stop thinking about this.,positive,0.7641,6.570882962339584,481,82,9,Industry Analysts,0.0,0.0
The Devil Wears Prada 2,THE_0387,Twitter/X,2025-09-04,The pacing of the trailer felt a bit rushed. Hope the actual film breathes more. Genuinely can't stop thinking about this.,positive,0.6189,4.990432586778736,93,8,11,Industry Analysts,0.0,0.0
The Devil Wears Prada 2,THE_0178,TikTok comments,2025-08-05,Anne Hathaway returning means this is going to be emotionally devastating. I'm prepared.,negative,-0.5267,4.959341999708705,103,7,7,Nostalgia Advocates,2.0,0.0
The Devil Wears Prada 2,THE_0055,Twitter/X,2025-08-23,The demographic skew toward 25-45 women is very clear in the marketing. Smart targeting. Anyone else feel this way?,positive,0.6801,5.718671087149952,161,45,10,Industry Analysts,0.0,0.0
The Devil Wears Prada 2,THE_0097,Twitter/X,2025-08-01,Fashion Twitter is absolutely losing it. Rightfully so. Thoughts?,negative,-0.4391,5.712081277470896,227,25,4,Industry Analysts,0.0,0.0
The Devil Wears Prada 2,THE_0370,Instagram,2025-09-13,Meryl Streep in a sequel? She doesn't do sequels. This must be THAT good. Can't wait.,positive,0.4404,5.484796933490655,157,32,1,Industry Analysts,1.0,0.0
The Devil Wears Prada 2,THE_0332,Instagram,2025-10-28,The nostalgia economy is real. Studios know exactly what they're doing with this IP. Fight me.,negative,-0.3818,5.358941988364472,107,25,14,Fashion Insiders,0.0,0.0
The Devil Wears Prada 2,THE_0068,Instagram,2025-09-08,Every fashion editor I know has already pre-booked opening weekend.,neutral,0.0,5.167639042905921,91,19,12,Industry Analysts,2.0,0.0
The Devil Wears Prada 2,THE_0052,Instagram,2025-08-01,Can we talk about how perfectly aged this story is? The fashion industry critique hits differently now. Real talk.,positive,0.6369,5.928258471204189,225,31,24,Fashion Insiders,0.0,0.0
The Devil Wears Prada 2,THE_0003,TikTok comments,2025-08-14,I'll watch it but I have reservations. Fashion films are very of-their-moment. Hot take.,neutral,0.0,6.424869023905388,372,46,43,Industry Analysts,0.0,1.0
The Devil Wears Prada 2,THE_0424,Reddit,2025-08-13,Interesting that they're releasing this during awards season. Strategic positioning. Hot take.,positive,0.6908,5.938854596835685,178,67,11,Industry Analysts,0.0,0.0
The Devil Wears Prada 2,THE_0352,TikTok comments,2025-08-22,I've been waiting for this sequel for 15 years. Miranda Priestly is back and I am NOT ready. Can't wait.,negative,-0.2755,5.929589143389895,233,34,19,Industry Analysts,2.0,0.0
The Devil Wears Prada 2,THE_0220,Twitter/X,2025-08-23,The original is a masterpiece of corporate satire. Sequel has massive shoes to fill. Fight me.,positive,0.5859,5.8185981490847825,258,25,5,Industry Analysts,1.0,0.0
The Devil Wears Prada 2,THE_0426,Twitter/X,2025-09-09,The aesthetic is immaculate. That first look at the editorial set made me gasp. Hot take.,neutral,0.0,6.158037746933798,272,69,9,Industry Analysts,0.0,0.0
The Devil Wears Prada 2,THE_0257,Twitter/X,2025-10-11,Anne Hathaway returning means this is going to be emotionally devastating. I'm prepared. Fight me.,negative,-0.7184,6.090178020044014,223,75,10,Nostalgia Advocates,2.0,0.0
The Devil Wears Prada 2,THE_0012,Instagram,2025-08-18,The industry commentary in the original was years ahead of its time. Can't wait to see 2024 through that lens. Real talk.,positive,0.3182,5.37989735354046,115,20,17,Cautious Fans,1.0,0.0
The Devil Wears Prada 2,THE_0179,Reddit,2025-10-14,Some of the new casting choices are surprising. Trust the director but will reserve judgment. Genuinely can't stop thinking about this.,positive,0.6164,5.201255653704905,100,25,6,Fashion Insiders,0.0,0.0
The Devil Wears Prada 2,THE_0234,TikTok comments,2025-10-11,Sequels to perfect movies almost never work. I'm cautiously optimistic but nervous. Hot take.,positive,0.09,4.852030263919617,92,8,5,Industry Analysts,0.0,1.0
The Devil Wears Prada 2,THE_0395,TikTok comments,2025-09-17,The writing needs to be sharp. Fashion satire works best when it's uncomfortable. Genuinely can't stop thinking about this.,positive,0.5405,5.600272098286537,190,15,14,Industry Analysts,0.0,0.0
The Devil Wears Prada 2,THE_0165,YouTube comments,2025-10-05,Fashion Twitter is absolutely losing it. Rightfully so. Real talk.,negative,-0.4391,5.187385805840755,108,22,5,Industry Analysts,0.0,0.0
The Devil Wears Prada 2,THE_0313,YouTube comments,2025-08-31,I'm a fashion journalist and this movie is basically a love letter to our industry. Excited doesn't cover it. Anyone else feel this way?,positive,0.765,5.954541193003384,300,23,9,Industry Analysts,0.0,0.0
The Devil Wears Prada 2,THE_0242,Reddit,2025-09-16,Can we talk about how perfectly aged this story is? The fashion industry critique hits differently now. Anyone else feel this way?,positive,0.6369,4.848116364598481,65,21,3,Fashion Insiders,0.0,0.0
The Devil Wears Prada 2,THE_0005,Reddit,2025-09-16,Good trailer. Not great. But the bar for the actual film is set correctly. Real talk.,negative,-0.0508,5.6240175061873385,130,44,12,Industry Analysts,0.0,0.0
The Devil Wears Prada 2,THE_0213,TikTok comments,2025-10-28,Fashion Twitter is absolutely losing it. Rightfully so. Genuinely can't stop thinking about this.,negative,-0.188,5.685279003091641,158,41,11,Industry Analysts,0.0,0.0
The Devil Wears Prada 2,THE_0262,Twitter/X,2025-08-05,Devil Wears Prada shaped my entire career path. This sequel feels personal.,negative,-0.6597,4.56954300834494,50,17,1,Fashion Insiders,0.0,0.0
The Devil Wears Prada 2,THE_0106,TikTok comments,2025-10-10,I'll watch it but I have reservations. Fashion films are very of-their-moment. Fight me.,negative,-0.5267,5.877735781779639,154,58,19,Industry Analysts,0.0,1.0
The Devil Wears Prada 2,THE_0050,Instagram,2025-09-03,Interesting that they're releasing this during awards season. Strategic positioning. Real talk.,positive,0.6908,5.204006687076795,90,34,2,Industry Analysts,0.0,0.0
The Devil Wears Prada 2,THE_0072,YouTube comments,2025-09-03,I've been waiting for this sequel for 15 years. Miranda Priestly is back and I am NOT ready. Thoughts?,negative,-0.2755,6.39024066706535,300,106,10,Industry Analysts,1.0,0.0
The Devil Wears Prada 2,THE_0083,TikTok comments,2025-10-12,Good trailer. Not great. But the bar for the actual film is set correctly. Thoughts?,negative,-0.0508,6.459121675472594,343,71,39,Industry Analysts,0.0,0.0
The Devil Wears Prada 2,THE_0151,Reddit,2025-08-11,Not sure how they'll top the original. The bar is literally Meryl Streep at peak Meryl. Real talk.,positive,0.2819,5.856503561673865,177,65,3,Industry Analysts,0.0,0.0
The Devil Wears Prada 2,THE_0309,Reddit,2025-09-30,Devil Wears Prada shaped my entire career path. This sequel feels personal. Genuinely can't stop thinking about this.,negative,-0.5442,6.19644412779452,296,56,18,Fashion Insiders,0.0,0.0
The Devil Wears Prada 2,THE_0304,Reddit,2025-10-21,This is the fashion girl movie of the decade. Period. Anyone else feel this way?,neutral,0.0,6.0844994130751715,278,58,5,Industry Analysts,0.0,0.0
The Devil Wears Prada 2,THE_0202,Twitter/X,2025-08-31,This will be fascinating to analyze from an audience reception standpoint. Can't wait.,positive,0.5423,5.7745515455444085,180,36,17,Industry Analysts,1.0,0.0
The Devil Wears Prada 2,THE_0105,Reddit,2025-08-14,I'll watch it but I have reservations. Fashion films are very of-their-moment. Fight me.,negative,-0.5267,5.937536205082426,232,44,12,Industry Analysts,0.0,1.0
The Devil Wears Prada 2,THE_0287,Instagram,2025-09-11,The original is a masterpiece of corporate satire. Sequel has massive shoes to fill. Can't wait.,positive,0.7506,4.852030263919617,66,16,7,Industry Analysts,2.0,0.0
The Devil Wears Prada 2,THE_0195,Instagram,2025-08-21,Good trailer. Not great. But the bar for the actual film is set correctly. Thoughts?,negative,-0.0508,6.0473721790462776,326,30,7,Industry Analysts,0.0,0.0
The Devil Wears Prada 2,THE_0408,Instagram,2025-08-14,Hoping they address the toxic workplace dynamics more critically this time. Fight me.,positive,0.3182,5.963579343618446,233,56,5,Cautious Fans,0.0,0.0
The Devil Wears Prada 2,THE_0182,Twitter/X,2025-10-06,The aesthetic is immaculate. That first look at the editorial set made me gasp.,neutral,0.0,5.4359030295006,134,27,9,Industry Analysts,0.0,0.0
The Devil Wears Prada 2,THE_0377,Twitter/X,2025-09-20,Hoping they address the toxic workplace dynamics more critically this time. Genuinely can't stop thinking about this.,positive,0.6992,6.18826412308259,276,72,10,Cautious Fans,0.0,0.0
The Devil Wears Prada 2,THE_0063,YouTube comments,2025-09-24,Interesting that they're releasing this during awards season. Strategic positioning. Hot take.,positive,0.6908,5.873525249243295,159,53,21,Industry Analysts,0.0,0.0
The Devil Wears Prada 2,THE_0040,TikTok comments,2025-10-04,The original is a masterpiece of corporate satire. Sequel has massive shoes to fill. Can't wait.,positive,0.7506,6.134482053942907,219,63,28,Industry Analysts,2.0,0.0
The Devil Wears Prada 2,THE_0422,Reddit,2025-08-26,The nostalgia economy is real. Studios know exactly what they're doing with this IP. Can't wait.,neutral,0.0,5.247024072160486,123,6,17,Fashion Insiders,1.0,0.0
The Devil Wears Prada 2,THE_0001,Instagram,2025-08-30,The demographic skew toward 25-45 women is very clear in the marketing. Smart targeting. Thoughts?,positive,0.6801,5.60396213937399,223,13,5,Industry Analysts,0.0,0.0
The Devil Wears Prada 2,THE_0379,TikTok comments,2025-10-12,The fashion sequences look incredible. The plot remains to be seen.,neutral,0.0,6.377576926700331,371,59,23,Industry Analysts,1.0,0.0
The Devil Wears Prada 2,THE_0094,Reddit,2025-10-16,Meryl Streep in a sequel? She doesn't do sequels. This must be THAT good. Genuinely can't stop thinking about this.,positive,0.5842,5.305789381386738,112,27,7,Industry Analysts,0.0,0.0
The Devil Wears Prada 2,THE_0026,Reddit,2025-08-14,The writing needs to be sharp. Fashion satire works best when it's uncomfortable.,positive,0.3818,5.570251082031678,124,37,15,Industry Analysts,0.0,0.0
The Devil Wears Prada 2,THE_0378,YouTube comments,2025-10-16,"The teaser just dropped and I'm already emotional. Fashion, power, and Meryl Streep. Can't wait.",negative,-0.1027,5.484796933490655,166,14,13,Industry Analysts,4.0,0.0
The Devil Wears Prada 2,THE_0167,Instagram,2025-08-28,Devil Wears Prada shaped my entire career path. This sequel feels personal. Real talk.,negative,-0.6597,5.9441108507245115,298,15,15,Fashion Insiders,0.0,0.0
The Devil Wears Prada 2,THE_0215,TikTok comments,2025-08-04,The costume design alone justifies a ticket. Anna Wintour era aesthetic is peak cinema. Real talk.,negative,-0.25,4.908971640319756,64,21,6,Industry Analysts,0.0,0.0
The Devil Wears Prada 2,THE_0180,YouTube comments,2025-09-11,The industry commentary in the original was years ahead of its time. Can't wait to see 2024 through that lens.,positive,0.3182,6.637913124658687,357,119,36,Cautious Fans,1.0,0.0
The Devil Wears Prada 2,THE_0051,Reddit,2025-09-25,Anne Hathaway returning means this is going to be emotionally devastating. I'm prepared.,negative,-0.5267,4.976733742420574,82,14,9,Nostalgia Advocates,2.0,0.0
The Devil Wears Prada 2,THE_0316,Reddit,2025-09-15,Not sure how they'll top the original. The bar is literally Meryl Streep at peak Meryl. Hot take.,positive,0.2819,6.0844994130751715,198,78,15,Industry Analysts,0.0,0.0
The Devil Wears Prada 2,THE_0406,Instagram,2025-08-19,Fashion Twitter is absolutely losing it. Rightfully so. Genuinely can't stop thinking about this.,negative,-0.188,6.393590753950631,352,44,45,Industry Analysts,0.0,0.0
The Devil Wears Prada 2,THE_0241,YouTube comments,2025-10-19,The original is a masterpiece of corporate satire. Sequel has massive shoes to fill. Thoughts?,positive,0.7506,5.840641657373398,195,40,16,Industry Analysts,1.0,0.0
The Devil Wears Prada 2,THE_0318,TikTok comments,2025-08-20,Devil Wears Prada 2 is giving me everything I didn't know I needed. The casting looks *chef's kiss*. Thoughts?,negative,-0.0516,6.206575926724928,274,50,32,Fashion Insiders,0.0,0.0
The Devil Wears Prada 2,THE_0224,Reddit,2025-10-07,The fashion sequences look incredible. The plot remains to be seen. Thoughts?,neutral,0.0,5.176149732573829,77,30,8,Industry Analysts,1.0,0.0
The Devil Wears Prada 2,THE_0402,Twitter/X,2025-09-20,I'll watch it but I have reservations. Fashion films are very of-their-moment. Anyone else feel this way?,neutral,0.0,5.335131339670753,138,19,7,Industry Analysts,0.0,1.0
The Devil Wears Prada 2,THE_0342,YouTube comments,2025-09-27,The aesthetic is immaculate. That first look at the editorial set made me gasp. Real talk.,neutral,0.0,6.3835066348840055,273,84,36,Industry Analysts,0.0,0.0
The Devil Wears Prada 2,THE_0446,Twitter/X,2025-08-17,Can we talk about how perfectly aged this story is? The fashion industry critique hits differently now. Fight me.,positive,0.3818,6.742290839254605,362,141,44,Fashion Insiders,0.0,0.0
The Devil Wears Prada 2,THE_0282,YouTube comments,2025-09-18,I've been waiting for this sequel for 15 years. Miranda Priestly is back and I am NOT ready. Genuinely can't stop thinking about this.,negative,-0.0572,5.310739886546594,103,31,7,Industry Analysts,1.0,0.0
The Devil Wears Prada 2,THE_0129,Instagram,2025-09-07,Devil Wears Prada shaped my entire career path. This sequel feels personal. Real talk.,negative,-0.6597,6.053264948013429,207,51,30,Fashion Insiders,0.0,0.0
The Devil Wears Prada 2,THE_0396,Instagram,2025-10-03,This will be fascinating to analyze from an audience reception standpoint. Genuinely can't stop thinking about this.,positive,0.6584,5.4359030295006,128,27,11,Industry Analysts,0.0,0.0
The Devil Wears Prada 2,THE_0368,TikTok comments,2025-09-20,Anne Hathaway returning means this is going to be emotionally devastating. I'm prepared. Thoughts?,negative,-0.5267,6.024657514463746,207,75,6,Nostalgia Advocates,2.0,0.0
The Devil Wears Prada 2,THE_0157,Reddit,2025-09-24,"The teaser just dropped and I'm already emotional. Fashion, power, and Meryl Streep. Hot take.",negative,-0.1027,6.170656210893009,208,73,29,Industry Analysts,3.0,0.0
The Devil Wears Prada 2,THE_0188,Instagram,2025-08-28,The costume design alone justifies a ticket. Anna Wintour era aesthetic is peak cinema. Real talk.,negative,-0.25,5.543222409643759,197,11,10,Industry Analysts,0.0,0.0
The Devil Wears Prada 2,THE_0315,Reddit,2025-10-17,Interesting that they're releasing this during awards season. Strategic positioning. Hot take.,positive,0.6908,5.725217755376266,221,29,4,Industry Analysts,0.0,0.0
The Devil Wears Prada 2,THE_0074,Reddit,2025-10-23,Devil Wears Prada 2 is giving me everything I didn't know I needed. The casting looks *chef's kiss*. Fight me.,negative,-0.4215,6.532334292222349,317,126,18,Fashion Insiders,0.0,0.0
The Devil Wears Prada 2,THE_0162,Instagram,2025-10-21,The aesthetic is immaculate. That first look at the editorial set made me gasp. Anyone else feel this way?,neutral,0.0,5.375278407684165,138,26,4,Industry Analysts,0.0,0.0
The Devil Wears Prada 2,THE_0191,YouTube comments,2025-08-31,The aesthetic is immaculate. That first look at the editorial set made me gasp. Anyone else feel this way?,neutral,0.0,5.564520407322694,145,28,15,Industry Analysts,0.0,0.0
The Devil Wears Prada 2,THE_0251,Instagram,2025-09-18,Interesting that they're releasing this during awards season. Strategic positioning. Can't wait.,positive,0.6908,5.581614840681993,120,47,9,Industry Analysts,1.0,0.0
The Devil Wears Prada 2,THE_0301,TikTok comments,2025-10-22,The costume design alone justifies a ticket. Anna Wintour era aesthetic is peak cinema. Hot take.,negative,-0.25,6.29156913955832,237,80,34,Industry Analysts,0.0,0.0
The Devil Wears Prada 2,THE_0130,TikTok comments,2025-08-07,Fashion Twitter is absolutely losing it. Rightfully so. Real talk.,negative,-0.4391,6.113682179832232,234,58,24,Industry Analysts,0.0,0.0
The Devil Wears Prada 2,THE_0209,TikTok comments,2025-10-23,"The teaser just dropped and I'm already emotional. Fashion, power, and Meryl Streep. Can't wait.",negative,-0.1027,5.978885764901122,205,72,3,Industry Analysts,4.0,0.0
The Devil Wears Prada 2,THE_0225,Twitter/X,2025-10-27,I'll watch it but I have reservations. Fashion films are very of-their-moment. Thoughts?,neutral,0.0,5.94672865326659,202,55,14,Industry Analysts,0.0,1.0
The Devil Wears Prada 2,THE_0439,Reddit,2025-08-11,Box office tracking says this is projected to open at 60M+. Makes sense given the IP. Can't wait.,neutral,0.0,5.988961416889864,281,30,14,Industry Analysts,1.0,0.0
The Devil Wears Prada 2,THE_0089,Reddit,2025-10-01,I'm a fashion journalist and this movie is basically a love letter to our industry. Excited doesn't cover it. Hot take.,positive,0.765,6.595780513961311,399,116,14,Industry Analysts,0.0,0.0
The Devil Wears Prada 2,THE_0073,TikTok comments,2025-09-23,I'm a fashion journalist and this movie is basically a love letter to our industry. Excited doesn't cover it. Fight me.,positive,0.8309,4.791649752930709,63,19,3,Industry Analysts,0.0,0.0
The Devil Wears Prada 2,THE_0111,Twitter/X,2025-08-16,I'll watch it but I have reservations. Fashion films are very of-their-moment. Thoughts?,neutral,0.0,5.393627546352362,103,38,7,Industry Analysts,0.0,1.0
The Devil Wears Prada 2,THE_0354,YouTube comments,2025-10-23,Some of the new casting choices are surprising. Trust the director but will reserve judgment.,positive,0.4019,6.209595556598647,328,41,22,Fashion Insiders,0.0,0.0
The Devil Wears Prada 2,THE_0199,YouTube comments,2025-09-02,Meryl Streep in a sequel? She doesn't do sequels. This must be THAT good. Fight me.,positive,0.0772,5.5134287461649825,210,10,4,Industry Analysts,0.0,0.0
The Devil Wears Prada 2,THE_0299,Twitter/X,2025-10-14,"The teaser just dropped and I'm already emotional. Fashion, power, and Meryl Streep. Can't wait.",negative,-0.1027,6.234410725718371,289,40,40,Industry Analysts,4.0,0.0
The Devil Wears Prada 2,THE_0268,TikTok comments,2025-09-12,Devil Wears Prada shaped my entire career path. This sequel feels personal.,negative,-0.6597,5.000584958242754,90,11,10,Fashion Insiders,0.0,0.0
The Devil Wears Prada 2,THE_0340,Reddit,2025-09-01,This is the fashion girl movie of the decade. Period. Thoughts?,neutral,0.0,4.886582645426277,84,7,10,Industry Analysts,0.0,0.0
The Devil Wears Prada 2,THE_0423,TikTok comments,2025-08-19,This is the fashion girl movie of the decade. Period. Anyone else feel this way?,neutral,0.0,6.53813982376767,488,28,44,Industry Analysts,0.0,0.0
The Devil Wears Prada 2,THE_0061,Twitter/X,2025-08-14,Not sure how they'll top the original. The bar is literally Meryl Streep at peak Meryl. Can't wait.,positive,0.2819,4.816241156068032,59,17,7,Industry Analysts,1.0,0.0
The Devil Wears Prada 2,THE_0292,YouTube comments,2025-08-11,I'll watch it but I have reservations. Fashion films are very of-their-moment. Anyone else feel this way?,neutral,0.0,5.802118375377063,219,30,12,Industry Analysts,0.0,1.0
The Devil Wears Prada 2,THE_0336,YouTube comments,2025-10-15,This is the fashion girl movie of the decade. Period. Can't wait.,neutral,0.0,5.344723739362192,117,21,13,Industry Analysts,1.0,0.0
The Devil Wears Prada 2,THE_0437,TikTok comments,2025-10-13,The demographic skew toward 25-45 women is very clear in the marketing. Smart targeting. Genuinely can't stop thinking about this.,positive,0.7566,5.886104031450156,262,34,4,Industry Analysts,0.0,0.0
The Devil Wears Prada 2,THE_0208,Reddit,2025-10-09,"The teaser just dropped and I'm already emotional. Fashion, power, and Meryl Streep. Can't wait.",negative,-0.1027,5.783825182329737,205,32,13,Industry Analysts,4.0,0.0
The Devil Wears Prada 2,THE_0042,Instagram,2025-08-10,The aesthetic is immaculate. That first look at the editorial set made me gasp. Fight me.,negative,-0.3818,5.6577385361547945,187,37,2,Industry Analysts,0.0,0.0
The Devil Wears Prada 2,THE_0021,TikTok comments,2025-09-26,The industry commentary in the original was years ahead of its time. Can't wait to see 2024 through that lens. Can't wait.,positive,0.3182,5.58724865840025,118,46,11,Cautious Fans,1.0,0.0
The Devil Wears Prada 2,THE_0329,Instagram,2025-08-04,Good trailer. Not great. But the bar for the actual film is set correctly. Can't wait.,negative,-0.0508,5.176149732573829,110,12,12,Industry Analysts,1.0,0.0
The Devil Wears Prada 2,THE_0090,Reddit,2025-08-02,This will be fascinating to analyze from an audience reception standpoint. Genuinely can't stop thinking about this.,positive,0.6584,5.354224998486333,148,19,5,Industry Analysts,0.0,0.0
The Devil Wears Prada 2,THE_0281,Reddit,2025-08-29,Hoping they address the toxic workplace dynamics more critically this time. Hot take.,positive,0.5994,5.059425458265688,103,19,2,Cautious Fans,0.0,0.0
The Devil Wears Prada 2,THE_0337,Reddit,2025-08-11,Meryl Streep in a sequel? She doesn't do sequels. This must be THAT good. Hot take.,positive,0.4404,5.5154428455366835,138,21,19,Industry Analysts,0.0,0.0
The Devil Wears Prada 2,THE_0132,Reddit,2025-09-16,Fashion Twitter is absolutely losing it. Rightfully so. Anyone else feel this way?,negative,-0.4391,5.214935757608986,100,32,1,Industry Analysts,0.0,0.0
The Devil Wears Prada 2,THE_0081,Twitter/X,2025-10-23,The original didn't need a sequel. Hope they don't ruin the legacy. Fight me.,positive,0.688,5.288267030694535,132,14,10,Fashion Insiders,0.0,1.0
The Devil Wears Prada 2,THE_0331,Twitter/X,2025-09-18,Meryl Streep in a sequel? She doesn't do sequels. This must be THAT good. Genuinely can't stop thinking about this.,positive,0.5842,5.723585101952381,152,42,16,Industry Analysts,0.0,0.0
The Devil Wears Prada 2,THE_0216,Reddit,2025-09-16,The nostalgia economy is real. Studios know exactly what they're doing with this IP. Fight me.,negative,-0.3818,6.17690623123818,296,39,29,Fashion Insiders,0.0,0.0
The Devil Wears Prada 2,THE_0286,Twitter/X,2025-08-08,Not sure how they'll top the original. The bar is literally Meryl Streep at peak Meryl. Fight me.,negative,-0.1184,5.147494476813453,102,12,13,Industry Analysts,0.0,0.0
The Devil Wears Prada 2,THE_0248,Instagram,2025-10-19,The industry commentary in the original was years ahead of its time. Can't wait to see 2024 through that lens.,positive,0.3182,5.372960909543803,138,15,13,Cautious Fans,1.0,0.0
The Devil Wears Prada 2,THE_0237,YouTube comments,2025-10-03,I'm a fashion journalist and this movie is basically a love letter to our industry. Excited doesn't cover it. Anyone else feel this way?,positive,0.765,5.6507332535663855,149,31,19,Industry Analysts,0.0,0.0
The Devil Wears Prada 2,THE_0076,Instagram,2025-09-17,Fashion Twitter is absolutely losing it. Rightfully so. Thoughts?,negative,-0.4391,5.749392985908253,189,40,8,Industry Analysts,0.0,0.0
The Devil Wears Prada 2,THE_0058,TikTok comments,2025-08-12,Fashion Twitter is absolutely losing it. Rightfully so. Thoughts?,negative,-0.4391,4.976733742420574,73,20,7,Industry Analysts,0.0,0.0
The Devil Wears Prada 2,THE_0207,Twitter/X,2025-08-05,Box office tracking says this is projected to open at 60M+. Makes sense given the IP. Anyone else feel this way?,neutral,0.0,6.121395716700013,210,63,29,Industry Analysts,0.0,0.0
The Devil Wears Prada 2,THE_0120,Instagram,2025-09-12,Anne Hathaway returning means this is going to be emotionally devastating. I'm prepared. Hot take.,negative,-0.5267,5.783825182329737,212,40,4,Nostalgia Advocates,2.0,0.0
The Devil Wears Prada 2,THE_0307,Reddit,2025-10-07,Good trailer. Not great. But the bar for the actual film is set correctly. Anyone else feel this way?,negative,-0.0508,5.6240175061873385,205,20,7,Industry Analysts,0.0,0.0
The Devil Wears Prada 2,THE_0082,YouTube comments,2025-09-11,The pacing of the trailer felt a bit rushed. Hope the actual film breathes more. Fight me.,neutral,0.0018,5.985194934094387,188,63,17,Industry Analysts,0.0,0.0
The Devil Wears Prada 2,THE_0136,Reddit,2025-09-17,Not sure how they'll top the original. The bar is literally Meryl Streep at peak Meryl. Hot take.,positive,0.2819,6.170656210893009,333,47,9,Industry Analysts,0.0,0.0
The Devil Wears Prada 2,THE_0211,TikTok comments,2025-08-11,Box office tracking says this is projected to open at 60M+. Makes sense given the IP. Fight me.,negative,-0.3818,6.561030665896573,360,118,17,Industry Analysts,0.0,0.0
The Devil Wears Prada 2,THE_0163,YouTube comments,2025-09-09,The industry commentary in the original was years ahead of its time. Can't wait to see 2024 through that lens. Can't wait.,positive,0.3182,5.853638230200579,217,45,6,Cautious Fans,1.0,0.0
The Devil Wears Prada 2,THE_0428,Twitter/X,2025-10-18,Every fashion editor I know has already pre-booked opening weekend.,neutral,0.0,5.926926025970411,211,34,26,Industry Analysts,2.0,0.0
The Devil Wears Prada 2,THE_0382,Instagram,2025-09-09,Not sure how they'll top the original. The bar is literally Meryl Streep at peak Meryl. Thoughts?,positive,0.2819,5.181783550292085,100,26,4,Industry Analysts,0.0,0.0
The Devil Wears Prada 2,THE_0077,Twitter/X,2025-09-09,The nostalgia economy is real. Studios know exactly what they're doing with this IP. Thoughts?,neutral,0.0,5.187385805840755,145,12,1,Fashion Insiders,0.0,0.0
The Devil Wears Prada 2,THE_0123,YouTube comments,2025-08-06,Hoping they address the toxic workplace dynamics more critically this time. Thoughts?,positive,0.5994,5.823045895483019,159,46,21,Cautious Fans,0.0,0.0
The Devil Wears Prada 2,THE_0075,Reddit,2025-08-31,The costume design alone justifies a ticket. Anna Wintour era aesthetic is peak cinema.,negative,-0.25,6.252866810539282,242,83,23,Industry Analysts,0.0,0.0
The Devil Wears Prada 2,THE_0320,YouTube comments,2025-08-14,Devil Wears Prada 2 is giving me everything I didn't know I needed. The casting looks *chef's kiss*. Anyone else feel this way?,negative,-0.0516,5.647212123167807,154,37,12,Fashion Insiders,0.0,0.0
The Devil Wears Prada 2,THE_0289,YouTube comments,2025-10-22,The industry commentary in the original was years ahead of its time. Can't wait to see 2024 through that lens. Anyone else feel this way?,positive,0.3182,6.2285110035911835,255,56,37,Cautious Fans,1.0,0.0
The Devil Wears Prada 2,THE_0393,TikTok comments,2025-08-16,Devil Wears Prada shaped my entire career path. This sequel feels personal. Real talk.,negative,-0.6597,6.275703197782002,252,85,22,Fashion Insiders,0.0,0.0
The Devil Wears Prada 2,THE_0272,YouTube comments,2025-10-08,The industry commentary in the original was years ahead of its time. Can't wait to see 2024 through that lens. Hot take.,positive,0.3182,6.018593214496234,224,54,17,Cautious Fans,1.0,0.0
The Devil Wears Prada 2,THE_0326,TikTok comments,2025-10-23,The nostalgia economy is real. Studios know exactly what they're doing with this IP. Real talk.,neutral,0.0,4.774912960575186,66,11,8,Fashion Insiders,0.0,0.0
The Devil Wears Prada 2,THE_0239,TikTok comments,2025-08-18,The fashion sequences look incredible. The plot remains to be seen. Fight me.,negative,-0.3818,5.844992643207725,286,15,7,Industry Analysts,1.0,0.0
The Devil Wears Prada 2,THE_0338,TikTok comments,2025-10-06,The industry commentary in the original was years ahead of its time. Can't wait to see 2024 through that lens. Anyone else feel this way?,positive,0.3182,5.800606659291741,186,31,22,Cautious Fans,1.0,0.0
The Devil Wears Prada 2,THE_0255,TikTok comments,2025-09-20,Good trailer. Not great. But the bar for the actual film is set correctly. Genuinely can't stop thinking about this.,positive,0.2812,6.160151912626133,252,63,21,Industry Analysts,0.0,0.0
The Devil Wears Prada 2,THE_0095,YouTube comments,2025-09-24,Every fashion editor I know has already pre-booked opening weekend. Real talk.,neutral,0.0,6.535241271013659,362,74,47,Industry Analysts,2.0,0.0
The Devil Wears Prada 2,THE_0264,YouTube comments,2025-08-18,Sequels to perfect movies almost never work. I'm cautiously optimistic but nervous. Genuinely can't stop thinking about this.,positive,0.3983,5.27556037942542,108,25,8,Industry Analysts,0.0,1.0
The Devil Wears Prada 2,THE_0009,TikTok comments,2025-08-05,Anne Hathaway returning means this is going to be emotionally devastating. I'm prepared. Can't wait.,negative,-0.5267,5.666426688112432,157,50,2,Nostalgia Advocates,3.0,0.0
The Devil Wears Prada 2,THE_0280,YouTube comments,2025-10-09,Not sure how they'll top the original. The bar is literally Meryl Streep at peak Meryl. Fight me.,negative,-0.1184,5.963579343618446,241,18,34,Industry Analysts,0.0,0.0
The Devil Wears Prada 2,THE_0390,Reddit,2025-10-05,The aesthetic is immaculate. That first look at the editorial set made me gasp. Genuinely can't stop thinking about this.,positive,0.2235,5.212214667494625,98,29,4,Industry Analysts,0.0,0.0
The Devil Wears Prada 2,THE_0343,Twitter/X,2025-08-09,Not sure how they'll top the original. The bar is literally Meryl Streep at peak Meryl.,positive,0.2819,5.678464666671911,175,25,18,Industry Analysts,0.0,0.0
The Devil Wears Prada 2,THE_0263,TikTok comments,2025-10-17,Box office tracking says this is projected to open at 60M+. Makes sense given the IP. Anyone else feel this way?,neutral,0.0,6.081076705797669,333,21,17,Industry Analysts,0.0,0.0
The Devil Wears Prada 2,THE_0212,Instagram,2025-08-14,Devil Wears Prada 2 is giving me everything I didn't know I needed. The casting looks *chef's kiss*. Real talk.,negative,-0.0516,6.013715156042802,286,32,14,Fashion Insiders,0.0,0.0
The Devil Wears Prada 2,THE_0276,Twitter/X,2025-10-11,"The teaser just dropped and I'm already emotional. Fashion, power, and Meryl Streep. Fight me.",negative,-0.4588,5.574053367981417,151,29,13,Industry Analysts,3.0,0.0
The Devil Wears Prada 2,THE_0339,YouTube comments,2025-09-08,Box office tracking says this is projected to open at 60M+. Makes sense given the IP. Thoughts?,neutral,0.0,5.993961427306569,212,62,11,Industry Analysts,0.0,0.0
The Devil Wears Prada 2,THE_0221,TikTok comments,2025-09-08,Devil Wears Prada 2 is giving me everything I didn't know I needed. The casting looks *chef's kiss*. Hot take.,negative,-0.0516,5.957131868027477,269,19,23,Fashion Insiders,0.0,0.0
The Devil Wears Prada 2,THE_0153,YouTube comments,2025-10-29,Interesting that they're releasing this during awards season. Strategic positioning. Genuinely can't stop thinking about this.,positive,0.7641,5.31566600488265,119,31,2,Industry Analysts,0.0,0.0
The Devil Wears Prada 2,THE_0258,Instagram,2025-10-25,Meryl Streep in a sequel? She doesn't do sequels. This must be THAT good. Thoughts?,positive,0.4404,5.372960909543803,122,31,5,Industry Analysts,0.0,0.0
The Devil Wears Prada 2,THE_0154,YouTube comments,2025-09-28,The costume design alone justifies a ticket. Anna Wintour era aesthetic is peak cinema. Can't wait.,negative,-0.25,5.5909869805108565,128,46,8,Industry Analysts,1.0,0.0
The Devil Wears Prada 2,THE_0039,Reddit,2025-10-10,Fashion Twitter is absolutely losing it. Rightfully so. Genuinely can't stop thinking about this.,negative,-0.188,4.543294782270004,75,6,1,Industry Analysts,0.0,0.0
The Devil Wears Prada 2,THE_0407,YouTube comments,2025-08-23,Devil Wears Prada shaped my entire career path. This sequel feels personal. Hot take.,negative,-0.6597,4.543294782270004,74,4,3,Fashion Insiders,0.0,0.0
The Devil Wears Prada 2,THE_0177,TikTok comments,2025-10-20,Fashion Twitter is absolutely losing it. Rightfully so. Hot take.,negative,-0.4391,5.627621113690637,161,32,12,Industry Analysts,0.0,0.0
The Devil Wears Prada 2,THE_0218,TikTok comments,2025-08-04,The original didn't need a sequel. Hope they don't ruin the legacy. Real talk.,positive,0.8059,4.757891273005756,66,9,9,Fashion Insiders,0.0,1.0
The Devil Wears Prada 2,THE_0243,Instagram,2025-09-12,The nostalgia economy is real. Studios know exactly what they're doing with this IP. Real talk.,neutral,0.0,5.293304824724492,161,10,4,Fashion Insiders,0.0,0.0
The Devil Wears Prada 2,THE_0271,TikTok comments,2025-10-01,Can we talk about how perfectly aged this story is? The fashion industry critique hits differently now. Genuinely can't stop thinking about this.,positive,0.7259,5.730099782973574,177,22,25,Fashion Insiders,0.0,0.0
The Devil Wears Prada 2,THE_0034,Instagram,2025-10-06,This will be fascinating to analyze from an audience reception standpoint.,positive,0.5423,5.959715848793402,219,43,20,Industry Analysts,0.0,0.0
The Devil Wears Prada 2,THE_0303,Reddit,2025-10-20,"The teaser just dropped and I'm already emotional. Fashion, power, and Meryl Streep.",negative,-0.1027,5.206750173022546,152,7,4,Industry Analysts,3.0,0.0
The Devil Wears Prada 2,THE_0048,TikTok comments,2025-08-29,I'm a fashion journalist and this movie is basically a love letter to our industry. Excited doesn't cover it. Fight me.,positive,0.8309,6.099197246910864,199,67,26,Industry Analysts,0.0,0.0
The Devil Wears Prada 2,THE_0296,Instagram,2025-10-10,Box office tracking says this is projected to open at 60M+. Makes sense given the IP. Can't wait.,neutral,0.0,5.715381610499553,178,21,24,Industry Analysts,1.0,0.0
The Devil Wears Prada 2,THE_0367,TikTok comments,2025-08-12,This is the fashion girl movie of the decade. Period. Anyone else feel this way?,neutral,0.0,6.543911845564792,304,108,40,Industry Analysts,0.0,0.0
The Devil Wears Prada 2,THE_0047,TikTok comments,2025-08-05,The industry commentary in the original was years ahead of its time. Can't wait to see 2024 through that lens. Can't wait.,positive,0.3182,5.3471075307174685,113,36,2,Cautious Fans,1.0,0.0
The Devil Wears Prada 2,THE_0380,YouTube comments,2025-08-02,The demographic skew toward 25-45 women is very clear in the marketing. Smart targeting. Anyone else feel this way?,positive,0.6801,5.869296913133774,242,18,22,Industry Analysts,0.0,0.0
The Devil Wears Prada 2,THE_0411,Reddit,2025-09-25,Hoping they address the toxic workplace dynamics more critically this time. Hot take.,positive,0.5994,5.703782474656201,191,12,26,Cautious Fans,0.0,0.0
The Devil Wears Prada 2,THE_0293,Instagram,2025-09-18,The original didn't need a sequel. Hope they don't ruin the legacy. Thoughts?,positive,0.8059,5.713732805509369,161,54,2,Fashion Insiders,0.0,1.0
The Devil Wears Prada 2,THE_0152,Twitter/X,2025-09-11,Meryl Streep in a sequel? She doesn't do sequels. This must be THAT good. Thoughts?,positive,0.4404,5.902633333401366,189,50,17,Industry Analysts,0.0,0.0
The Devil Wears Prada 2,THE_0024,Twitter/X,2025-10-13,Anne Hathaway returning means this is going to be emotionally devastating. I'm prepared. Fight me.,negative,-0.7184,4.418840607796598,51,4,7,Nostalgia Advocates,2.0,0.0
The Devil Wears Prada 2,THE_0135,YouTube comments,2025-10-26,Sequels to perfect movies almost never work. I'm cautiously optimistic but nervous. Thoughts?,positive,0.09,5.723585101952381,182,18,26,Industry Analysts,0.0,1.0
The Devil Wears Prada 2,THE_0274,Reddit,2025-08-20,Devil Wears Prada 2 is giving me everything I didn't know I needed. The casting looks *chef's kiss*. Thoughts?,negative,-0.0516,5.877735781779639,195,44,17,Fashion Insiders,0.0,0.0
The Devil Wears Prada 2,THE_0430,TikTok comments,2025-10-28,The costume design alone justifies a ticket. Anna Wintour era aesthetic is peak cinema. Thoughts?,negative,-0.25,4.388257184424518,66,3,2,Industry Analysts,0.0,0.0
The Devil Wears Prada 2,THE_0403,TikTok comments,2025-08-26,The industry commentary in the original was years ahead of its time. Can't wait to see 2024 through that lens. Hot take.,positive,0.3182,5.000584958242754,104,15,2,Cautious Fans,1.0,0.0
The Devil Wears Prada 2,THE_0433,Twitter/X,2025-09-07,Fashion Twitter is absolutely losing it. Rightfully so. Can't wait.,negative,-0.4391,5.365976015021851,137,10,17,Industry Analysts,1.0,0.0
The Devil Wears Prada 2,THE_0325,YouTube comments,2025-09-20,Box office tracking says this is projected to open at 60M+. Makes sense given the IP. Can't wait.,neutral,0.0,6.318968113746434,437,42,4,Industry Analysts,1.0,0.0
The Devil Wears Prada 2,THE_0254,Twitter/X,2025-09-14,The original is a masterpiece of corporate satire. Sequel has massive shoes to fill. Genuinely can't stop thinking about this.,positive,0.8068,5.552959584921617,136,40,7,Industry Analysts,1.0,0.0
The Devil Wears Prada 2,THE_0103,Twitter/X,2025-08-03,I've been waiting for this sequel for 15 years. Miranda Priestly is back and I am NOT ready. Thoughts?,negative,-0.2755,5.8916442118257715,171,58,15,Industry Analysts,1.0,0.0
The Devil Wears Prada 2,THE_0186,Twitter/X,2025-10-11,This is the fashion girl movie of the decade. Period. Real talk.,neutral,0.0,5.611301621862036,151,45,3,Industry Analysts,0.0,0.0
The Devil Wears Prada 2,THE_0306,Instagram,2025-10-26,The industry commentary in the original was years ahead of its time. Can't wait to see 2024 through that lens. Genuinely can't stop thinking about this.,positive,0.4919,5.209486152841421,122,6,15,Cautious Fans,1.0,0.0
The Devil Wears Prada 2,THE_0170,YouTube comments,2025-09-10,The industry commentary in the original was years ahead of its time. Can't wait to see 2024 through that lens.,positive,0.3182,6.018593214496234,260,54,5,Cautious Fans,1.0,0.0
The Devil Wears Prada 2,THE_0347,Reddit,2025-09-23,Devil Wears Prada shaped my entire career path. This sequel feels personal. Genuinely can't stop thinking about this.,negative,-0.5442,5.736572297479192,158,46,12,Fashion Insiders,0.0,0.0
The Devil Wears Prada 2,THE_0344,TikTok comments,2025-10-25,The pacing of the trailer felt a bit rushed. Hope the actual film breathes more. Anyone else feel this way?,positive,0.4404,5.688668836846153,217,25,5,Industry Analysts,0.0,0.0
The Devil Wears Prada 2,THE_0102,YouTube comments,2025-09-11,The demographic skew toward 25-45 women is very clear in the marketing. Smart targeting. Fight me.,positive,0.4576,5.648974238161206,139,36,18,Industry Analysts,0.0,0.0
The Devil Wears Prada 2,THE_0100,Twitter/X,2025-08-08,The demographic skew toward 25-45 women is very clear in the marketing. Smart targeting. Can't wait.,positive,0.6801,6.049733455231958,294,42,8,Industry Analysts,1.0,0.0
The Devil Wears Prada 2,THE_0399,YouTube comments,2025-08-19,Interesting that they're releasing this during awards season. Strategic positioning. Can't wait.,positive,0.6908,5.491001710377538,102,39,14,Industry Analysts,1.0,0.0
The Devil Wears Prada 2,THE_0324,TikTok comments,2025-09-01,Anne Hathaway returning means this is going to be emotionally devastating. I'm prepared. Real talk.,negative,-0.5267,5.581614840681993,133,43,8,Nostalgia Advocates,2.0,0.0
The Devil Wears Prada 2,THE_0022,Twitter/X,2025-08-30,Can we talk about how perfectly aged this story is? The fashion industry critique hits differently now. Can't wait.,positive,0.6369,5.5134287461649825,148,24,13,Fashion Insiders,1.0,0.0
The Devil Wears Prada 2,THE_0273,Instagram,2025-10-07,I'm a fashion journalist and this movie is basically a love letter to our industry. Excited doesn't cover it. Can't wait.,positive,0.765,6.042632833682381,204,66,17,Industry Analysts,1.0,0.0
The Devil Wears Prada 2,THE_0431,Reddit,2025-08-22,Anne Hathaway returning means this is going to be emotionally devastating. I'm prepared. Thoughts?,negative,-0.5267,6.29156913955832,316,64,21,Nostalgia Advocates,2.0,0.0
The Devil Wears Prada 2,THE_0432,TikTok comments,2025-10-13,The fashion sequences look incredible. The plot remains to be seen. Real talk.,neutral,0.0,5.488937726156687,133,24,16,Industry Analysts,1.0,0.0
The Devil Wears Prada 2,THE_0038,Instagram,2025-10-23,The aesthetic is immaculate. That first look at the editorial set made me gasp. Fight me.,negative,-0.3818,5.698769932832657,163,25,24,Industry Analysts,0.0,0.0
The Devil Wears Prada 2,THE_0333,Instagram,2025-09-01,"The teaser just dropped and I'm already emotional. Fashion, power, and Meryl Streep. Hot take.",negative,-0.1027,6.002651736498547,231,63,5,Industry Analysts,3.0,0.0
The Devil Wears Prada 2,THE_0020,TikTok comments,2025-08-28,Box office tracking says this is projected to open at 60M+. Makes sense given the IP. Anyone else feel this way?,neutral,0.0,5.577841251298354,127,45,8,Industry Analysts,0.0,0.0
The Devil Wears Prada 2,THE_0173,YouTube comments,2025-09-12,Interesting that they're releasing this during awards season. Strategic positioning. Thoughts?,positive,0.6908,5.631211781821365,178,28,10,Industry Analysts,0.0,0.0
The Devil Wears Prada 2,THE_0345,Instagram,2025-09-14,The costume design alone justifies a ticket. Anna Wintour era aesthetic is peak cinema. Hot take.,negative,-0.25,5.733341276897746,161,42,14,Industry Analysts,0.0,0.0
The Devil Wears Prada 2,THE_0117,YouTube comments,2025-10-23,The industry commentary in the original was years ahead of its time. Can't wait to see 2024 through that lens. Fight me.,negative,-0.0772,6.474662003756499,276,109,33,Cautious Fans,1.0,0.0
The Devil Wears Prada 2,THE_0312,TikTok comments,2025-08-23,"The teaser just dropped and I'm already emotional. Fashion, power, and Meryl Streep. Thoughts?",negative,-0.1027,5.685279003091641,156,37,15,Industry Analysts,3.0,0.0
The Devil Wears Prada 2,THE_0086,YouTube comments,2025-08-03,Box office tracking says this is projected to open at 60M+. Makes sense given the IP. Can't wait.,neutral,0.0,5.8650506222523235,180,53,13,Industry Analysts,1.0,0.0
The Devil Wears Prada 2,THE_0240,TikTok comments,2025-08-25,The original didn't need a sequel. Hope they don't ruin the legacy. Real talk.,positive,0.8059,5.7791991139409555,187,35,16,Fashion Insiders,0.0,1.0
The Devil Wears Prada 2,THE_0253,Instagram,2025-10-11,This is the fashion girl movie of the decade. Period. Genuinely can't stop thinking about this.,positive,0.2235,4.875197323201151,93,10,4,Industry Analysts,0.0,0.0
The Devil Wears Prada 2,THE_0250,YouTube comments,2025-08-08,I'll watch it but I have reservations. Fashion films are very of-their-moment. Can't wait.,neutral,0.0,6.110358077048392,203,65,28,Industry Analysts,1.0,1.0
The Devil Wears Prada 2,THE_0365,TikTok comments,2025-08-13,Hoping they address the toxic workplace dynamics more critically this time. Fight me.,positive,0.3182,5.723585101952381,174,50,2,Cautious Fans,0.0,0.0
The Devil Wears Prada 2,THE_0353,Instagram,2025-10-09,The industry commentary in the original was years ahead of its time. Can't wait to see 2024 through that lens. Fight me.,negative,-0.0772,5.8126368795682835,258,23,6,Cautious Fans,1.0,0.0
The Devil Wears Prada 2,THE_0099,TikTok comments,2025-08-26,Fashion Twitter is absolutely losing it. Rightfully so. Can't wait.,negative,-0.4391,5.6937321388027,142,46,13,Industry Analysts,1.0,0.0
The Devil Wears Prada 2,THE_0389,YouTube comments,2025-10-12,The costume design alone justifies a ticket. Anna Wintour era aesthetic is peak cinema. Thoughts?,negative,-0.25,5.335131339670753,128,29,2,Industry Analysts,0.0,0.0
The Devil Wears Prada 2,THE_0349,TikTok comments,2025-10-19,The aesthetic is immaculate. That first look at the editorial set made me gasp. Fight me.,negative,-0.3818,6.0579542883768145,258,29,32,Industry Analysts,0.0,0.0
The Devil Wears Prada 2,THE_0357,Instagram,2025-08-08,I'll watch it but I have reservations. Fashion films are very of-their-moment. Anyone else feel this way?,neutral,0.0,6.500538637835167,306,99,37,Industry Analysts,0.0,1.0
The Devil Wears Prada 2,THE_0046,Twitter/X,2025-09-22,I'll watch it but I have reservations. Fashion films are very of-their-moment.,neutral,0.0,6.148468295917647,205,76,24,Industry Analysts,0.0,1.0
The Devil Wears Prada 2,THE_0028,Reddit,2025-08-31,Hoping they address the toxic workplace dynamics more critically this time. Thoughts?,positive,0.5994,5.678464666671911,244,13,5,Cautious Fans,0.0,0.0
The Devil Wears Prada 2,THE_0062,Reddit,2025-08-18,The aesthetic is immaculate. That first look at the editorial set made me gasp. Fight me.,negative,-0.3818,6.601230118728877,368,136,9,Industry Analysts,0.0,0.0
The Devil Wears Prada 2,THE_0328,Instagram,2025-09-20,The industry commentary in the original was years ahead of its time. Can't wait to see 2024 through that lens. Fight me.,negative,-0.0772,5.797576353942562,217,29,13,Cautious Fans,1.0,0.0
The Devil Wears Prada 2,THE_0291,TikTok comments,2025-08-08,Hoping they address the toxic workplace dynamics more critically this time. Can't wait.,positive,0.5994,6.636602508481567,362,107,44,Cautious Fans,1.0,0.0
The Devil Wears Prada 2,THE_0361,YouTube comments,2025-08-12,Meryl Streep in a sequel? She doesn't do sequels. This must be THAT good. Genuinely can't stop thinking about this.,positive,0.5842,5.6185876285929695,152,31,15,Industry Analysts,0.0,0.0
The Devil Wears Prada 2,THE_0386,Twitter/X,2025-09-14,Can we talk about how perfectly aged this story is? The fashion industry critique hits differently now.,positive,0.6369,5.602118820879701,200,10,15,Fashion Insiders,0.0,0.0
The Devil Wears Prada 2,THE_0269,TikTok comments,2025-10-25,The industry commentary in the original was years ahead of its time. Can't wait to see 2024 through that lens.,positive,0.3182,4.990432586778736,94,16,4,Cautious Fans,1.0,0.0
The Devil Wears Prada 2,THE_0400,Twitter/X,2025-09-17,Devil Wears Prada 2 is giving me everything I didn't know I needed. The casting looks *chef's kiss*.,negative,-0.0516,5.918893854273146,180,62,12,Fashion Insiders,0.0,0.0
The Devil Wears Prada 2,THE_0057,YouTube comments,2025-09-30,The costume design alone justifies a ticket. Anna Wintour era aesthetic is peak cinema. Hot take.,negative,-0.25,5.19295685089021,112,22,4,Industry Analysts,0.0,0.0
The Devil Wears Prada 2,THE_0160,Instagram,2025-10-22,The pacing of the trailer felt a bit rushed. Hope the actual film breathes more. Real talk.,positive,0.4404,6.226536669287466,239,80,22,Industry Analysts,0.0,0.0
The Devil Wears Prada 2,THE_0398,TikTok comments,2025-09-09,Some of the new casting choices are surprising. Trust the director but will reserve judgment.,positive,0.4019,6.489964521183336,335,105,20,Fashion Insiders,0.0,0.0
The Devil Wears Prada 2,THE_0168,TikTok comments,2025-08-23,Anne Hathaway returning means this is going to be emotionally devastating. I'm prepared. Genuinely can't stop thinking about this.,negative,-0.3637,5.607638614103299,186,9,21,Nostalgia Advocates,2.0,0.0
The Devil Wears Prada 2,THE_0181,Reddit,2025-08-11,Interesting that they're releasing this during awards season. Strategic positioning. Anyone else feel this way?,positive,0.6908,6.379274719977426,267,89,33,Industry Analysts,0.0,0.0
The Devil Wears Prada 2,THE_0036,Reddit,2025-08-10,Sequels to perfect movies almost never work. I'm cautiously optimistic but nervous. Thoughts?,positive,0.09,6.279459070741808,219,87,32,Industry Analysts,0.0,1.0
The Devil Wears Prada 2,THE_0385,YouTube comments,2025-10-24,I'll watch it but I have reservations. Fashion films are very of-their-moment. Thoughts?,neutral,0.0,5.161924741642482,96,25,5,Industry Analysts,0.0,1.0
The Devil Wears Prada 2,THE_0322,Instagram,2025-10-06,Not sure how they'll top the original. The bar is literally Meryl Streep at peak Meryl. Thoughts?,positive,0.2819,6.250940027669582,245,97,10,Industry Analysts,0.0,0.0
The Devil Wears Prada 2,THE_0392,Instagram,2025-09-23,Hoping they address the toxic workplace dynamics more critically this time.,positive,0.5994,6.367329185439855,257,95,29,Cautious Fans,0.0,0.0
The Devil Wears Prada 2,THE_0440,YouTube comments,2025-08-12,Can we talk about how perfectly aged this story is? The fashion industry critique hits differently now. Genuinely can't stop thinking about this.,positive,0.7259,5.803627809625917,179,39,18,Fashion Insiders,0.0,0.0
The Devil Wears Prada 2,THE_0032,Reddit,2025-08-21,Sequels to perfect movies almost never work. I'm cautiously optimistic but nervous.,positive,0.09,5.920237037819614,192,43,24,Industry Analysts,0.0,1.0
The Devil Wears Prada 2,THE_0018,Reddit,2025-09-09,Sequels to perfect movies almost never work. I'm cautiously optimistic but nervous. Fight me.,negative,-0.4678,5.2832037287379885,106,18,15,Industry Analysts,0.0,1.0
The Devil Wears Prada 2,THE_0351,YouTube comments,2025-08-22,Box office tracking says this is projected to open at 60M+. Makes sense given the IP. Real talk.,neutral,0.0,4.787491742782046,62,18,4,Industry Analysts,0.0,0.0
The Devil Wears Prada 2,THE_0267,Reddit,2025-10-01,I'll watch it but I have reservations. Fashion films are very of-their-moment. Hot take.,neutral,0.0,5.821565510312585,204,17,30,Industry Analysts,0.0,1.0
The Devil Wears Prada 2,THE_0300,Twitter/X,2025-09-01,The original is a masterpiece of corporate satire. Sequel has massive shoes to fill. Anyone else feel this way?,positive,0.7506,5.402677381872279,140,18,12,Industry Analysts,1.0,0.0
The Devil Wears Prada 2,THE_0206,Reddit,2025-10-27,Sequels to perfect movies almost never work. I'm cautiously optimistic but nervous. Anyone else feel this way?,positive,0.09,6.1224928095143865,267,44,26,Industry Analysts,0.0,1.0
The Devil Wears Prada 2,THE_0310,Reddit,2025-10-12,I've been waiting for this sequel for 15 years. Miranda Priestly is back and I am NOT ready. Anyone else feel this way?,negative,-0.2755,6.386879319362645,319,64,38,Industry Analysts,1.0,0.0
The Devil Wears Prada 2,THE_0156,Reddit,2025-09-17,Box office tracking says this is projected to open at 60M+. Makes sense given the IP. Thoughts?,neutral,0.0,6.508023702721733,364,73,41,Industry Analysts,0.0,0.0
The Devil Wears Prada 2,THE_0334,Instagram,2025-10-22,The original didn't need a sequel. Hope they don't ruin the legacy. Anyone else feel this way?,positive,0.8059,5.926926025970411,197,48,19,Fashion Insiders,0.0,1.0
The Devil Wears Prada 2,THE_0391,Twitter/X,2025-08-20,Hoping they address the toxic workplace dynamics more critically this time.,positive,0.5994,6.364750756851911,337,72,21,Cautious Fans,0.0,0.0
The Devil Wears Prada 2,THE_0027,Twitter/X,2025-08-10,I'm a fashion journalist and this movie is basically a love letter to our industry. Excited doesn't cover it. Fight me.,positive,0.8309,5.7899601708972535,218,24,16,Industry Analysts,0.0,0.0
The Devil Wears Prada 2,THE_0054,TikTok comments,2025-09-21,Fashion Twitter is absolutely losing it. Rightfully so. Thoughts?,negative,-0.4391,5.0401940963378005,98,15,6,Industry Analysts,0.0,0.0
The Devil Wears Prada 2,THE_0030,TikTok comments,2025-10-11,Anne Hathaway returning means this is going to be emotionally devastating. I'm prepared. Fight me.,negative,-0.7184,5.2832037287379885,96,28,10,Nostalgia Advocates,2.0,0.0
The Devil Wears Prada 2,THE_0137,Instagram,2025-08-14,Fashion Twitter is absolutely losing it. Rightfully so. Genuinely can't stop thinking about this.,negative,-0.188,5.625820933186489,123,41,17,Industry Analysts,0.0,0.0
The Devil Wears Prada 2,THE_0236,Twitter/X,2025-10-13,The nostalgia economy is real. Studios know exactly what they're doing with this IP. Real talk.,neutral,0.0,6.910750787961936,440,160,54,Fashion Insiders,0.0,0.0
The Devil Wears Prada 2,THE_0256,TikTok comments,2025-09-14,The pacing of the trailer felt a bit rushed. Hope the actual film breathes more. Anyone else feel this way?,positive,0.4404,5.762051382780177,187,28,20,Industry Analysts,0.0,0.0
The Devil Wears Prada 2,THE_0150,Instagram,2025-08-08,Devil Wears Prada shaped my entire career path. This sequel feels personal.,negative,-0.6597,5.3867860145356445,112,23,16,Fashion Insiders,0.0,0.0
The Devil Wears Prada 2,THE_0414,Reddit,2025-10-22,The demographic skew toward 25-45 women is very clear in the marketing. Smart targeting. Fight me.,positive,0.4576,5.519458915191573,151,27,10,Industry Analysts,0.0,0.0
The Devil Wears Prada 2,THE_0364,TikTok comments,2025-10-13,I'm a fashion journalist and this movie is basically a love letter to our industry. Excited doesn't cover it. Fight me.,positive,0.8309,5.335131339670753,104,35,5,Industry Analysts,0.0,0.0
The Devil Wears Prada 2,THE_0409,Twitter/X,2025-10-27,I've been waiting for this sequel for 15 years. Miranda Priestly is back and I am NOT ready.,negative,-0.2755,6.140961558253893,311,37,20,Industry Analysts,1.0,0.0
The Devil Wears Prada 2,THE_0279,Twitter/X,2025-09-23,I'll watch it but I have reservations. Fashion films are very of-their-moment. Anyone else feel this way?,neutral,0.0,5.809642865355678,166,45,18,Industry Analysts,0.0,1.0
The Devil Wears Prada 2,THE_0285,YouTube comments,2025-09-01,Can we talk about how perfectly aged this story is? The fashion industry critique hits differently now.,positive,0.6369,6.1452580202873985,221,63,29,Fashion Insiders,0.0,0.0
The Devil Wears Prada 2,THE_0238,Twitter/X,2025-09-06,Not sure how they'll top the original. The bar is literally Meryl Streep at peak Meryl. Fight me.,negative,-0.1184,6.059123195581797,255,64,4,Industry Analysts,0.0,0.0
The Devil Wears Prada 2,THE_0125,Twitter/X,2025-10-19,The pacing of the trailer felt a bit rushed. Hope the actual film breathes more. Anyone else feel this way?,positive,0.4404,5.799092654460526,208,16,27,Industry Analysts,0.0,0.0
The Devil Wears Prada 2,THE_0413,Reddit,2025-10-03,The writing needs to be sharp. Fashion satire works best when it's uncomfortable. Anyone else feel this way?,positive,0.3818,5.305789381386738,103,27,10,Industry Analysts,0.0,0.0
The Devil Wears Prada 2,THE_0205,TikTok comments,2025-10-14,The original didn't need a sequel. Hope they don't ruin the legacy. Thoughts?,positive,0.8059,5.733341276897746,151,46,14,Fashion Insiders,0.0,1.0
The Devil Wears Prada 2,THE_0346,TikTok comments,2025-08-18,The writing needs to be sharp. Fashion satire works best when it's uncomfortable. Anyone else feel this way?,positive,0.3818,6.4731187935736925,375,99,8,Industry Analysts,0.0,0.0
The Devil Wears Prada 2,THE_0203,Instagram,2025-10-04,The aesthetic is immaculate. That first look at the editorial set made me gasp. Thoughts?,neutral,0.0,4.901564199041894,95,7,7,Industry Analysts,0.0,0.0
The Devil Wears Prada 2,THE_0372,Twitter/X,2025-08-18,The original didn't need a sequel. Hope they don't ruin the legacy. Genuinely can't stop thinking about this.,positive,0.8466,5.577841251298354,124,39,14,Fashion Insiders,0.0,1.0
The Devil Wears Prada 2,THE_0066,Twitter/X,2025-10-30,Sequels to perfect movies almost never work. I'm cautiously optimistic but nervous. Thoughts?,positive,0.09,5.842094090453713,210,27,22,Industry Analysts,0.0,1.0
The Devil Wears Prada 2,THE_0172,TikTok comments,2025-09-25,The nostalgia economy is real. Studios know exactly what they're doing with this IP. Fight me.,negative,-0.3818,5.978885764901122,251,50,6,Fashion Insiders,0.0,0.0
The Devil Wears Prada 2,THE_0410,Reddit,2025-08-17,Devil Wears Prada 2 is giving me everything I didn't know I needed. The casting looks *chef's kiss*. Genuinely can't stop thinking about this.,positive,0.1749,6.270042805310292,331,39,33,Fashion Insiders,0.0,0.0
The Devil Wears Prada 2,THE_0404,Twitter/X,2025-09-22,Every fashion editor I know has already pre-booked opening weekend. Thoughts?,neutral,0.0,5.785362461648624,219,23,16,Industry Analysts,2.0,0.0
The Devil Wears Prada 2,THE_0146,TikTok comments,2025-08-01,I'm a fashion journalist and this movie is basically a love letter to our industry. Excited doesn't cover it. Can't wait.,positive,0.765,6.189290290437902,294,29,40,Industry Analysts,1.0,0.0
The Devil Wears Prada 2,THE_0122,TikTok comments,2025-08-13,Devil Wears Prada 2 is giving me everything I didn't know I needed. The casting looks *chef's kiss*. Can't wait.,negative,-0.0516,5.519458915191573,127,39,8,Fashion Insiders,1.0,0.0
The Devil Wears Prada 2,THE_0087,Twitter/X,2025-10-10,Devil Wears Prada shaped my entire career path. This sequel feels personal. Real talk.,negative,-0.6597,6.07073772800249,230,64,14,Fashion Insiders,0.0,0.0
The Devil Wears Prada 2,THE_0448,Reddit,2025-09-05,The industry commentary in the original was years ahead of its time. Can't wait to see 2024 through that lens. Thoughts?,positive,0.3182,5.40042258948519,137,25,7,Cautious Fans,1.0,0.0
The Devil Wears Prada 2,THE_0405,YouTube comments,2025-08-12,The original didn't need a sequel. Hope they don't ruin the legacy. Can't wait.,positive,0.8059,5.605802066295998,142,30,18,Fashion Insiders,1.0,1.0
The Devil Wears Prada 2,THE_0107,TikTok comments,2025-10-05,Devil Wears Prada 2 is giving me everything I didn't know I needed. The casting looks *chef's kiss*. Hot take.,negative,-0.0516,5.645446897643238,179,16,21,Fashion Insiders,0.0,0.0
The Devil Wears Prada 2,THE_0183,TikTok comments,2025-10-16,The original didn't need a sequel. Hope they don't ruin the legacy. Hot take.,positive,0.8059,5.484796933490655,146,28,8,Fashion Insiders,0.0,1.0
The Devil Wears Prada 2,THE_0376,Twitter/X,2025-09-06,Anne Hathaway returning means this is going to be emotionally devastating. I'm prepared. Thoughts?,negative,-0.5267,6.0764947962925575,220,57,24,Nostalgia Advocates,2.0,0.0
The Devil Wears Prada 2,THE_0071,Twitter/X,2025-10-15,Some of the new casting choices are surprising. Trust the director but will reserve judgment. Fight me.,negative,-0.1779,6.133398042996649,232,54,31,Fashion Insiders,0.0,0.0
The Devil Wears Prada 2,THE_0193,YouTube comments,2025-10-07,Fashion Twitter is absolutely losing it. Rightfully so. Fight me.,negative,-0.7399,6.150602768446279,301,44,19,Industry Analysts,0.0,0.0
The Devil Wears Prada 2,THE_0438,Reddit,2025-10-24,Box office tracking says this is projected to open at 60M+. Makes sense given the IP. Anyone else feel this way?,neutral,0.0,6.104793232414985,273,54,13,Industry Analysts,0.0,0.0
The Devil Wears Prada 2,THE_0297,YouTube comments,2025-09-16,The original is a masterpiece of corporate satire. Sequel has massive shoes to fill. Real talk.,positive,0.7506,5.241747015059643,103,28,5,Industry Analysts,1.0,0.0
The Devil Wears Prada 2,THE_0231,Twitter/X,2025-08-04,This will be fascinating to analyze from an audience reception standpoint. Genuinely can't stop thinking about this.,positive,0.6584,6.183117431330821,254,63,24,Industry Analysts,0.0,0.0
The Devil Wears Prada 2,THE_0290,YouTube comments,2025-10-08,The pacing of the trailer felt a bit rushed. Hope the actual film breathes more. Hot take.,positive,0.4404,5.153291594497779,121,12,7,Industry Analysts,0.0,0.0
The Devil Wears Prada 2,THE_0394,Twitter/X,2025-09-21,The fashion sequences look incredible. The plot remains to be seen.,neutral,0.0,5.377590547442544,96,31,14,Industry Analysts,1.0,0.0
The Devil Wears Prada 2,THE_0118,Instagram,2025-09-26,"The teaser just dropped and I'm already emotional. Fashion, power, and Meryl Streep. Anyone else feel this way?",negative,-0.1027,5.8650506222523235,239,39,5,Industry Analysts,3.0,0.0
The Devil Wears Prada 2,THE_0335,Reddit,2025-10-06,Sequels to perfect movies almost never work. I'm cautiously optimistic but nervous. Real talk.,positive,0.09,5.184588601219693,113,15,9,Industry Analysts,0.0,1.0
The Devil Wears Prada 2,THE_0084,Reddit,2025-09-15,Not sure how they'll top the original. The bar is literally Meryl Streep at peak Meryl. Hot take.,positive,0.2819,5.777652323222656,197,32,15,Industry Analysts,0.0,0.0
The Devil Wears Prada 2,THE_0041,Reddit,2025-08-17,The fashion sequences look incredible. The plot remains to be seen.,neutral,0.0,5.262690188904886,139,20,1,Industry Analysts,1.0,0.0
The Devil Wears Prada 2,THE_0295,TikTok comments,2025-08-16,I'm a fashion journalist and this movie is basically a love letter to our industry. Excited doesn't cover it. Hot take.,positive,0.765,5.857933154483459,226,12,31,Industry Analysts,0.0,0.0
The Devil Wears Prada 2,THE_0369,YouTube comments,2025-08-28,The industry commentary in the original was years ahead of its time. Can't wait to see 2024 through that lens. Can't wait.,positive,0.3182,5.241747015059643,149,12,3,Cautious Fans,1.0,0.0
The Devil Wears Prada 2,THE_0139,TikTok comments,2025-08-05,Devil Wears Prada 2 is giving me everything I didn't know I needed. The casting looks *chef's kiss*. Fight me.,negative,-0.4215,5.375278407684165,138,26,4,Fashion Insiders,0.0,0.0
The Devil Wears Prada 2,THE_0112,TikTok comments,2025-10-01,Meryl Streep in a sequel? She doesn't do sequels. This must be THAT good. Fight me.,positive,0.0772,5.8289456176102075,176,52,11,Industry Analysts,0.0,0.0
The Devil Wears Prada 2,THE_0321,Instagram,2025-08-02,The original didn't need a sequel. Hope they don't ruin the legacy. Thoughts?,positive,0.8059,5.25227342804663,87,28,11,Fashion Insiders,0.0,1.0
The Devil Wears Prada 2,THE_0115,Twitter/X,2025-10-10,The original is a masterpiece of corporate satire. Sequel has massive shoes to fill. Fight me.,positive,0.5859,5.41610040220442,128,30,7,Industry Analysts,1.0,0.0
The Devil Wears Prada 2,THE_0417,Reddit,2025-08-30,The pacing of the trailer felt a bit rushed. Hope the actual film breathes more. Genuinely can't stop thinking about this.,positive,0.6189,5.335131339670753,121,21,11,Industry Analysts,0.0,0.0
The Devil Wears Prada 2,THE_0233,Twitter/X,2025-09-13,Devil Wears Prada 2 is giving me everything I didn't know I needed. The casting looks *chef's kiss*.,negative,-0.0516,5.671603576291966,171,33,12,Fashion Insiders,0.0,0.0
The Devil Wears Prada 2,THE_0434,Reddit,2025-08-10,Anne Hathaway returning means this is going to be emotionally devastating. I'm prepared. Thoughts?,negative,-0.5267,6.684611727667927,400,144,13,Nostalgia Advocates,2.0,0.0
The Devil Wears Prada 2,THE_0388,TikTok comments,2025-09-03,Can we talk about how perfectly aged this story is? The fashion industry critique hits differently now.,positive,0.6369,6.0063531596017325,233,46,19,Fashion Insiders,0.0,0.0
The Devil Wears Prada 2,THE_0363,TikTok comments,2025-08-28,The industry commentary in the original was years ahead of its time. Can't wait to see 2024 through that lens. Fight me.,negative,-0.0772,5.94672865326659,268,19,22,Cautious Fans,1.0,0.0
The Devil Wears Prada 2,THE_0185,TikTok comments,2025-09-14,Fashion Twitter is absolutely losing it. Rightfully so. Anyone else feel this way?,negative,-0.4391,6.22455842927536,295,74,8,Industry Analysts,0.0,0.0
The Devil Wears Prada 2,THE_0109,Twitter/X,2025-09-26,Every fashion editor I know has already pre-booked opening weekend.,neutral,0.0,5.817111159963204,166,40,23,Industry Analysts,2.0,0.0
The Devil Wears Prada 2,THE_0375,Instagram,2025-09-10,Every fashion editor I know has already pre-booked opening weekend. Thoughts?,neutral,0.0,5.58724865840025,141,26,20,Industry Analysts,2.0,0.0
The Devil Wears Prada 2,THE_0219,Instagram,2025-09-27,Box office tracking says this is projected to open at 60M+. Makes sense given the IP. Real talk.,neutral,0.0,5.495116942522644,164,23,7,Industry Analysts,0.0,0.0
The Devil Wears Prada 2,THE_0004,TikTok comments,2025-09-28,Can we talk about how perfectly aged this story is? The fashion industry critique hits differently now. Hot take.,positive,0.6369,5.611301621862036,196,27,3,Fashion Insiders,0.0,0.0
The Devil Wears Prada 2,THE_0175,Twitter/X,2025-10-17,The costume design alone justifies a ticket. Anna Wintour era aesthetic is peak cinema. Anyone else feel this way?,negative,-0.25,6.223567839793664,372,37,13,Industry Analysts,0.0,0.0
The Devil Wears Prada 2,THE_0196,YouTube comments,2025-09-27,The fashion sequences look incredible. The plot remains to be seen. Anyone else feel this way?,neutral,0.0,6.443336028030302,304,115,12,Industry Analysts,1.0,0.0
The Devil Wears Prada 2,THE_0222,TikTok comments,2025-08-18,This is the fashion girl movie of the decade. Period. Anyone else feel this way?,neutral,0.0,5.886104031450156,204,26,30,Industry Analysts,0.0,0.0
The Devil Wears Prada 2,THE_0014,Instagram,2025-08-02,Not sure how they'll top the original. The bar is literally Meryl Streep at peak Meryl. Fight me.,negative,-0.1184,5.815621956411737,143,55,18,Industry Analysts,0.0,0.0
The Devil Wears Prada 2,THE_0101,YouTube comments,2025-09-21,The original is a masterpiece of corporate satire. Sequel has massive shoes to fill. Genuinely can't stop thinking about this.,positive,0.8068,6.478509642208569,385,82,20,Industry Analysts,1.0,0.0
The Devil Wears Prada 2,THE_0069,Instagram,2025-08-29,The fashion sequences look incredible. The plot remains to be seen. Real talk.,neutral,0.0,5.356586274672012,100,30,12,Industry Analysts,1.0,0.0
The Devil Wears Prada 2,THE_0247,Instagram,2025-10-14,The fashion sequences look incredible. The plot remains to be seen.,neutral,0.0,5.7698822763607245,195,27,19,Industry Analysts,1.0,0.0
The Devil Wears Prada 2,THE_0164,Reddit,2025-08-11,Every fashion editor I know has already pre-booked opening weekend. Thoughts?,neutral,0.0,6.285998094508865,294,92,4,Industry Analysts,2.0,0.0
The Devil Wears Prada 2,THE_0284,Instagram,2025-08-31,Fashion Twitter is absolutely losing it. Rightfully so. Real talk.,negative,-0.4391,6.416732282512326,261,98,35,Industry Analysts,0.0,0.0
The Devil Wears Prada 2,THE_0149,Reddit,2025-08-14,Interesting that they're releasing this during awards season. Strategic positioning. Thoughts?,positive,0.6908,5.883322388488279,176,56,14,Industry Analysts,0.0,0.0
The Devil Wears Prada 2,THE_0092,Instagram,2025-08-24,Hoping they address the toxic workplace dynamics more critically this time.,positive,0.5994,5.840641657373398,196,42,14,Cautious Fans,0.0,0.0
The Devil Wears Prada 2,THE_0359,Twitter/X,2025-09-05,Anne Hathaway returning means this is going to be emotionally devastating. I'm prepared. Thoughts?,negative,-0.5267,6.191339471482838,220,71,30,Nostalgia Advocates,2.0,0.0
The Devil Wears Prada 2,THE_0189,Twitter/X,2025-08-13,Box office tracking says this is projected to open at 60M+. Makes sense given the IP. Can't wait.,neutral,0.0,5.863631175598097,250,26,12,Industry Analysts,1.0,0.0
The Devil Wears Prada 2,THE_0204,YouTube comments,2025-09-02,I've been waiting for this sequel for 15 years. Miranda Priestly is back and I am NOT ready. Real talk.,negative,-0.2755,6.502040139618764,315,85,46,Industry Analysts,1.0,0.0
The Devil Wears Prada 2,THE_0210,YouTube comments,2025-09-19,Can we talk about how perfectly aged this story is? The fashion industry critique hits differently now. Hot take.,positive,0.6369,6.03667688992953,249,47,17,Fashion Insiders,0.0,0.0
The Devil Wears Prada 2,THE_0126,Twitter/X,2025-10-25,Box office tracking says this is projected to open at 60M+. Makes sense given the IP. Anyone else feel this way?,neutral,0.0,6.248042874508429,271,74,20,Industry Analysts,0.0,0.0
The Devil Wears Prada 2,THE_0010,Twitter/X,2025-09-10,Anne Hathaway returning means this is going to be emotionally devastating. I'm prepared. Thoughts?,negative,-0.5267,6.083359811812238,188,71,24,Nostalgia Advocates,2.0,0.0
The Devil Wears Prada 2,THE_0067,TikTok comments,2025-09-23,I'll watch it but I have reservations. Fashion films are very of-their-moment. Real talk.,neutral,0.0,5.94672865326659,242,51,4,Industry Analysts,0.0,1.0
The Devil Wears Prada 2,THE_0044,TikTok comments,2025-09-15,The fashion sequences look incredible. The plot remains to be seen.,neutral,0.0,6.060290738037835,212,61,21,Industry Analysts,1.0,0.0
The Devil Wears Prada 2,THE_0259,Reddit,2025-10-27,The costume design alone justifies a ticket. Anna Wintour era aesthetic is peak cinema. Can't wait.,negative,-0.25,5.535363823031238,157,25,11,Industry Analysts,1.0,0.0
The Devil Wears Prada 2,THE_0060,YouTube comments,2025-10-29,Every fashion editor I know has already pre-booked opening weekend. Thoughts?,neutral,0.0,5.519458915191573,116,41,10,Industry Analysts,2.0,0.0
The Devil Wears Prada 2,THE_0033,Reddit,2025-08-16,Devil Wears Prada 2 is giving me everything I didn't know I needed. The casting looks *chef's kiss*. Anyone else feel this way?,negative,-0.0516,6.402746040537586,328,93,14,Fashion Insiders,0.0,0.0
The Devil Wears Prada 2,THE_0110,Instagram,2025-10-10,Can we talk about how perfectly aged this story is? The fashion industry critique hits differently now.,positive,0.6369,4.23410650459726,50,6,1,Fashion Insiders,0.0,0.0
The Devil Wears Prada 2,THE_0201,Reddit,2025-08-03,The nostalgia economy is real. Studios know exactly what they're doing with this IP. Fight me.,negative,-0.3818,6.2422232654551655,235,86,21,Fashion Insiders,0.0,0.0
The Devil Wears Prada 2,THE_0043,TikTok comments,2025-08-06,Meryl Streep in a sequel? She doesn't do sequels. This must be THAT good.,positive,0.4404,5.335131339670753,115,27,8,Industry Analysts,0.0,0.0
The Devil Wears Prada 2,THE_0441,TikTok comments,2025-08-06,Not sure how they'll top the original. The bar is literally Meryl Streep at peak Meryl. Anyone else feel this way?,positive,0.2819,6.345636360828596,365,66,13,Industry Analysts,0.0,0.0
The Devil Wears Prada 2,THE_0019,Reddit,2025-08-17,Devil Wears Prada shaped my entire career path. This sequel feels personal. Thoughts?,negative,-0.6597,6.150602768446279,308,22,35,Fashion Insiders,0.0,0.0
The Devil Wears Prada 2,THE_0079,Instagram,2025-08-06,This is the fashion girl movie of the decade. Period. Genuinely can't stop thinking about this.,positive,0.2235,6.304448802421981,327,30,48,Industry Analysts,0.0,0.0
The Devil Wears Prada 2,THE_0114,TikTok comments,2025-08-01,Every fashion editor I know has already pre-booked opening weekend. Real talk.,neutral,0.0,6.558906771292869,361,117,17,Industry Analysts,2.0,0.0
The Devil Wears Prada 2,THE_0435,Instagram,2025-09-25,Devil Wears Prada 2 is giving me everything I didn't know I needed. The casting looks *chef's kiss*. Hot take.,negative,-0.0516,5.560681631015528,118,42,12,Fashion Insiders,0.0,0.0
The Devil Wears Prada 2,THE_0080,Reddit,2025-10-02,I'll watch it but I have reservations. Fashion films are very of-their-moment. Hot take.,neutral,0.0,6.115892125483034,251,42,32,Industry Analysts,0.0,1.0
The Devil Wears Prada 2,THE_0133,TikTok comments,2025-10-09,Devil Wears Prada 2 is giving me everything I didn't know I needed. The casting looks *chef's kiss*. Genuinely can't stop thinking about this.,positive,0.1749,4.686750172980514,69,13,2,Fashion Insiders,0.0,0.0
The Devil Wears Prada 2,THE_0214,TikTok comments,2025-08-08,The writing needs to be sharp. Fashion satire works best when it's uncomfortable.,positive,0.3818,4.59511985013459,47,18,2,Industry Analysts,0.0,0.0
The Devil Wears Prada 2,THE_0128,TikTok comments,2025-09-19,The costume design alone justifies a ticket. Anna Wintour era aesthetic is peak cinema. Real talk.,negative,-0.25,5.566434283504978,133,45,5,Industry Analysts,0.0,0.0
The Devil Wears Prada 2,THE_0314,Instagram,2025-10-28,Hoping they address the toxic workplace dynamics more critically this time. Real talk.,positive,0.5994,5.954541193003384,215,39,24,Cautious Fans,0.0,0.0
The Devil Wears Prada 2,THE_0232,TikTok comments,2025-09-21,The costume design alone justifies a ticket. Anna Wintour era aesthetic is peak cinema. Genuinely can't stop thinking about this.,neutral,-0.0289,5.120983351265121,98,13,12,Industry Analysts,0.0,0.0
The Devil Wears Prada 2,THE_0145,Twitter/X,2025-10-10,The pacing of the trailer felt a bit rushed. Hope the actual film breathes more. Hot take.,positive,0.4404,5.895779296973574,189,61,7,Industry Analysts,0.0,0.0
The Devil Wears Prada 2,THE_0131,Twitter/X,2025-08-25,Box office tracking says this is projected to open at 60M+. Makes sense given the IP. Genuinely can't stop thinking about this.,positive,0.2235,5.980150787207709,203,67,8,Industry Analysts,0.0,0.0
The Devil Wears Prada 2,THE_0227,Twitter/X,2025-10-06,The original is a masterpiece of corporate satire. Sequel has massive shoes to fill. Anyone else feel this way?,positive,0.7506,5.351858133476067,103,38,4,Industry Analysts,1.0,0.0
The Devil Wears Prada 2,THE_0121,TikTok comments,2025-10-09,The demographic skew toward 25-45 women is very clear in the marketing. Smart targeting. Real talk.,positive,0.6801,5.887491956725004,172,51,20,Industry Analysts,0.0,0.0
The Devil Wears Prada 2,THE_0029,Twitter/X,2025-09-18,Box office tracking says this is projected to open at 60M+. Makes sense given the IP. Fight me.,negative,-0.3818,6.113682179832232,296,56,5,Industry Analysts,0.0,0.0
The Devil Wears Prada 2,THE_0311,Twitter/X,2025-10-12,Interesting that they're releasing this during awards season. Strategic positioning.,positive,0.6908,6.816188085456647,410,149,43,Industry Analysts,0.0,0.0
The Devil Wears Prada 2,THE_0176,Twitter/X,2025-10-12,Every fashion editor I know has already pre-booked opening weekend. Thoughts?,neutral,0.0,5.72194977861165,161,43,12,Industry Analysts,2.0,0.0
The Devil Wears Prada 2,THE_0350,YouTube comments,2025-10-11,The original didn't need a sequel. Hope they don't ruin the legacy.,positive,0.8059,6.0063531596017325,274,32,17,Fashion Insiders,0.0,1.0
The Devil Wears Prada 2,THE_0142,TikTok comments,2025-09-26,Box office tracking says this is projected to open at 60M+. Makes sense given the IP. Real talk.,neutral,0.0,5.6222108209623896,150,43,6,Industry Analysts,0.0,0.0
The Devil Wears Prada 2,THE_0319,Reddit,2025-09-04,Sequels to perfect movies almost never work. I'm cautiously optimistic but nervous. Hot take.,positive,0.09,5.671603576291966,135,51,9,Industry Analysts,0.0,1.0
The Devil Wears Prada 2,THE_0356,Twitter/X,2025-10-30,The pacing of the trailer felt a bit rushed. Hope the actual film breathes more. Can't wait.,positive,0.4404,6.3473892096560105,273,84,29,Industry Analysts,1.0,0.0
The Devil Wears Prada 2,THE_0017,Twitter/X,2025-10-07,The costume design alone justifies a ticket. Anna Wintour era aesthetic is peak cinema. Can't wait.,negative,-0.25,5.482720089545816,117,37,10,Industry Analysts,1.0,0.0
The Devil Wears Prada 2,THE_0134,Twitter/X,2025-09-07,Interesting that they're releasing this during awards season. Strategic positioning. Genuinely can't stop thinking about this.,positive,0.7641,5.986452005284438,170,62,24,Industry Analysts,0.0,0.0
The Devil Wears Prada 2,THE_0119,Reddit,2025-08-10,Good trailer. Not great. But the bar for the actual film is set correctly. Fight me.,negative,-0.5569,5.720311776607412,132,46,19,Industry Analysts,0.0,0.0
The Devil Wears Prada 2,THE_0427,Twitter/X,2025-10-13,The original is a masterpiece of corporate satire. Sequel has massive shoes to fill. Anyone else feel this way?,positive,0.7506,5.0466457316192885,109,5,11,Industry Analysts,1.0,0.0
The Devil Wears Prada 2,THE_0116,Twitter/X,2025-09-22,The writing needs to be sharp. Fashion satire works best when it's uncomfortable. Hot take.,positive,0.3818,5.40042258948519,146,19,9,Industry Analysts,0.0,0.0
The Devil Wears Prada 2,THE_0192,Twitter/X,2025-09-30,The original is a masterpiece of corporate satire. Sequel has massive shoes to fill. Fight me.,positive,0.5859,5.66988092298052,165,22,23,Industry Analysts,1.0,0.0
The Devil Wears Prada 2,THE_0226,Twitter/X,2025-08-16,Meryl Streep in a sequel? She doesn't do sequels. This must be THAT good. Anyone else feel this way?,positive,0.4404,5.600272098286537,138,31,18,Industry Analysts,0.0,0.0
The Devil Wears Prada 2,THE_0158,TikTok comments,2025-10-24,The original is a masterpiece of corporate satire. Sequel has massive shoes to fill. Genuinely can't stop thinking about this.,positive,0.8068,6.068425588244111,249,62,9,Industry Analysts,1.0,0.0
The Devil Wears Prada 2,THE_0223,TikTok comments,2025-10-10,Box office tracking says this is projected to open at 60M+. Makes sense given the IP.,neutral,0.0,4.945207488773801,77,19,5,Industry Analysts,0.0,0.0
The Devil Wears Prada 2,THE_0104,Twitter/X,2025-09-05,Anne Hathaway returning means this is going to be emotionally devastating. I'm prepared.,negative,-0.5267,6.164366881985445,265,61,19,Nostalgia Advocates,2.0,0.0
The Devil Wears Prada 2,THE_0166,TikTok comments,2025-10-25,I'll watch it but I have reservations. Fashion films are very of-their-moment. Thoughts?,neutral,0.0,5.560681631015528,134,38,10,Industry Analysts,0.0,1.0
The Devil Wears Prada 2,THE_0348,YouTube comments,2025-10-22,This will be fascinating to analyze from an audience reception standpoint. Real talk.,positive,0.5423,5.572154032177765,146,32,12,Industry Analysts,0.0,0.0
The Devil Wears Prada 2,THE_0421,YouTube comments,2025-08-12,This will be fascinating to analyze from an audience reception standpoint. Can't wait.,positive,0.5423,5.752572638825633,194,30,15,Industry Analysts,1.0,0.0
The Devil Wears Prada 2,THE_0381,YouTube comments,2025-09-23,"The teaser just dropped and I'm already emotional. Fashion, power, and Meryl Streep.",negative,-0.1027,5.809642865355678,197,29,21,Industry Analysts,3.0,0.0
The Devil Wears Prada 2,THE_0288,Instagram,2025-10-11,The fashion sequences look incredible. The plot remains to be seen. Anyone else feel this way?,neutral,0.0,6.024657514463746,254,49,12,Industry Analysts,1.0,0.0
The Devil Wears Prada 2,THE_0140,Twitter/X,2025-09-17,Can we talk about how perfectly aged this story is? The fashion industry critique hits differently now. Thoughts?,positive,0.6369,6.283200889887803,300,71,19,Fashion Insiders,0.0,0.0
The Devil Wears Prada 2,THE_0013,Reddit,2025-10-16,Devil Wears Prada 2 is giving me everything I didn't know I needed. The casting looks *chef's kiss*.,negative,-0.0516,5.908082938168931,235,24,24,Fashion Insiders,0.0,0.0
The Devil Wears Prada 2,THE_0147,Instagram,2025-08-04,Meryl Streep in a sequel? She doesn't do sequels. This must be THAT good. Anyone else feel this way?,positive,0.4404,5.707110264748875,158,52,4,Industry Analysts,0.0,0.0
The Devil Wears Prada 2,THE_0360,Twitter/X,2025-10-26,This is the fashion girl movie of the decade. Period. Anyone else feel this way?,neutral,0.0,5.519458915191573,119,35,14,Industry Analysts,0.0,0.0
The Devil Wears Prada 2,THE_0098,TikTok comments,2025-10-29,This is the fashion girl movie of the decade. Period. Fight me.,negative,-0.3818,5.969985515430857,238,31,25,Industry Analysts,0.0,0.0
The Devil Wears Prada 2,THE_0371,YouTube comments,2025-08-14,I'll watch it but I have reservations. Fashion films are very of-their-moment. Anyone else feel this way?,neutral,0.0,5.760477818332746,229,29,5,Industry Analysts,0.0,1.0
The Devil Wears Prada 2,THE_0277,Reddit,2025-10-14,The pacing of the trailer felt a bit rushed. Hope the actual film breathes more. Genuinely can't stop thinking about this.,positive,0.6189,5.932245187448011,174,58,19,Industry Analysts,0.0,0.0
The Devil Wears Prada 2,THE_0308,YouTube comments,2025-10-12,The original didn't need a sequel. Hope they don't ruin the legacy. Genuinely can't stop thinking about this.,positive,0.8466,6.260537030310592,317,57,21,Fashion Insiders,0.0,1.0
The Devil Wears Prada 2,THE_0323,Twitter/X,2025-08-09,Not sure how they'll top the original. The bar is literally Meryl Streep at peak Meryl. Anyone else feel this way?,positive,0.2819,5.375278407684165,135,20,10,Industry Analysts,0.0,0.0
The Devil Wears Prada 2,THE_0330,YouTube comments,2025-09-22,This is the fashion girl movie of the decade. Period. Can't wait.,neutral,0.0,5.847882818629958,205,31,21,Industry Analysts,1.0,0.0
The Devil Wears Prada 2,THE_0171,YouTube comments,2025-09-11,This will be fascinating to analyze from an audience reception standpoint. Real talk.,positive,0.5423,5.270432163058501,155,13,2,Industry Analysts,0.0,0.0
The Devil Wears Prada 2,THE_0096,Instagram,2025-10-20,The nostalgia economy is real. Studios know exactly what they're doing with this IP.,neutral,0.0,5.184588601219693,116,9,13,Fashion Insiders,0.0,0.0
The Devil Wears Prada 2,THE_0187,Twitter/X,2025-10-27,The pacing of the trailer felt a bit rushed. Hope the actual film breathes more. Hot take.,positive,0.4404,5.327876168789581,96,28,13,Industry Analysts,0.0,0.0
The Devil Wears Prada 2,THE_0198,Reddit,2025-09-30,I've been waiting for this sequel for 15 years. Miranda Priestly is back and I am NOT ready. Hot take.,negative,-0.2755,6.293419278846481,417,42,6,Industry Analysts,1.0,0.0
The Devil Wears Prada 2,THE_0078,YouTube comments,2025-10-20,Good trailer. Not great. But the bar for the actual film is set correctly. Real talk.,negative,-0.0508,5.178970608915471,114,13,10,Industry Analysts,0.0,0.0
The Devil Wears Prada 2,THE_0298,Reddit,2025-09-17,Box office tracking says this is projected to open at 60M+. Makes sense given the IP. Fight me.,negative,-0.3818,5.86220971125072,155,53,21,Industry Analysts,0.0,0.0
