movie,post_id,pca_x,pca_y,cluster_id,cluster_label,vader_compound,sentiment_label,engagement_score
Michael,MIC_0297,-0.03986456642812452,-0.03697877165087205,0,Legacy Believers,-0.5994,negative,6.637258031284457
Michael,MIC_0363,-0.07511182735162972,-0.030068460547213394,0,Legacy Believers,0.0772,positive,6.206575926724928
Michael,MIC_0190,-0.020764696948922853,-0.022719384189766302,0,Legacy Believers,0.0,neutral,5.803627809625917
Michael,MIC_0201,-0.05413727783182161,-0.04900881183523399,0,Legacy Believers,0.5423,positive,5.698769932832657
Michael,MIC_0214,-0.04979943353122125,0.022588013758309412,0,Legacy Believers,0.4019,positive,6.364750756851911
Michael,MIC_0086,-0.0357680348102995,-0.03683195701065753,0,Legacy Believers,-0.128,negative,5.300814246746624
Michael,MIC_0033,-0.04195320010829225,-0.03134272886332541,0,Legacy Believers,0.1027,positive,6.451259999761194
Michael,MIC_0273,-0.05038008646208204,-0.06462250933438553,0,Legacy Believers,0.0,neutral,6.268148865350222
Michael,MIC_0081,-0.051372305005144746,0.03382407282683095,0,Legacy Believers,-0.2052,negative,4.890349128221754
Michael,MIC_0136,0.037481157426766824,-0.009310385079825678,0,Legacy Believers,0.0,neutral,5.583496308781699
Michael,MIC_0328,0.03493053124912224,-0.01139285279749556,0,Legacy Believers,0.6486,positive,6.229496710915942
Michael,MIC_0101,-0.05162483127530819,-0.06611521332631114,0,Legacy Believers,0.0,neutral,6.137727054086234
Michael,MIC_0019,-0.03235541432442853,0.05293690974973382,0,Legacy Believers,-0.0572,negative,5.2284312390838705
Michael,MIC_0406,0.022073724065184583,0.0498601512295873,0,Legacy Believers,-0.3818,negative,5.654242029096065
Michael,MIC_0413,-0.04089976670110032,0.026958424723142454,0,Legacy Believers,0.5086,positive,5.870708345972182
Michael,MIC_0203,-0.07298379094739374,0.03327926009124616,0,Legacy Believers,0.2933,positive,5.422744944923089
Michael,MIC_0025,-0.0049846213064847125,0.013252774434549707,0,Legacy Believers,-0.2755,negative,6.275703197782002
Michael,MIC_0140,-0.058372454222067244,-0.003268249963436865,0,Legacy Believers,0.2235,positive,6.80903930604298
Michael,MIC_0063,-0.052860223717841014,-0.0639293018761888,0,Legacy Believers,-0.3818,negative,5.754158681981268
Michael,MIC_0240,-0.058372454222067244,-0.003268249963436858,0,Legacy Believers,0.2235,positive,5.850764665004847
Michael,MIC_0344,-0.08120894648678294,0.04015049128224234,2,Critical Observers,-0.0803,negative,5.831882477283517
Michael,MIC_0026,-0.06684306227303266,-0.004586249766484424,0,Legacy Believers,0.3204,positive,5.607638614103299
Michael,MIC_0268,-0.06680195984849205,-0.05375031755584889,0,Legacy Believers,0.2716,positive,6.2422232654551655
Michael,MIC_0405,-0.06718066288124724,0.0177300770598183,0,Legacy Believers,0.3204,positive,5.01396308418893
Michael,MIC_0012,-0.053589468145688664,0.029587166109607984,0,Legacy Believers,-0.4019,negative,4.394449154672439
Michael,MIC_0217,-0.10295756693547657,-0.13696951126366858,0,Legacy Believers,0.0,neutral,5.126935749792416
Michael,MIC_0112,-0.023891728187232775,-0.023133030997364225,0,Legacy Believers,-0.3818,negative,5.846438775057725
Michael,MIC_0150,-0.12071548740652839,-0.18083150418139637,0,Legacy Believers,-0.0289,neutral,5.4638318050256105
Michael,MIC_0090,-0.10036121913768943,-0.21426386123886268,1,Music Enthusiasts,0.4118,positive,5.98770749823027
Michael,MIC_0023,-0.05070504732942042,0.10131677969359786,0,Legacy Believers,0.0,neutral,5.1328529268205045
Michael,MIC_0288,-0.039864566428123006,-0.036978771650871226,0,Legacy Believers,-0.5994,negative,5.884714177161102
Michael,MIC_0125,0.25312476157453884,0.017925150298276276,0,Legacy Believers,0.0,neutral,4.448516375942715
Michael,MIC_0255,-0.08576927021831476,-0.10008052823803654,0,Legacy Believers,0.0,neutral,6.069582326371934
Michael,MIC_0216,0.2323884227590459,0.04158906627590445,0,Legacy Believers,0.0,neutral,6.767918333794338
Michael,MIC_0197,0.8795645939286983,0.0164337060845523,3,Cultural Analysts,0.4939,positive,5.678464666671911
Michael,MIC_0042,-0.08784698882058702,-0.22133994569471852,0,Legacy Believers,0.7579,positive,5.720311776607412
Michael,MIC_0295,-0.09170103706160994,-0.2187043439827549,0,Legacy Believers,0.7579,positive,6.391917113392602
Michael,MIC_0123,0.2531247615745389,0.017925150298276276,0,Legacy Believers,0.0,neutral,5.420534999272286
Michael,MIC_0078,0.034406820794620686,-0.014086041332027637,0,Legacy Believers,0.6486,positive,6.313548046277095
Michael,MIC_0323,-0.039677446106180014,0.05089953260296202,0,Legacy Believers,0.2235,positive,5.71042701737487
Michael,MIC_0419,0.03493053124912224,-0.011392852797495946,0,Legacy Believers,0.6486,positive,6.329720905522696
Michael,MIC_0182,-0.116236730758353,0.8707212675281037,0,Legacy Believers,0.7579,positive,4.930870325627393
Michael,MIC_0162,-0.07462961399236864,-0.10804651447875167,0,Legacy Believers,0.5859,positive,5.636573724962751
Michael,MIC_0127,-0.07260653623742061,-0.09372135024558328,0,Legacy Believers,0.5859,positive,5.372960909543803
Michael,MIC_0138,0.890241865551722,0.0002586056723317469,3,Cultural Analysts,0.4939,positive,5.86220971125072
Michael,MIC_0014,-0.039677446106180014,0.05089953260296202,0,Legacy Believers,0.2235,positive,5.633002292595154
Michael,MIC_0411,0.0352478266020183,0.06424053711214987,0,Legacy Believers,0.0,neutral,5.857933154483459
Michael,MIC_0358,-0.04082293883677605,0.04582788995466,0,Legacy Believers,0.0,neutral,5.598421958998375
Michael,MIC_0322,0.8635118087820055,-6.098409650238789e-05,3,Cultural Analysts,0.1531,positive,5.794536837924666
Michael,MIC_0126,-0.03988494896736291,-0.024531943075848852,0,Legacy Believers,0.34,positive,5.37989735354046
Michael,MIC_0160,-0.025756746293535953,0.0017571571680087491,0,Legacy Believers,0.1027,positive,5.3981627015177525
Michael,MIC_0398,-0.03988494896736291,-0.024531943075848852,0,Legacy Believers,0.34,positive,5.320567975482857
Michael,MIC_0215,-0.014083174164451503,0.015351010528252648,0,Legacy Believers,0.0,neutral,6.4457198193855785
Michael,MIC_0316,-0.10415719210655847,-0.22975346562482374,1,Music Enthusiasts,0.4118,positive,5.247024072160486
Michael,MIC_0325,0.8327927074825147,0.043705093098218906,3,Cultural Analysts,0.6234,positive,5.717027701406222
Michael,MIC_0375,-0.07462961399236864,-0.10804651447875167,0,Legacy Believers,0.5859,positive,5.43153621033426
Michael,MIC_0228,-0.039827673586655815,-0.0493746128809726,0,Legacy Believers,0.0,neutral,5.41164605185504
Michael,MIC_0371,0.25005834197221516,0.000612289317839693,0,Legacy Believers,0.0,neutral,5.673323267171493
Michael,MIC_0183,-0.11518353112716789,0.836397398791889,0,Legacy Believers,0.812,positive,5.424950017481403
Michael,MIC_0220,-0.03576803481029949,-0.036831957010658715,0,Legacy Believers,-0.128,negative,5.517452896464707
Michael,MIC_0044,-0.08801121730860424,-0.08498785784468056,0,Legacy Believers,0.5859,positive,5.757323241584231
Michael,MIC_0173,0.8795645939286983,0.0164337060845523,3,Cultural Analysts,0.4939,positive,5.739792912179234
Michael,MIC_0034,0.8588103012248738,-0.018439636911755177,3,Cultural Analysts,0.4939,positive,5.1647859739235145
Michael,MIC_0275,-0.08934744825571043,-0.21190388636410523,0,Legacy Believers,0.5994,positive,6.13880638500591
Michael,MIC_0087,-0.07405699910028117,-0.09012741756216382,0,Legacy Believers,0.296,positive,6.09807428216624
Michael,MIC_0293,-0.056835552390483005,-0.032117394397656554,0,Legacy Believers,0.0,neutral,4.48863636973214
Michael,MIC_0373,-0.11684781240705619,0.8479766106844507,0,Legacy Believers,0.7579,positive,6.022236205774735
Michael,MIC_0367,-0.053976781287015156,0.0007385730416394825,0,Legacy Believers,0.2235,positive,5.07829394257007
Michael,MIC_0313,0.032986464114903226,-0.014398421815863316,0,Legacy Believers,0.4019,positive,6.756350824822904
Michael,MIC_0290,-0.05224665384089744,-0.059547462224514486,0,Legacy Believers,0.2716,positive,5.572154032177765
Michael,MIC_0368,-0.022818893116518295,-0.020440340203216886,0,Legacy Believers,0.0,neutral,5.5626028611934215
Michael,MIC_0139,-0.047751050691712704,-0.04898392460119057,0,Legacy Believers,0.0,neutral,5.776103136235827
Michael,MIC_0400,-0.05049295477378178,-0.047771502358426206,0,Legacy Believers,-0.3818,negative,6.118097198041348
Michael,MIC_0292,-0.07966064542542417,-0.0010000589843975256,2,Critical Observers,-0.296,negative,6.030685260261263
Michael,MIC_0285,-0.06718066288124724,0.0177300770598183,0,Legacy Believers,0.3204,positive,5.457455587886334
Michael,MIC_0198,-0.10085961965484821,-0.06257329692879988,0,Legacy Believers,0.2235,positive,5.395897694886901
Michael,MIC_0181,-0.022900118537635846,0.11162865631845614,0,Legacy Believers,0.0,neutral,5.554895693948484
Michael,MIC_0134,-0.10038414083529815,0.8449203714424813,0,Legacy Believers,0.7579,positive,5.898526551448713
Michael,MIC_0032,-0.07024433697194155,-0.04697823087866285,0,Legacy Believers,0.0,neutral,6.468474822379242
Michael,MIC_0330,-0.048760258007959814,-0.00563027646636295,0,Legacy Believers,0.34,positive,5.664695085948154
Michael,MIC_0266,-0.049467458419792894,-0.01045746836989128,0,Legacy Believers,-0.1321,negative,5.501258210544727
Michael,MIC_0119,-0.11996748736605627,-0.2074353405339557,1,Music Enthusiasts,0.4118,positive,5.60396213937399
Michael,MIC_0315,-0.07226303242988637,-0.05136341287949527,0,Legacy Believers,0.7717,positive,4.997212273764115
Michael,MIC_0362,-0.07590692302970334,-0.006176409316018974,0,Legacy Believers,0.8219,positive,6.227524323688738
Michael,MIC_0018,-0.06152084018185807,-0.010162149534620078,0,Legacy Believers,0.0,neutral,5.539300835990577
Michael,MIC_0357,-0.05591773621975285,-0.06964648574447595,0,Legacy Believers,0.5859,positive,6.950335726517255
Michael,MIC_0168,-0.07298379094739374,0.03327926009124613,0,Legacy Believers,0.2933,positive,5.4785534168509695
Michael,MIC_0335,-0.0911303042287886,-0.017497886069737817,0,Legacy Believers,-0.0772,negative,4.973279507552487
Michael,MIC_0158,-0.053589468145688664,0.029587166109607987,0,Legacy Believers,-0.4019,negative,5.472270673671475
Michael,MIC_0370,-0.08164392559139524,-0.06140300540617765,0,Legacy Believers,-0.0772,negative,6.083359811812238
Michael,MIC_0230,-0.08305082797998274,0.0023736825087638464,2,Critical Observers,-0.296,negative,6.099197246910864
Michael,MIC_0200,-0.05768137101918677,-0.07009551283698841,0,Legacy Believers,0.0,neutral,5.977619140285929
Michael,MIC_0412,-0.12237907485903703,-0.2525638319394415,0,Legacy Believers,-0.25,negative,6.168564159920785
Michael,MIC_0407,-0.05420715363973419,-0.031949380797350664,0,Legacy Believers,-0.128,negative,5.98770749823027
Michael,MIC_0089,-0.053589468145688664,0.029587166109607987,0,Legacy Believers,-0.4019,negative,5.641907070938114
Michael,MIC_0237,-0.1208555675421463,-0.24239398322716202,0,Legacy Believers,-0.25,negative,5.831882477283517
Michael,MIC_0074,0.028831331148152287,0.026270734958128972,0,Legacy Believers,0.0,neutral,6.194405391104672
Michael,MIC_0146,-0.050380086462082176,-0.06462250933438671,0,Legacy Believers,0.0,neutral,5.491001710377538
Michael,MIC_0124,-0.058372454222067265,-0.003268249963436866,0,Legacy Believers,0.2235,positive,5.19295685089021
Michael,MIC_0231,-0.05887024741583235,-0.02072866281731919,0,Legacy Believers,0.2716,positive,5.66988092298052
Michael,MIC_0211,-0.049467458419792894,-0.01045746836989128,0,Legacy Believers,-0.1321,negative,6.102558594613569
Michael,MIC_0409,-0.03887626699221937,0.10137923872837878,0,Legacy Believers,-0.3818,negative,5.5154428455366835
Michael,MIC_0069,-0.04159432852845758,-0.05715810857592615,0,Legacy Believers,-0.128,negative,5.54907608489522
Michael,MIC_0361,0.015832350257757578,0.08121709825074168,0,Legacy Believers,0.2235,positive,5.444579873526289
Michael,MIC_0093,-0.020764696948921055,-0.02271938418976528,0,Legacy Believers,0.0,neutral,6.402746040537586
Michael,MIC_0299,-0.033711107752693655,-0.02933876343437138,0,Legacy Believers,0.0,neutral,5.75890177387728
Michael,MIC_0291,0.8327927074825147,0.043705093098218906,3,Cultural Analysts,0.6234,positive,5.72194977861165
Michael,MIC_0418,-0.11601323888538585,0.8054445961949124,0,Legacy Believers,0.7579,positive,5.40042258948519
Michael,MIC_0309,-0.061096828629366884,-0.006159775010688448,0,Legacy Believers,-0.4019,negative,6.362165662779806
Michael,MIC_0206,-0.07071051973483182,-0.01057760401836057,0,Legacy Believers,0.0772,positive,5.521460917862246
Michael,MIC_0028,-0.08164392559139524,-0.06140300540617765,0,Legacy Believers,-0.0772,negative,5.480638923341991
Michael,MIC_0072,-0.05043930703971752,-0.006761933884591686,0,Legacy Believers,-0.4019,negative,6.0473721790462776
Michael,MIC_0039,-0.050380086462082176,-0.06462250933438671,0,Legacy Believers,0.0,neutral,5.831882477283517
Michael,MIC_0384,-0.04979943353122274,0.022588013758308812,0,Legacy Believers,0.4019,positive,6.089044875446846
Michael,MIC_0274,-0.0853740343394285,-0.006369722799698207,0,Legacy Believers,0.0772,positive,5.654242029096065
Michael,MIC_0132,-0.05333662010133778,-0.0634917440548663,0,Legacy Believers,0.0,neutral,5.723585101952381
Michael,MIC_0116,-0.03358363468512911,0.027840769966521035,0,Legacy Believers,0.3818,positive,6.083359811812238
Michael,MIC_0379,-0.09374598085919718,-0.17046681275872236,0,Legacy Believers,0.7579,positive,6.170656210893009
Michael,MIC_0007,-0.08912787879658021,-0.06116412439764131,0,Legacy Believers,-0.0772,negative,6.099197246910864
Michael,MIC_0403,-0.07405699910028117,-0.09012741756216382,0,Legacy Believers,0.296,positive,5.796057750765372
Michael,MIC_0351,-0.03973190809022747,-0.010842535970579024,0,Legacy Believers,0.1027,positive,5.3230099791384085
Michael,MIC_0156,-0.08587953275648719,-0.0805102935178571,0,Legacy Believers,-0.0772,negative,6.375024819828097
Michael,MIC_0011,0.8795645939286983,0.0164337060845523,3,Cultural Analysts,0.4939,positive,5.8998973535824915
Michael,MIC_0165,-0.06762618560041152,0.05367468385225298,0,Legacy Believers,0.4936,positive,5.0106352940962555
Michael,MIC_0006,-0.05162862455587689,-0.04693266659055637,0,Legacy Believers,0.0,neutral,6.025865973825314
Michael,MIC_0338,-0.042426856562158034,0.13678332248507227,0,Legacy Believers,0.0,neutral,6.220590170099739
Michael,MIC_0349,-0.08425691998283968,-0.009556418466542144,0,Legacy Believers,0.1501,positive,5.872117789475416
Michael,MIC_0137,-0.04201664287782668,-0.006702877839410419,0,Legacy Believers,0.3818,positive,5.786897381366708
Michael,MIC_0310,-0.047751050691712704,-0.04898392460119057,0,Legacy Believers,0.0,neutral,6.616734305264841
Michael,MIC_0329,-0.08400765706674142,-0.1882124878159126,1,Music Enthusiasts,0.4118,positive,5.1328529268205045
Michael,MIC_0184,-0.021974520897834127,-0.010218285976176559,0,Legacy Believers,-0.2755,negative,6.0787883752796565
Michael,MIC_0287,0.02207372406518458,0.04986015122958722,0,Legacy Believers,-0.3818,negative,6.476972362889683
Michael,MIC_0280,-0.07574350841986953,0.01612931492467153,0,Legacy Believers,0.3204,positive,5.5626028611934215
Michael,MIC_0241,0.22837175615697203,-0.019600572841351093,0,Legacy Believers,0.0,neutral,5.225746673713202
Michael,MIC_0111,-0.08587953275648719,-0.0805102935178571,0,Legacy Believers,-0.0772,negative,5.631211781821365
Michael,MIC_0196,0.22004347364659485,0.004421890060120918,0,Legacy Believers,0.0,neutral,6.192362489474872
Michael,MIC_0113,0.2523006806418918,0.004325690428033121,0,Legacy Believers,0.0,neutral,5.159055299214529
Michael,MIC_0022,-0.10295756693547659,-0.13696951126366858,0,Legacy Believers,0.0,neutral,4.799914262780603
Michael,MIC_0259,-0.11996748736605627,-0.2074353405339557,1,Music Enthusiasts,0.4118,positive,6.438551329906966
Michael,MIC_0262,-0.014361457497230733,0.0051779486038596575,0,Legacy Believers,0.3818,positive,5.407171771460119
Michael,MIC_0096,-0.040012326534610725,-0.03579780294252205,0,Legacy Believers,0.0,neutral,5.731721843345443
Michael,MIC_0016,-0.07298379094739374,0.03327926009124613,0,Legacy Believers,0.2933,positive,4.564348191467836
Michael,MIC_0238,-0.03615060017943746,-0.007588824322916726,0,Legacy Believers,-0.3818,negative,6.51025834052315
Michael,MIC_0319,-0.047751050691712704,-0.04898392460119057,0,Legacy Believers,0.0,neutral,3.6506582412937383
Michael,MIC_0272,0.0252835791791079,0.029867138337080067,0,Legacy Believers,0.2235,positive,4.959341999708705
Michael,MIC_0414,0.8588103012248738,-0.018439636911755177,3,Cultural Analysts,0.4939,positive,6.542471960506805
Michael,MIC_0374,0.03391091679320576,-0.009494297878014988,0,Legacy Believers,-0.3818,negative,6.1452580202873985
Michael,MIC_0380,-0.03211007186105606,0.04375891791400232,0,Legacy Believers,-0.2755,negative,5.661222860237405
Michael,MIC_0342,-0.11601323888538585,0.8054445961949124,0,Legacy Believers,0.7579,positive,6.483871585349955
Michael,MIC_0263,-0.07451398961681797,-0.06681359245087681,0,Legacy Believers,0.7717,positive,5.746203190540153
Michael,MIC_0343,-0.0711602823394434,-0.06766997434107028,0,Legacy Believers,0.2263,positive,5.204006687076795
Michael,MIC_0104,-0.05413727783182414,-0.049008811835234235,0,Legacy Believers,0.5423,positive,6.5359666972333565
Michael,MIC_0356,-0.03558143460904325,-0.008945901812828765,0,Legacy Believers,0.34,positive,5.25227342804663
Michael,MIC_0336,-0.10692059846615813,-0.12192078180166867,0,Legacy Believers,0.0,neutral,5.698769932832657
Michael,MIC_0222,-0.07421412781946046,-0.0685763902300151,0,Legacy Believers,0.5423,positive,5.497168225293202
Michael,MIC_0250,-0.029756528249990605,-0.010948023201349761,0,Legacy Believers,0.0,neutral,5.70877001616724
Michael,MIC_0024,0.037481157426766845,-0.00931038507982645,0,Legacy Believers,0.0,neutral,5.898526551448713
Michael,MIC_0302,-0.06796197664041373,-0.06840703730273756,0,Legacy Believers,0.5423,positive,5.267858159063328
Michael,MIC_0192,-0.037873883627998574,0.10678002779680328,0,Legacy Believers,0.0,neutral,5.25227342804663
Michael,MIC_0099,0.20463427603267298,0.0427564913469024,0,Legacy Believers,0.2235,positive,6.250940027669582
Michael,MIC_0079,-0.11518353112716789,0.836397398791889,0,Legacy Believers,0.812,positive,5.959715848793402
Michael,MIC_0035,-0.10692059846615813,-0.12192078180166867,0,Legacy Believers,0.0,neutral,6.081076705797669
Michael,MIC_0387,-0.05286022371784103,-0.0639293018761888,0,Legacy Believers,-0.3818,negative,5.698769932832657
Michael,MIC_0172,-0.03177461895310367,-0.007436390351674179,0,Legacy Believers,0.0,neutral,5.209486152841421
Michael,MIC_0141,0.8364882719928168,0.03719329764865133,3,Cultural Analysts,0.4939,positive,5.2284312390838705
Michael,MIC_0283,-0.061096828629366884,-0.006159775010688448,0,Legacy Believers,-0.4019,negative,6.666956792429207
Michael,MIC_0098,-0.05186552651802588,-0.009926792730761731,0,Legacy Believers,0.1027,positive,4.783316371371566
Michael,MIC_0110,-0.05325751934466124,-0.05213309786115037,0,Legacy Believers,0.0,neutral,6.23539063760472
Michael,MIC_0071,-0.04089976670110032,0.02695842472314233,0,Legacy Believers,0.5086,positive,5.241747015059643
Michael,MIC_0194,-0.12237907485903703,-0.2525638319394415,0,Legacy Believers,-0.25,negative,4.7140245909001735
Michael,MIC_0152,-0.053589468145688664,0.029587166109607987,0,Legacy Believers,-0.4019,negative,5.723585101952381
Michael,MIC_0115,-0.04756932935957519,-0.02950162768081988,0,Legacy Believers,0.4019,positive,5.5909869805108565
Michael,MIC_0005,-0.10036121913768943,-0.2142638612388627,1,Music Enthusiasts,0.4118,positive,5.206750173022546
Michael,MIC_0227,-0.07431196522995322,0.027773192038797315,0,Legacy Believers,0.0772,positive,4.363098624788363
Michael,MIC_0179,-0.05768137101918677,-0.07009551283698841,0,Legacy Believers,0.0,neutral,5.393627546352362
Michael,MIC_0095,-0.05043930703971752,-0.006761933884591686,0,Legacy Believers,-0.4019,negative,5.893024474294729
Michael,MIC_0128,-0.08400765706674142,-0.1882124878159126,1,Music Enthusiasts,0.4118,positive,6.437751649736401
Michael,MIC_0224,-0.05325751934466124,-0.05213309786115037,0,Legacy Believers,0.0,neutral,5.262690188904886
Michael,MIC_0417,0.0252835791791079,0.029867138337080067,0,Legacy Believers,0.2235,positive,4.952299717083292
Michael,MIC_0108,-0.039840619790357884,-0.03485174371560139,0,Legacy Believers,-0.128,negative,6.384350873009287
Michael,MIC_0001,-0.10465612044499512,-0.14861538420441853,1,Music Enthusiasts,0.6227,positive,5.936216072877503
Michael,MIC_0191,-0.06684306227303266,-0.004586249766484423,0,Legacy Believers,0.3204,positive,5.465948207931988
Michael,MIC_0043,-0.08120894648678292,0.04015049128224233,2,Critical Observers,-0.0803,negative,5.873525249243295
Michael,MIC_0307,-0.07421412781946046,-0.0685763902300151,0,Legacy Believers,0.5423,positive,5.791488055075306
Michael,MIC_0009,-0.06796197664041373,-0.06840703730273756,0,Legacy Believers,0.5423,positive,5.501258210544727
Michael,MIC_0149,-0.07926925180493684,-0.04749917225768194,0,Legacy Believers,0.5859,positive,6.245137303457015
Michael,MIC_0305,0.02207372406518458,0.04986015122958722,0,Legacy Believers,-0.3818,negative,5.771441123130016
Michael,MIC_0258,-0.05325751934466124,-0.05213309786115037,0,Legacy Believers,0.0,neutral,6.060290738037835
Michael,MIC_0244,-0.12237907485903703,-0.2525638319394415,0,Legacy Believers,-0.25,negative,6.005120873555468
Michael,MIC_0350,-0.10601988362822139,-0.2186692807399137,0,Legacy Believers,-0.25,negative,5.368309738368072
Michael,MIC_0144,0.015832350257757578,0.08121709825074168,0,Legacy Believers,0.2235,positive,5.685279003091641
Michael,MIC_0171,-0.058360902291191244,-0.053487600966570244,0,Legacy Believers,-0.3818,negative,5.178970608915471
Michael,MIC_0029,0.9259049024441566,0.004126393473791651,3,Cultural Analysts,0.4939,positive,6.3707567809121235
Michael,MIC_0245,0.02644403382532463,0.05169239984602273,0,Legacy Believers,0.0,neutral,5.652489180268651
Michael,MIC_0148,-0.08327069095910182,-0.0012160584993413828,2,Critical Observers,-0.5859,negative,5.814130531825066
Michael,MIC_0064,-0.022818893116518295,-0.020440340203216886,0,Legacy Believers,0.0,neutral,5.629418059367339
Michael,MIC_0376,-0.04067110412767079,-0.014017932676474608,0,Legacy Believers,-0.3597,negative,5.457455587886334
Michael,MIC_0180,0.8795645939286983,0.0164337060845523,3,Cultural Analysts,0.4939,positive,5.072043922224899
Michael,MIC_0366,-0.07462961399236864,-0.10804651447875167,0,Legacy Believers,0.5859,positive,5.531411248715415
Michael,MIC_0408,-0.04627694657020863,-0.004025297323533297,0,Legacy Believers,-0.2755,negative,6.163314804034641
Michael,MIC_0213,0.01921592878740095,-0.005803720439519661,0,Legacy Believers,0.0,neutral,6.152732694704104
Michael,MIC_0300,0.890241865551722,0.0002586056723317469,3,Cultural Analysts,0.4939,positive,5.953243334287785
Michael,MIC_0107,-0.037873883627998574,0.10678002779680328,0,Legacy Believers,0.0,neutral,5.422744944923089
Michael,MIC_0070,-0.05049295477378178,-0.047771502358426206,0,Legacy Believers,-0.3818,negative,5.647212123167807
Michael,MIC_0212,-0.06684306227303266,-0.004586249766484423,0,Legacy Believers,0.3204,positive,4.537961436294641
Michael,MIC_0208,-0.04089976670110032,0.02695842472314233,0,Legacy Believers,0.5086,positive,6.060290738037835
Michael,MIC_0185,0.8588103012248738,-0.018439636911755177,3,Cultural Analysts,0.4939,positive,6.267200548541362
Michael,MIC_0147,-0.10085961965484821,-0.06257329692879988,0,Legacy Believers,0.2235,positive,6.473890696352274
Michael,MIC_0209,-0.050380086462082176,-0.06462250933438671,0,Legacy Believers,0.0,neutral,5.368309738368072
Michael,MIC_0013,-0.04159432852845758,-0.05715810857592615,0,Legacy Believers,-0.128,negative,5.87493073085203
Michael,MIC_0188,-0.10038414083529815,0.8449203714424813,0,Legacy Believers,0.7579,positive,5.973809611869261
Michael,MIC_0345,-0.08784698882058702,-0.22133994569471852,0,Legacy Believers,0.7579,positive,3.610917912644224
Michael,MIC_0176,-0.10085961965484821,-0.06257329692879988,0,Legacy Believers,0.2235,positive,5.762051382780177
Michael,MIC_0170,-0.10038414083529815,0.8449203714424813,0,Legacy Believers,0.7579,positive,6.148468295917647
Michael,MIC_0008,-0.08305082797998274,0.0023736825087638464,2,Critical Observers,-0.296,negative,5.43372200355424
Michael,MIC_0265,-0.08934744825571043,-0.21190388636410523,0,Legacy Believers,0.5994,positive,5.916202062607435
Michael,MIC_0174,-0.05413727783182414,-0.049008811835234235,0,Legacy Believers,0.5423,positive,5.1029105702054265
Michael,MIC_0205,-0.03232529727822622,0.002840056918700697,0,Legacy Believers,0.4019,positive,5.551019720103791
Michael,MIC_0277,-0.11069809673054425,-0.2273156402178609,1,Music Enthusiasts,0.4118,positive,5.062595033026967
Michael,MIC_0332,-0.040500386787364374,-0.034004855678380526,0,Legacy Believers,0.0,neutral,6.012491914300058
Michael,MIC_0187,-0.07405699910028117,-0.09012741756216382,0,Legacy Believers,0.296,positive,5.755742213586912
Michael,MIC_0130,-0.10415719210655847,-0.22975346562482374,1,Music Enthusiasts,0.4118,positive,6.639875833826536
Michael,MIC_0121,-0.05559738570941372,-0.07457590643162988,0,Legacy Believers,0.2716,positive,6.005120873555468
Michael,MIC_0234,0.8795645939286983,0.0164337060845523,3,Cultural Analysts,0.4939,positive,5.82600010738045
Michael,MIC_0047,0.03391091679320576,-0.009494297878014988,0,Legacy Believers,-0.3818,negative,5.883322388488279
Michael,MIC_0243,-0.08371439437920934,-0.019785556983062284,2,Critical Observers,-0.296,negative,5.453182077108952
Michael,MIC_0131,-0.022900118537635846,0.11162865631845614,0,Legacy Believers,0.0,neutral,4.66814498514948
Michael,MIC_0289,-0.07580332150457245,-0.012707874669064367,0,Legacy Believers,0.7717,positive,5.159055299214529
Michael,MIC_0397,-0.026886030063849795,-0.010487677397542276,0,Legacy Believers,0.0191,neutral,6.174827228410347
Michael,MIC_0294,0.22837175615697203,-0.019600572841351093,0,Legacy Believers,0.0,neutral,6.431331081933479
Michael,MIC_0410,-0.10415719210655847,-0.22975346562482374,1,Music Enthusiasts,0.4118,positive,4.948759890378168
Michael,MIC_0038,-0.12237907485903703,-0.2525638319394415,0,Legacy Believers,-0.25,negative,4.955827057601261
Michael,MIC_0346,0.8635118087820055,-6.098409650238789e-05,3,Cultural Analysts,0.1531,positive,5.827473946998751
Michael,MIC_0355,0.8588103012248738,-0.018439636911755177,3,Cultural Analysts,0.4939,positive,5.529429087511423
Michael,MIC_0284,-0.07252210740477742,-0.08700828093333052,0,Legacy Believers,0.5423,positive,5.942799375126701
Michael,MIC_0135,-0.10640132609715088,-0.12321856857962696,0,Legacy Believers,-0.3818,negative,6.105908681498851
Michael,MIC_0040,-0.10601988362822139,-0.2186692807399137,0,Legacy Believers,-0.25,negative,6.003887067106539
Michael,MIC_0392,-0.0370914735465455,-0.0015877119263728802,0,Legacy Believers,0.0,neutral,5.922918004572872
Michael,MIC_0083,0.011350374260492083,0.053293165727997284,0,Legacy Believers,0.0,neutral,6.403574197934815
Michael,MIC_0218,0.20463427603267298,0.0427564913469024,0,Legacy Believers,0.2235,positive,5.967427969279741
Michael,MIC_0210,-0.07252210740477742,-0.08700828093333052,0,Legacy Believers,0.5423,positive,6.030685260261263
Michael,MIC_0235,-0.04322094746412824,0.027433389680858813,0,Legacy Believers,0.3719,positive,6.184148890937483
Michael,MIC_0246,-0.08400765706674142,-0.1882124878159126,1,Music Enthusiasts,0.4118,positive,6.143112096717122
Michael,MIC_0207,-0.07421412781946046,-0.0685763902300151,0,Legacy Believers,0.5423,positive,5.01396308418893
Michael,MIC_0386,-0.10231756492657897,-0.12331585445657918,0,Legacy Believers,0.0,neutral,5.568344503761097
Michael,MIC_0278,-0.12071548740652839,-0.18083150418139637,0,Legacy Believers,-0.0289,neutral,5.568344503761097
Michael,MIC_0252,-0.039864566428123006,-0.036978771650871226,0,Legacy Believers,-0.5994,negative,5.499215308914927
Michael,MIC_0202,-0.020764696948921055,-0.02271938418976528,0,Legacy Believers,0.0,neutral,5.5053315359323625
Michael,MIC_0389,-0.08782452757722553,-0.21845781089832034,0,Legacy Believers,0.7579,positive,5.3981627015177525
Michael,MIC_0261,-0.047751050691712704,-0.04898392460119057,0,Legacy Believers,0.0,neutral,5.560681631015528
Michael,MIC_0327,-0.04756932935957519,-0.02950162768081988,0,Legacy Believers,0.4019,positive,5.733341276897746
Michael,MIC_0348,-0.0049846213064847125,0.01325277443454973,0,Legacy Believers,-0.2755,negative,6.380969635637417
Michael,MIC_0048,-0.05559738570941372,-0.07457590643162988,0,Legacy Believers,0.2716,positive,6.0342845442909105
Michael,MIC_0377,-0.11091366145326334,-0.16795784765293728,1,Music Enthusiasts,0.4118,positive,5.853638230200579
Michael,MIC_0186,-0.08305082797998274,0.0023736825087638464,2,Critical Observers,-0.296,negative,5.625820933186489
Michael,MIC_0058,-0.03211007186105606,0.04375891791400232,0,Legacy Believers,-0.2755,negative,6.121395716700013
Michael,MIC_0301,-0.051624831275308175,-0.0661152133263111,0,Legacy Believers,0.0,neutral,5.920237037819614
Michael,MIC_0050,-0.08782452757722553,-0.21845781089832034,0,Legacy Believers,0.7579,positive,5.698769932832657
Michael,MIC_0404,-0.10231756492657897,-0.12331585445657918,0,Legacy Believers,0.0,neutral,5.87493073085203
Michael,MIC_0365,-0.0911303042287886,-0.017497886069737817,0,Legacy Believers,-0.0772,negative,5.457455587886334
Michael,MIC_0340,-0.04346541541361789,0.013752389273425866,0,Legacy Believers,0.21,positive,6.223567839793664
Michael,MIC_0084,-0.03615060017943746,-0.007588824322916726,0,Legacy Believers,-0.3818,negative,6.323462503334274
Michael,MIC_0077,-0.08593767154215105,-0.06339860055137596,0,Legacy Believers,0.5423,positive,5.351858133476067
Michael,MIC_0360,-0.05591773621975285,-0.06964648574447595,0,Legacy Believers,0.5859,positive,5.750984076140496
Michael,MIC_0308,-0.07451398961681797,-0.06681359245087681,0,Legacy Believers,0.7717,positive,5.698769932832657
Michael,MIC_0129,-0.06884575627240298,-0.04275570024518528,0,Legacy Believers,-0.0772,negative,5.442417710521793
Michael,MIC_0118,-0.11684781240705619,0.8479766106844507,0,Legacy Believers,0.7579,positive,5.5909869805108565
Michael,MIC_0296,-0.04730107835196491,-0.0128010357927692,0,Legacy Believers,0.0258,neutral,5.457455587886334
Michael,MIC_0381,-0.046468040023617145,-0.009628678794008002,0,Legacy Believers,0.4019,positive,5.762051382780177
Michael,MIC_0226,-0.08587953275648719,-0.0805102935178571,0,Legacy Believers,-0.0772,negative,5.2652775124698366
Michael,MIC_0169,-0.05413727783182414,-0.049008811835234235,0,Legacy Believers,0.5423,positive,6.364750756851911
Michael,MIC_0267,-0.10085961965484821,-0.06257329692879988,0,Legacy Believers,0.2235,positive,5.834810737062605
Michael,MIC_0337,0.20463427603267298,0.0427564913469024,0,Legacy Believers,0.2235,positive,5.799092654460526
Michael,MIC_0056,-0.08934744825571043,-0.21190388636410523,0,Legacy Believers,0.5994,positive,6.432135910950766
Michael,MIC_0068,-0.12908613152633394,-0.22166393549358923,0,Legacy Believers,-0.25,negative,5.099866427824199
Michael,MIC_0189,0.890241865551722,0.0002586056723317469,3,Cultural Analysts,0.4939,positive,5.600272098286537
Michael,MIC_0031,-0.058372454222067265,-0.003268249963436866,0,Legacy Believers,0.2235,positive,6.46302945692067
Michael,MIC_0102,-0.09019180103909216,0.0020989230954284767,2,Critical Observers,-0.296,negative,4.867534450455582
Michael,MIC_0229,-0.08425691998283968,-0.009556418466542144,0,Legacy Believers,0.1501,positive,5.519458915191573
Michael,MIC_0155,-0.04158788856604137,0.1365221736371016,0,Legacy Believers,0.2235,positive,5.7477993600729755
Michael,MIC_0248,-0.04979943353122274,0.022588013758308812,0,Legacy Believers,0.4019,positive,4.875197323201151
Michael,MIC_0049,-0.05687643955529586,0.006615678256374151,0,Legacy Believers,0.0772,positive,5.643678550586496
Michael,MIC_0232,-0.1208555675421463,-0.24239398322716202,0,Legacy Believers,-0.25,negative,5.629418059367339
Michael,MIC_0175,-0.05768137101918677,-0.07009551283698841,0,Legacy Believers,0.0,neutral,5.834810737062605
Michael,MIC_0321,-0.03177461895310367,-0.007436390351674179,0,Legacy Believers,0.0,neutral,5.404927101606295
Michael,MIC_0219,-0.0343893599731287,-0.019270508639634327,0,Legacy Believers,0.0,neutral,6.0390635259072605
Michael,MIC_0306,-0.014083174164451503,0.015351010528252648,0,Legacy Believers,0.0,neutral,5.209486152841421
Michael,MIC_0242,-0.07431196522995322,0.027773192038797315,0,Legacy Believers,0.0772,positive,6.134482053942907
Michael,MIC_0317,0.045474146661278775,0.0005983766738812067,0,Legacy Believers,0.6486,positive,5.605802066295998
Michael,MIC_0020,-0.05186552651802588,-0.009926792730761731,0,Legacy Believers,0.1027,positive,6.298949246855942
Michael,MIC_0003,0.2523006806418918,0.004325690428033121,0,Legacy Believers,0.0,neutral,6.400257445308821
Michael,MIC_0010,-0.06227004149191058,-0.04184549087817376,0,Legacy Believers,0.0,neutral,5.589119566336061
Michael,MIC_0311,-0.05162862455587689,-0.04693266659055637,0,Legacy Believers,0.0,neutral,5.823045895483019
Michael,MIC_0109,-0.08604126745116916,-0.045886136508929205,0,Legacy Believers,0.7717,positive,6.386879319362645
Michael,MIC_0103,-0.08801121730860424,-0.08498785784468056,0,Legacy Believers,0.5859,positive,5.356586274672012
Michael,MIC_0105,-0.09019180103909216,0.0020989230954284767,2,Critical Observers,-0.296,negative,5.214935757608986
Michael,MIC_0372,-0.07452258616084868,-0.010783025900679592,0,Legacy Believers,-0.3182,negative,5.285738584341177
Michael,MIC_0052,-0.027257216631498587,0.009432918931260439,0,Legacy Believers,0.0,neutral,6.012491914300058
Michael,MIC_0286,-0.039677446106180014,0.05089953260296202,0,Legacy Believers,0.2235,positive,5.084505142662711
Michael,MIC_0249,-0.08784698882058702,-0.22133994569471852,0,Legacy Believers,0.7579,positive,5.643678550586496
Michael,MIC_0054,-0.10192607635263425,-0.20464563800222035,0,Legacy Believers,0.7579,positive,5.877735781779639
Michael,MIC_0247,-0.07580332150457245,-0.012707874669064367,0,Legacy Believers,0.7717,positive,5.8289456176102075
Michael,MIC_0359,-0.12908613152633394,-0.22166393549358923,0,Legacy Believers,-0.25,negative,6.256709274440827
Michael,MIC_0304,-0.05591773621975285,-0.06964648574447595,0,Legacy Believers,0.5859,positive,6.246106765481563
Michael,MIC_0221,-0.08912787879658021,-0.06116412439764131,0,Legacy Believers,-0.0772,negative,6.193384461970565
Michael,MIC_0060,-0.07574350841986953,0.01612931492467153,0,Legacy Believers,0.3204,positive,5.10594547390058
Michael,MIC_0282,-0.04089976670110032,0.02695842472314233,0,Legacy Believers,0.5086,positive,6.197461939587221
Michael,MIC_0271,-0.033711107752693655,-0.02933876343437138,0,Legacy Believers,0.0,neutral,5.422744944923089
Michael,MIC_0059,-0.10640132609715088,-0.12321856857962696,0,Legacy Believers,-0.3818,negative,5.8289456176102075
Michael,MIC_0051,0.028831331148152287,0.026270734958128972,0,Legacy Believers,0.0,neutral,5.0466457316192885
Michael,MIC_0199,-0.023891728187232775,-0.023133030997364225,0,Legacy Believers,-0.3818,negative,6.304448802421981
Michael,MIC_0318,-0.10038414083529815,0.8449203714424813,0,Legacy Believers,0.7579,positive,5.090678001769792
Michael,MIC_0015,-0.0049846213064847125,0.01325277443454973,0,Legacy Believers,-0.2755,negative,6.297109319933935
Michael,MIC_0195,-0.06718066288124724,0.0177300770598183,0,Legacy Believers,0.3204,positive,5.8664680569332965
Michael,MIC_0073,-0.07543474720524673,-0.048816731685630936,0,Legacy Believers,0.7717,positive,5.427150238391005
Michael,MIC_0382,0.01921592878740095,-0.005803720439519661,0,Legacy Believers,0.0,neutral,5.4785534168509695
Michael,MIC_0167,-0.07252210740477742,-0.08700828093333052,0,Legacy Believers,0.5423,positive,5.655991810819852
Michael,MIC_0223,-0.069559017515827,0.049885404123520244,0,Legacy Believers,0.3204,positive,6.049733455231958
Michael,MIC_0314,-0.028992575070985342,-0.036515124065413566,0,Legacy Believers,-0.2755,negative,5.337538079701318
Michael,MIC_0145,-0.04082293883677605,0.04582788995466,0,Legacy Believers,0.0,neutral,5.41610040220442
Michael,MIC_0061,-0.05773135759913699,-0.03323635691133403,0,Legacy Believers,0.7717,positive,5.763622475012218
Michael,MIC_0326,-0.07298379094739374,0.03327926009124613,0,Legacy Believers,0.2933,positive,5.84354441703136
Michael,MIC_0159,-0.11684781240705619,0.8479766106844507,0,Legacy Believers,0.7579,positive,6.132312855695361
Michael,MIC_0378,-0.05583104748131243,-0.05963868505477182,0,Legacy Believers,-0.1298,negative,6.478509642208569
Michael,MIC_0154,-0.09170103706160994,-0.2187043439827549,0,Legacy Believers,0.7579,positive,6.555356891810665
Michael,MIC_0383,-0.12908613152633394,-0.22166393549358923,0,Legacy Believers,-0.25,negative,5.785362461648624
Michael,MIC_0053,-0.07418771580830566,-0.007179139749941148,0,Legacy Believers,0.0772,positive,5.881928660039675
Michael,MIC_0388,-0.04158788856604137,0.1365221736371016,0,Legacy Believers,0.2235,positive,5.491001710377538
Michael,MIC_0037,-0.12496306917056278,-0.24280535429782926,0,Legacy Believers,-0.25,negative,4.52720864451838
Michael,MIC_0253,-0.08912787879658021,-0.06116412439764131,0,Legacy Believers,-0.0772,negative,6.675192505751435
Michael,MIC_0117,-0.07418771580830566,-0.007179139749941148,0,Legacy Believers,0.0772,positive,6.089044875446846
Michael,MIC_0004,-0.11972456507577933,0.8686937030253649,0,Legacy Believers,0.5994,positive,6.618071203859683
Michael,MIC_0353,-0.04067110412767079,-0.014017932676474608,0,Legacy Believers,-0.3597,negative,6.512487995850418
Michael,MIC_0164,-0.12237907485903703,-0.2525638319394415,0,Legacy Believers,-0.25,negative,6.23539063760472
Michael,MIC_0017,0.0252835791791079,0.029867138337080067,0,Legacy Believers,0.2235,positive,5.482720089545816
Michael,MIC_0055,-0.014361457497230733,0.0051779486038596575,0,Legacy Believers,0.3818,positive,6.4457198193855785
Michael,MIC_0120,-0.11069809673054425,-0.2273156402178609,1,Music Enthusiasts,0.4118,positive,6.300785794663244
Michael,MIC_0057,-0.11069809673054425,-0.2273156402178609,1,Music Enthusiasts,0.4118,positive,5.298317366548036
Michael,MIC_0082,0.22837175615697203,-0.019600572841351093,0,Legacy Believers,0.0,neutral,5.712081277470896
Michael,MIC_0027,-0.08120894648678292,0.04015049128224233,2,Critical Observers,-0.0803,negative,6.324358962381311
Michael,MIC_0303,-0.10295756693547659,-0.13696951126366858,0,Legacy Believers,0.0,neutral,5.655991810819852
Michael,MIC_0415,-0.05137230500514481,0.033824072826830615,0,Legacy Believers,-0.2052,negative,5.8650506222523235
Michael,MIC_0270,-0.12237907485903703,-0.2525638319394415,0,Legacy Believers,-0.25,negative,6.069582326371934
Michael,MIC_0239,-0.07310447496162666,-0.1938083388978911,0,Legacy Believers,0.7579,positive,6.443336028030302
Michael,MIC_0000,-0.04384108401569555,-0.012621239031371993,0,Legacy Believers,0.4019,positive,5.382198850528739
Michael,MIC_0298,-0.08120894648678292,0.04015049128224233,2,Critical Observers,-0.0803,negative,5.969985515430857
Michael,MIC_0153,-0.04402230525096596,0.022492493438126947,0,Legacy Believers,0.1027,positive,4.852030263919617
Michael,MIC_0402,-0.0739494234582109,-0.017039079316849195,0,Legacy Believers,0.6584,positive,5.928258471204189
Michael,MIC_0036,-0.039827673586655815,-0.0493746128809726,0,Legacy Believers,0.0,neutral,5.270432163058501
Michael,MIC_0066,-0.014361457497230733,0.0051779486038596575,0,Legacy Believers,0.3818,positive,6.271933165041461
Michael,MIC_0281,-0.0711602823394434,-0.06766997434107028,0,Legacy Believers,0.2263,positive,5.809642865355678
Michael,MIC_0100,-0.06796197664041373,-0.06840703730273756,0,Legacy Believers,0.5423,positive,2.917770732084279
Michael,MIC_0385,-0.037873883627998574,0.10678002779680328,0,Legacy Believers,0.0,neutral,5.267858159063328
Michael,MIC_0091,0.026050553458307344,0.025166612404327462,0,Legacy Believers,0.7342,positive,6.532334292222349
Michael,MIC_0142,0.22837175615697203,-0.019600572841351093,0,Legacy Believers,0.0,neutral,6.0390635259072605
Michael,MIC_0133,-0.05773135759913699,-0.03323635691133403,0,Legacy Believers,0.7717,positive,6.1452580202873985
Michael,MIC_0067,-0.08371439437920934,-0.019785556983062284,2,Critical Observers,-0.296,negative,5.771441123130016
Michael,MIC_0177,-0.07452258616084868,-0.010783025900679592,0,Legacy Believers,-0.3182,negative,5.3867860145356445
Michael,MIC_0062,-0.0417468812432286,0.023144158880814242,0,Legacy Believers,0.34,positive,6.505784060128229
Michael,MIC_0390,-0.047751050691712704,-0.04898392460119057,0,Legacy Believers,0.0,neutral,6.089044875446846
Michael,MIC_0354,-0.07580346782055836,-0.051471303406352975,0,Legacy Believers,0.6249,positive,6.082218910376446
Michael,MIC_0391,-0.03177461895310367,-0.007436390351674179,0,Legacy Believers,0.0,neutral,5.337538079701318
Michael,MIC_0341,-0.08164392559139524,-0.06140300540617765,0,Legacy Believers,-0.0772,negative,5.8185981490847825
Michael,MIC_0236,0.01921592878740095,-0.005803720439519661,0,Legacy Believers,0.0,neutral,4.820281565605037
Michael,MIC_0151,-0.04159432852845758,-0.05715810857592615,0,Legacy Believers,-0.128,negative,5.886104031450156
Michael,MIC_0166,-0.10036121913768943,-0.2142638612388627,1,Music Enthusiasts,0.4118,positive,6.735186013630861
Michael,MIC_0393,-0.10977663946417099,-0.22547364930559238,1,Music Enthusiasts,-0.1655,negative,5.749392985908253
Michael,MIC_0233,-0.10085961965484821,-0.06257329692879988,0,Legacy Believers,0.2235,positive,5.0689042022202315
Michael,MIC_0399,-0.12479602211345127,0.8135156839231231,0,Legacy Believers,0.7579,positive,6.0063531596017325
Michael,MIC_0339,-0.030919473280155343,-0.028871697027118486,0,Legacy Believers,0.3818,positive,5.260096153727839
Michael,MIC_0030,0.9259049024441566,0.004126393473791651,3,Cultural Analysts,0.4939,positive,6.406054562993147
Michael,MIC_0157,-0.030919473280155343,-0.028871697027118486,0,Legacy Believers,0.3818,positive,6.430525604644662
Michael,MIC_0075,-0.05043930703971752,-0.006761933884591686,0,Legacy Believers,-0.4019,negative,5.442417710521793
Michael,MIC_0225,-0.09170103706160994,-0.2187043439827549,0,Legacy Believers,0.7579,positive,4.363098624788363
Michael,MIC_0045,-0.07451398961681797,-0.06681359245087681,0,Legacy Believers,0.7717,positive,4.955827057601261
Michael,MIC_0352,-0.08934744825571043,-0.21190388636410523,0,Legacy Believers,0.5994,positive,5.0466457316192885
Michael,MIC_0395,-0.12442294870940603,-0.2420826921958837,0,Legacy Believers,-0.5574,negative,5.8522024797744745
Michael,MIC_0260,-0.12479602211345127,0.8135156839231231,0,Legacy Believers,0.7579,positive,5.898526551448713
Michael,MIC_0312,-0.08400765706674142,-0.1882124878159126,1,Music Enthusiasts,0.4118,positive,6.037870919922137
Michael,MIC_0276,0.890241865551722,0.0002586056723317469,3,Cultural Analysts,0.4939,positive,6.293419278846481
Michael,MIC_0331,-0.026886030063849795,-0.010487677397542276,0,Legacy Believers,0.0191,neutral,5.511410582008745
Michael,MIC_0085,-0.08559687010602957,0.03700184421393368,2,Critical Observers,-0.296,negative,6.424869023905388
Michael,MIC_0161,-0.04979943353122274,0.022588013758308812,0,Legacy Believers,0.4019,positive,5.750984076140496
Michael,MIC_0002,-0.030919473280155343,-0.028871697027118486,0,Legacy Believers,0.3818,positive,5.53338948872752
Michael,MIC_0394,-0.051638179399276306,0.029468461625422077,0,Legacy Believers,0.3204,positive,5.806639860095909
Michael,MIC_0257,-0.039840619790357884,-0.03485174371560139,0,Legacy Believers,-0.128,negative,6.342121418721152
Michael,MIC_0041,-0.10192607635263425,-0.20464563800222035,0,Legacy Believers,0.7579,positive,5.631211781821365
Michael,MIC_0416,-0.08425691998283968,-0.009556418466542144,0,Legacy Believers,0.1501,positive,6.052089168924417
Michael,MIC_0021,-0.028992575070985342,-0.036515124065413566,0,Legacy Believers,-0.2755,negative,5.967427969279741
Michael,MIC_0324,-0.04941379502017032,0.028319705746142374,0,Legacy Believers,0.5556,positive,5.2390980068880655
Michael,MIC_0269,-0.03576803481029949,-0.036831957010658715,0,Legacy Believers,-0.128,negative,5.94672865326659
Michael,MIC_0114,-0.05512775299826327,-0.05711933943405742,0,Legacy Believers,0.2716,positive,6.269096283706261
Michael,MIC_0279,0.890241865551722,0.0002586056723317469,3,Cultural Analysts,0.4939,positive,6.133398042996649
Michael,MIC_0094,-0.07600863952371502,-0.037899853934481254,0,Legacy Believers,0.6896,positive,6.021023349349527
Michael,MIC_0088,-0.03177461895310367,-0.007436390351674179,0,Legacy Believers,0.0,neutral,6.400257445308821
Michael,MIC_0256,-0.06629206344960292,0.015097215598352991,2,Critical Observers,-0.296,negative,6.404401670054847
Michael,MIC_0178,-0.10789819017036152,-0.0750308434353307,0,Legacy Believers,0.0,neutral,6.102558594613569
Michael,MIC_0122,-0.07421412781946046,-0.0685763902300151,0,Legacy Believers,0.5423,positive,5.973809611869261
Michael,MIC_0364,0.8364882719928168,0.03719329764865133,3,Cultural Analysts,0.4939,positive,6.62273632394984
Michael,MIC_0065,-0.04756932935957519,-0.02950162768081988,0,Legacy Believers,0.4019,positive,5.295814236329918
Michael,MIC_0046,-0.06227004149191058,-0.04184549087817376,0,Legacy Believers,0.0,neutral,5.8650506222523235
Michael,MIC_0347,0.8795645939286983,0.0164337060845523,3,Cultural Analysts,0.4939,positive,5.2652775124698366
Michael,MIC_0080,-0.04159432852845758,-0.05715810857592615,0,Legacy Believers,-0.128,negative,3.817712325956905
Michael,MIC_0143,-0.04201664287782668,-0.006702877839410419,0,Legacy Believers,0.3818,positive,5.181783550292085
Michael,MIC_0097,-0.10295756693547659,-0.13696951126366858,0,Legacy Believers,0.0,neutral,6.315358001522335
Michael,MIC_0254,-0.046468040023617145,-0.009628678794008002,0,Legacy Believers,0.4019,positive,5.996452088619021
Michael,MIC_0264,0.034406820794620686,-0.014086041332027637,0,Legacy Believers,0.6486,positive,5.998936561946683
Michael,MIC_0401,-0.08784698882058702,-0.22133994569471852,0,Legacy Believers,0.7579,positive,6.0787883752796565
Michael,MIC_0369,-0.042426856562158034,0.13678332248507227,0,Legacy Believers,0.0,neutral,5.313205979041787
Michael,MIC_0251,-0.10038414083529815,0.8449203714424813,0,Legacy Believers,0.7579,positive,5.69035945432406
Michael,MIC_0396,-0.11684781240705619,0.8479766106844507,0,Legacy Believers,0.7579,positive,5.575949103146316
Michael,MIC_0106,-0.11601323888538585,0.8054445961949124,0,Legacy Believers,0.7579,positive,6.2166061010848646
Michael,MIC_0320,-0.05325751934466124,-0.05213309786115037,0,Legacy Believers,0.0,neutral,6.512487995850418
Michael,MIC_0163,-0.11637605012989036,-0.11278728951124493,0,Legacy Believers,0.0,neutral,5.681877639268151
Michael,MIC_0333,-0.0370914735465455,-0.0015877119263728802,0,Legacy Believers,0.0,neutral,5.741399338227508
Michael,MIC_0193,-0.116236730758353,0.8707212675281037,0,Legacy Believers,0.7579,positive,6.392754283805666
Michael,MIC_0334,-0.12479602211345127,0.8135156839231231,0,Legacy Believers,0.7579,positive,5.25227342804663
Michael,MIC_0076,-0.05512775299826327,-0.05711933943405742,0,Legacy Believers,0.2716,positive,6.220590170099739
Michael,MIC_0204,-0.05559738570941372,-0.07457590643162988,0,Legacy Believers,0.2716,positive,5.545177444479562
Michael,MIC_0092,-0.06629206344960292,0.015097215598352991,2,Critical Observers,-0.296,negative,5.688668836846153
The Devil Wears Prada 2,THE_0252,-0.02063278344177002,-0.014428763492809974,3,Industry Analysts,0.3818,positive,5.351858133476067
The Devil Wears Prada 2,THE_0049,-0.007455272881455659,-0.05184178476957333,3,Industry Analysts,0.765,positive,5.976350909297934
The Devil Wears Prada 2,THE_0025,-0.19815642952861218,0.3405719881457841,1,Fashion Insiders,-0.7906,negative,5.6937321388027
The Devil Wears Prada 2,THE_0091,-0.07884712842596009,-0.06547681006623511,3,Industry Analysts,0.5842,positive,5.870708345972182
The Devil Wears Prada 2,THE_0143,-0.07229197643290386,0.02182338085863894,1,Fashion Insiders,0.8059,positive,5.8185981490847825
The Devil Wears Prada 2,THE_0008,-0.019145999960405998,-0.03622668228991028,3,Industry Analysts,-0.4391,negative,5.886104031450156
The Devil Wears Prada 2,THE_0260,0.01576860423226593,-0.010384572049018746,3,Industry Analysts,0.6801,positive,6.456769655572163
The Devil Wears Prada 2,THE_0228,-0.3798850571455835,0.6458078268468268,1,Fashion Insiders,0.1749,positive,5.465948207931988
The Devil Wears Prada 2,THE_0317,0.01002068946082341,-0.052687617776215515,3,Industry Analysts,0.0,neutral,5.2652775124698366
The Devil Wears Prada 2,THE_0327,-0.05636418403086753,-0.06674950316238049,3,Industry Analysts,0.7506,positive,5.278114659230517
The Devil Wears Prada 2,THE_0305,-0.012299082955483733,-0.010444182125587754,1,Fashion Insiders,-0.3818,negative,6.041444479413003
The Devil Wears Prada 2,THE_0194,-0.021178295937955907,-0.004891766262687577,1,Fashion Insiders,0.4019,positive,6.07993319509559
The Devil Wears Prada 2,THE_0200,-0.048961100572795284,-0.05059105394970882,3,Industry Analysts,0.4404,positive,4.959341999708705
The Devil Wears Prada 2,THE_0401,-0.3783638004689928,0.6990569139291275,1,Fashion Insiders,-0.0516,negative,5.941486177301741
The Devil Wears Prada 2,THE_0266,-0.038910233572875964,-0.014100144167319499,3,Industry Analysts,0.3983,positive,5.327876168789581
The Devil Wears Prada 2,THE_0088,-0.028647508430532077,-0.05169547158355706,3,Industry Analysts,0.0,neutral,6.082218910376446
The Devil Wears Prada 2,THE_0093,-0.021488332209203907,-0.1190026305218227,2,Cautious Fans,0.3182,positive,5.6185876285929695
The Devil Wears Prada 2,THE_0275,-0.021488332209203945,-0.11900263052182233,2,Cautious Fans,0.3182,positive,5.664695085948154
The Devil Wears Prada 2,THE_0449,-0.013023180268855933,-0.02305958357321202,3,Industry Analysts,-0.0508,negative,5.062595033026967
The Devil Wears Prada 2,THE_0419,-0.018232431948017408,-0.1000009145905052,2,Cautious Fans,0.5994,positive,6.143112096717122
The Devil Wears Prada 2,THE_0000,-0.01701673723682858,-0.029058690493577326,3,Industry Analysts,-0.25,negative,5.840641657373398
The Devil Wears Prada 2,THE_0230,-0.027391575329677363,-0.007067890983315191,1,Fashion Insiders,0.0,neutral,6.519884479274924
The Devil Wears Prada 2,THE_0053,-0.012359117630820697,-0.05508941605682644,3,Industry Analysts,0.4404,positive,5.786897381366708
The Devil Wears Prada 2,THE_0366,-0.024250399757355483,0.03305322497663615,1,Fashion Insiders,-0.1779,negative,5.529429087511423
The Devil Wears Prada 2,THE_0190,-0.0007531654217821141,-0.012177831862808458,3,Industry Analysts,0.6801,positive,6.1070228877422545
The Devil Wears Prada 2,THE_0374,0.006201116781737641,-0.05818481366162649,3,Industry Analysts,0.765,positive,5.363636832668679
The Devil Wears Prada 2,THE_0362,-0.05933137759360043,-0.4544392846348341,2,Cautious Fans,0.4919,positive,5.4785534168509695
The Devil Wears Prada 2,THE_0341,0.01576860423226693,-0.010384572049018985,3,Industry Analysts,0.6801,positive,5.664695085948154
The Devil Wears Prada 2,THE_0436,-0.009556558263759762,0.0020803309479114243,1,Fashion Insiders,0.0,neutral,5.354224998486333
The Devil Wears Prada 2,THE_0144,-0.011037457490116356,-0.06304997770078749,3,Industry Analysts,0.765,positive,6.074195944705447
The Devil Wears Prada 2,THE_0415,-0.016243994492313302,-0.029693434741109893,3,Industry Analysts,-0.25,negative,5.988961416889864
The Devil Wears Prada 2,THE_0447,-0.36534187617307173,0.6909993236832944,1,Fashion Insiders,-0.0516,negative,6.023447592961033
The Devil Wears Prada 2,THE_0070,-0.027316417158404348,-0.04844478668997176,0,Nostalgia Advocates,-0.5267,negative,6.572981598996505
The Devil Wears Prada 2,THE_0283,-0.02063278344177029,-0.014428763492809867,3,Industry Analysts,0.3818,positive,4.812184355372417
The Devil Wears Prada 2,THE_0031,0.8512627895319571,0.29618084879540235,3,Industry Analysts,0.0,neutral,4.6491870714048655
The Devil Wears Prada 2,THE_0397,0.0032747170487140665,-0.0644017913370358,3,Industry Analysts,0.0,neutral,6.400257445308821
The Devil Wears Prada 2,THE_0045,-0.018232431948017404,-0.10000091459050521,2,Cautious Fans,0.5994,positive,6.022236205774735
The Devil Wears Prada 2,THE_0148,-0.06790972799496293,-0.02741156661347458,1,Fashion Insiders,0.8059,positive,5.631211781821365
The Devil Wears Prada 2,THE_0358,-0.029767267322012857,-0.019607754936917056,3,Industry Analysts,0.7566,positive,5.354224998486333
The Devil Wears Prada 2,THE_0113,0.008156057686922498,-0.01469618377196582,3,Industry Analysts,0.3818,positive,5.723585101952381
The Devil Wears Prada 2,THE_0023,-0.019222698361853256,-0.03852507985338904,3,Industry Analysts,-0.2755,negative,6.568779912142806
The Devil Wears Prada 2,THE_0443,-0.3808709643423099,0.68284780202369,1,Fashion Insiders,-0.0516,negative,5.707110264748875
The Devil Wears Prada 2,THE_0138,0.8885626670460115,0.31411961530652177,3,Industry Analysts,0.0,neutral,6.054439346269371
The Devil Wears Prada 2,THE_0141,0.00023445668531574056,-0.01647296346963131,3,Industry Analysts,0.0,neutral,5.1149953094204985
The Devil Wears Prada 2,THE_0006,-0.004717538374748711,-0.031875103580405795,3,Industry Analysts,0.0,neutral,4.762173934797756
The Devil Wears Prada 2,THE_0056,-0.0387948837687895,-0.05769859699617249,3,Industry Analysts,0.7506,positive,6.221583712158617
The Devil Wears Prada 2,THE_0197,-0.015190143958254241,-0.027347189640854083,3,Industry Analysts,-0.2755,negative,5.27556037942542
The Devil Wears Prada 2,THE_0217,-0.010148974262638782,-0.07338513372198616,3,Industry Analysts,-0.1027,negative,5.975081067857458
The Devil Wears Prada 2,THE_0416,-0.024628150380498145,-0.00678291268027075,3,Industry Analysts,0.5423,positive,5.0072963928307415
The Devil Wears Prada 2,THE_0244,0.008156057686922498,-0.01469618377196582,3,Industry Analysts,0.3818,positive,5.976350909297934
The Devil Wears Prada 2,THE_0127,-0.015427949789312348,-0.016327788715480806,3,Industry Analysts,0.0018,neutral,5.830415125589567
The Devil Wears Prada 2,THE_0245,-0.07474204235364781,-0.11997643259335262,3,Industry Analysts,0.4635,positive,6.028278520230698
The Devil Wears Prada 2,THE_0442,-0.03377889685460856,-0.022487647267653132,3,Industry Analysts,0.5405,positive,6.082218910376446
The Devil Wears Prada 2,THE_0035,-0.025277157953012958,-0.10619926305755915,0,Nostalgia Advocates,-0.5267,negative,6.09807428216624
The Devil Wears Prada 2,THE_0184,-0.027919910775097756,-0.026993622284535765,3,Industry Analysts,-0.25,negative,5.834810737062605
The Devil Wears Prada 2,THE_0124,-0.06023279699092233,-0.07920390730179354,3,Industry Analysts,0.125,positive,6.031886461606898
The Devil Wears Prada 2,THE_0235,-0.1981564295286104,0.3405719881457847,1,Fashion Insiders,-0.7906,negative,3.737669618283368
The Devil Wears Prada 2,THE_0444,-0.04802280715013807,-0.10823762155493484,3,Industry Analysts,0.2819,positive,6.0063531596017325
The Devil Wears Prada 2,THE_0261,-0.037564480353810784,-0.019356664444904404,3,Industry Analysts,0.2235,positive,5.844992643207725
The Devil Wears Prada 2,THE_0169,0.0022751682696645144,-0.0556413759926744,3,Industry Analysts,0.6801,positive,5.249652194566756
The Devil Wears Prada 2,THE_0302,0.008156057686922498,-0.01469618377196582,3,Industry Analysts,0.3818,positive,6.326149473155099
The Devil Wears Prada 2,THE_0278,-0.028647508430532192,-0.05169547158355704,3,Industry Analysts,0.0,neutral,6.056784013228625
The Devil Wears Prada 2,THE_0445,-0.3653418761730718,0.6909993236832944,1,Fashion Insiders,-0.0516,negative,5.575949103146316
The Devil Wears Prada 2,THE_0229,-0.002362393769970946,-0.012661591637443506,3,Industry Analysts,0.6801,positive,5.2832037287379885
The Devil Wears Prada 2,THE_0059,-0.036527360846632204,-0.11232180918624572,3,Industry Analysts,0.7506,positive,6.093569770045136
The Devil Wears Prada 2,THE_0425,0.0039308762816802545,-0.005397087667570688,3,Industry Analysts,0.09,positive,6.064947323867785
The Devil Wears Prada 2,THE_0249,-0.021178295937956133,-0.004891766262686105,1,Fashion Insiders,0.4019,positive,5.084505142662711
The Devil Wears Prada 2,THE_0161,-0.042232191020370166,-0.016750182459027152,1,Fashion Insiders,0.2235,positive,6.111467339502679
The Devil Wears Prada 2,THE_0246,-0.04091552065052873,-0.07053948709594408,3,Industry Analysts,0.5859,positive,5.552959584921617
The Devil Wears Prada 2,THE_0355,-0.022612509068045232,-0.1228891180318247,2,Cautious Fans,0.5994,positive,5.820082930352362
The Devil Wears Prada 2,THE_0418,-0.19169887026170054,0.29449298945631175,1,Fashion Insiders,-0.6597,negative,5.438079308923196
The Devil Wears Prada 2,THE_0016,-0.05933137759360043,-0.4544392846348341,2,Cautious Fans,0.4919,positive,5.470167623474696
The Devil Wears Prada 2,THE_0155,-0.036499760908930146,-0.48263345437415783,2,Cautious Fans,0.3182,positive,5.438079308923196
The Devil Wears Prada 2,THE_0174,-0.018734726278069224,-0.020541216699101486,3,Industry Analysts,0.6908,positive,5.40042258948519
The Devil Wears Prada 2,THE_0064,0.017711987687897692,-0.014606623483421167,3,Industry Analysts,0.0,neutral,4.966335035199676
The Devil Wears Prada 2,THE_0270,-0.021642117651313356,-0.06507659346448205,3,Industry Analysts,0.7506,positive,5.1328529268205045
The Devil Wears Prada 2,THE_0011,0.8276253138833857,0.3015930663365729,3,Industry Analysts,0.0,neutral,5.285738584341177
The Devil Wears Prada 2,THE_0373,-0.052632563577228106,-0.06230127779564537,3,Industry Analysts,0.4404,positive,4.930870325627393
The Devil Wears Prada 2,THE_0159,-0.02293776013200024,-0.11542901528327291,2,Cautious Fans,0.5994,positive,5.909440711629391
The Devil Wears Prada 2,THE_0085,-0.06073258626532543,-0.06544536754747479,0,Nostalgia Advocates,-0.3637,negative,5.712081277470896
The Devil Wears Prada 2,THE_0015,-0.04138363738896192,-0.056688985770019296,1,Fashion Insiders,0.7259,positive,6.205567353770043
The Devil Wears Prada 2,THE_0383,-0.00914440625554493,-0.06365820168654535,3,Industry Analysts,-0.0508,negative,5.772997543677674
The Devil Wears Prada 2,THE_0065,-0.007439315632470295,-0.013577002145310674,3,Industry Analysts,-0.3818,negative,5.349485653122436
The Devil Wears Prada 2,THE_0108,-0.021488332209203945,-0.11900263052182232,2,Cautious Fans,0.3182,positive,5.755742213586912
The Devil Wears Prada 2,THE_0429,-0.009994738970134044,-0.00915660707844575,3,Industry Analysts,0.5423,positive,5.8916442118257715
The Devil Wears Prada 2,THE_0384,-0.37988505714558285,0.645807826846829,1,Fashion Insiders,0.1749,positive,6.582025138892826
The Devil Wears Prada 2,THE_0265,-0.025277157953012958,-0.10619926305755915,0,Nostalgia Advocates,-0.5267,negative,5.535363823031238
The Devil Wears Prada 2,THE_0002,-0.014370999337200801,-0.07834379243743936,3,Industry Analysts,-0.2755,negative,5.1089711948171175
The Devil Wears Prada 2,THE_0412,0.8885626670460115,0.31411961530652177,3,Industry Analysts,0.0,neutral,6.129050210060545
The Devil Wears Prada 2,THE_0420,-0.0246948834120945,-0.005190871036851946,3,Industry Analysts,0.09,positive,6.456769655572163
The Devil Wears Prada 2,THE_0294,-0.01282698822818156,-0.008600767996885741,1,Fashion Insiders,0.0,neutral,5.655991810819852
The Devil Wears Prada 2,THE_0007,-0.029586550118000668,-0.06202926932009468,0,Nostalgia Advocates,-0.7184,negative,5.212214667494625
The Devil Wears Prada 2,THE_0037,-0.04347617115970146,-0.026604861475707973,3,Industry Analysts,0.7641,positive,6.570882962339584
The Devil Wears Prada 2,THE_0387,-0.04202381008671417,-0.02156234416507039,3,Industry Analysts,0.6189,positive,4.990432586778736
The Devil Wears Prada 2,THE_0178,-0.031438654501899733,-0.06343272170320657,0,Nostalgia Advocates,-0.5267,negative,4.959341999708705
The Devil Wears Prada 2,THE_0055,0.01576860423226693,-0.010384572049018983,3,Industry Analysts,0.6801,positive,5.718671087149952
The Devil Wears Prada 2,THE_0097,-0.019145999960406845,-0.03622668228991035,3,Industry Analysts,-0.4391,negative,5.712081277470896
The Devil Wears Prada 2,THE_0370,-0.04836048848547964,-0.11552897759791415,3,Industry Analysts,0.4404,positive,5.484796933490655
The Devil Wears Prada 2,THE_0332,-0.012299082955483714,-0.010444182125587717,1,Fashion Insiders,-0.3818,negative,5.358941988364472
The Devil Wears Prada 2,THE_0068,-0.007573681930672166,-0.011500145299835765,3,Industry Analysts,0.0,neutral,5.167639042905921
The Devil Wears Prada 2,THE_0052,-0.012246838877025955,-0.04191725649050424,1,Fashion Insiders,0.6369,positive,5.928258471204189
The Devil Wears Prada 2,THE_0003,-0.028647508430532192,-0.05169547158355704,3,Industry Analysts,0.0,neutral,6.424869023905388
The Devil Wears Prada 2,THE_0424,-0.030187592465051576,-0.018366873313053856,3,Industry Analysts,0.6908,positive,5.938854596835685
The Devil Wears Prada 2,THE_0352,-0.014370999337200801,-0.07834379243743936,3,Industry Analysts,-0.2755,negative,5.929589143389895
The Devil Wears Prada 2,THE_0220,-0.04091552065052873,-0.07053948709594408,3,Industry Analysts,0.5859,positive,5.8185981490847825
The Devil Wears Prada 2,THE_0426,-0.017696959149453077,-0.004282866885536704,3,Industry Analysts,0.0,neutral,6.158037746933798
The Devil Wears Prada 2,THE_0257,-0.029586550118000668,-0.06202926932009468,0,Nostalgia Advocates,-0.7184,negative,6.090178020044014
The Devil Wears Prada 2,THE_0012,-0.03361315277111221,-0.4803365066834124,2,Cautious Fans,0.3182,positive,5.37989735354046
The Devil Wears Prada 2,THE_0179,-0.04903492280233185,0.024962735176738506,1,Fashion Insiders,0.6164,positive,5.201255653704905
The Devil Wears Prada 2,THE_0234,-0.0246948834120945,-0.005190871036851946,3,Industry Analysts,0.09,positive,4.852030263919617
The Devil Wears Prada 2,THE_0395,-0.03377889685460856,-0.022487647267653132,3,Industry Analysts,0.5405,positive,5.600272098286537
The Devil Wears Prada 2,THE_0165,-0.01324288709847279,-0.02031886042982194,3,Industry Analysts,-0.4391,negative,5.187385805840755
The Devil Wears Prada 2,THE_0313,0.006201116781737641,-0.058184813661626505,3,Industry Analysts,0.765,positive,5.954541193003384
The Devil Wears Prada 2,THE_0242,0.002360830289428826,-0.05172089070199217,1,Fashion Insiders,0.6369,positive,4.848116364598481
The Devil Wears Prada 2,THE_0005,-0.01001959950999813,-0.01163643221276743,3,Industry Analysts,-0.0508,negative,5.6240175061873385
The Devil Wears Prada 2,THE_0213,-0.05108507272000997,-0.04119978458924008,3,Industry Analysts,-0.188,negative,5.685279003091641
The Devil Wears Prada 2,THE_0262,-0.2009179977918324,0.3473663049626647,1,Fashion Insiders,-0.6597,negative,4.56954300834494
The Devil Wears Prada 2,THE_0106,-0.011972754272746768,-0.06098726787715523,3,Industry Analysts,-0.5267,negative,5.877735781779639
The Devil Wears Prada 2,THE_0050,-0.01537406841517276,-0.010570209984248406,3,Industry Analysts,0.6908,positive,5.204006687076795
The Devil Wears Prada 2,THE_0072,-0.019222698361853256,-0.03852507985338904,3,Industry Analysts,-0.2755,negative,6.39024066706535
The Devil Wears Prada 2,THE_0083,-0.013845865012181605,-0.022311085538143288,3,Industry Analysts,-0.0508,negative,6.459121675472594
The Devil Wears Prada 2,THE_0151,-0.04802280715013807,-0.10823762155493484,3,Industry Analysts,0.2819,positive,5.856503561673865
The Devil Wears Prada 2,THE_0309,-0.2117601670358935,0.30966004698945976,1,Fashion Insiders,-0.5442,negative,6.19644412779452
The Devil Wears Prada 2,THE_0304,0.01920438513155381,-0.02703220545135618,3,Industry Analysts,0.0,neutral,6.0844994130751715
The Devil Wears Prada 2,THE_0202,-0.004254010953889222,-0.06024957122567252,3,Industry Analysts,0.5423,positive,5.7745515455444085
The Devil Wears Prada 2,THE_0105,-0.011972754272746768,-0.06098726787715523,3,Industry Analysts,-0.5267,negative,5.937536205082426
The Devil Wears Prada 2,THE_0287,-0.036527360846632204,-0.11232180918624572,3,Industry Analysts,0.7506,positive,4.852030263919617
The Devil Wears Prada 2,THE_0195,-0.013845865012181605,-0.022311085538143288,3,Industry Analysts,-0.0508,negative,6.0473721790462776
The Devil Wears Prada 2,THE_0408,-0.021488332209203945,-0.11900263052182232,2,Cautious Fans,0.3182,positive,5.963579343618446
The Devil Wears Prada 2,THE_0182,-0.0037449190728877264,-0.005518364151740837,3,Industry Analysts,0.0,neutral,5.4359030295006
The Devil Wears Prada 2,THE_0377,-0.05275790751411676,-0.11783495303674359,2,Cautious Fans,0.6992,positive,6.18826412308259
The Devil Wears Prada 2,THE_0063,-0.030187592465051576,-0.018366873313053856,3,Industry Analysts,0.6908,positive,5.873525249243295
The Devil Wears Prada 2,THE_0040,-0.036527360846632204,-0.11232180918624572,3,Industry Analysts,0.7506,positive,6.134482053942907
The Devil Wears Prada 2,THE_0422,-0.009125167671073797,-0.05499884611487094,1,Fashion Insiders,0.0,neutral,5.247024072160486
The Devil Wears Prada 2,THE_0001,-0.002362393769970946,-0.012661591637443506,3,Industry Analysts,0.6801,positive,5.60396213937399
The Devil Wears Prada 2,THE_0379,-2.1366816050216124e-06,-0.01716850285625059,3,Industry Analysts,0.0,neutral,6.377576926700331
The Devil Wears Prada 2,THE_0094,-0.0788471284259606,-0.0654768100662357,3,Industry Analysts,0.5842,positive,5.305789381386738
The Devil Wears Prada 2,THE_0026,-0.008012982979680335,-0.016548907859262225,3,Industry Analysts,0.3818,positive,5.570251082031678
The Devil Wears Prada 2,THE_0378,-0.025475749569369873,-0.1208623598243172,3,Industry Analysts,-0.1027,negative,5.484796933490655
The Devil Wears Prada 2,THE_0167,-0.18622317667209246,0.33436389874003514,1,Fashion Insiders,-0.6597,negative,5.9441108507245115
The Devil Wears Prada 2,THE_0215,-0.0135176245571611,-0.019308948864845653,3,Industry Analysts,-0.25,negative,4.908971640319756
The Devil Wears Prada 2,THE_0180,-0.03699672494096157,-0.509862327030491,2,Cautious Fans,0.3182,positive,6.637913124658687
The Devil Wears Prada 2,THE_0051,-0.031438654501899733,-0.06343272170320657,0,Nostalgia Advocates,-0.5267,negative,4.976733742420574
The Devil Wears Prada 2,THE_0316,-0.06104174735765484,-0.112234072907636,3,Industry Analysts,0.2819,positive,6.0844994130751715
The Devil Wears Prada 2,THE_0406,-0.05108507272000997,-0.04119978458924008,3,Industry Analysts,-0.188,negative,6.393590753950631
The Devil Wears Prada 2,THE_0241,-0.04424417598712465,-0.07160299981678865,3,Industry Analysts,0.7506,positive,5.840641657373398
The Devil Wears Prada 2,THE_0318,-0.37836380046899326,0.6990569139291283,1,Fashion Insiders,-0.0516,negative,6.206575926724928
The Devil Wears Prada 2,THE_0224,-0.0017806706599209708,-0.01759519862004888,3,Industry Analysts,0.0,neutral,5.176149732573829
The Devil Wears Prada 2,THE_0402,0.01002068946082304,-0.05268761777621504,3,Industry Analysts,0.0,neutral,5.335131339670753
The Devil Wears Prada 2,THE_0342,-0.0016261112604129388,0.004320268307537135,3,Industry Analysts,0.0,neutral,6.3835066348840055
The Devil Wears Prada 2,THE_0446,-0.014933543160295038,-0.056317117292143476,1,Fashion Insiders,0.3818,positive,6.742290839254605
The Devil Wears Prada 2,THE_0282,-0.04563206612706363,-0.04471029850039306,3,Industry Analysts,-0.0572,negative,5.310739886546594
The Devil Wears Prada 2,THE_0129,-0.18622317667209246,0.33436389874003514,1,Fashion Insiders,-0.6597,negative,6.053264948013429
The Devil Wears Prada 2,THE_0396,-0.03926559842734575,-0.016676136948448425,3,Industry Analysts,0.6584,positive,5.4359030295006
The Devil Wears Prada 2,THE_0368,-0.03192209366155775,-0.06139406820759052,0,Nostalgia Advocates,-0.5267,negative,6.024657514463746
The Devil Wears Prada 2,THE_0157,-0.04560691110319539,-0.07271579629032866,3,Industry Analysts,-0.1027,negative,6.170656210893009
The Devil Wears Prada 2,THE_0188,-0.0135176245571611,-0.019308948864845653,3,Industry Analysts,-0.25,negative,5.543222409643759
The Devil Wears Prada 2,THE_0315,-0.030187592465051576,-0.018366873313053856,3,Industry Analysts,0.6908,positive,5.725217755376266
The Devil Wears Prada 2,THE_0074,-0.3902150408018082,0.7222287774778993,1,Fashion Insiders,-0.4215,negative,6.532334292222349
The Devil Wears Prada 2,THE_0162,0.013108985609133192,-0.004329612999604829,3,Industry Analysts,0.0,neutral,5.375278407684165
The Devil Wears Prada 2,THE_0191,0.013108985609133192,-0.004329612999604829,3,Industry Analysts,0.0,neutral,5.564520407322694
The Devil Wears Prada 2,THE_0251,-0.014536541923658606,-0.06284439688427919,3,Industry Analysts,0.6908,positive,5.581614840681993
The Devil Wears Prada 2,THE_0301,-0.027919910775097756,-0.026993622284535765,3,Industry Analysts,-0.25,negative,6.29156913955832
The Devil Wears Prada 2,THE_0130,-0.01324288709847279,-0.02031886042982194,3,Industry Analysts,-0.4391,negative,6.113682179832232
The Devil Wears Prada 2,THE_0209,-0.025475749569369873,-0.1208623598243172,3,Industry Analysts,-0.1027,negative,5.978885764901122
The Devil Wears Prada 2,THE_0225,-0.01347455278705451,-0.05623560868139442,3,Industry Analysts,0.0,neutral,5.94672865326659
The Devil Wears Prada 2,THE_0439,0.8400929865893758,0.25304774620555404,3,Industry Analysts,0.0,neutral,5.988961416889864
The Devil Wears Prada 2,THE_0089,-0.021780095829759618,-0.05742524237203433,3,Industry Analysts,0.765,positive,6.595780513961311
The Devil Wears Prada 2,THE_0073,-0.009321958505618918,-0.06273002104325688,3,Industry Analysts,0.8309,positive,4.791649752930709
The Devil Wears Prada 2,THE_0111,-0.01347455278705451,-0.05623560868139442,3,Industry Analysts,0.0,neutral,5.393627546352362
The Devil Wears Prada 2,THE_0354,-0.02454984045252202,0.035374631570006206,1,Fashion Insiders,0.4019,positive,6.209595556598647
The Devil Wears Prada 2,THE_0199,-0.05347896734870355,-0.06742702990798857,3,Industry Analysts,0.0772,positive,5.5134287461649825
The Devil Wears Prada 2,THE_0299,-0.025475749569369873,-0.1208623598243172,3,Industry Analysts,-0.1027,negative,6.234410725718371
The Devil Wears Prada 2,THE_0268,-0.2009179977918324,0.3473663049626647,1,Fashion Insiders,-0.6597,negative,5.000584958242754
The Devil Wears Prada 2,THE_0340,-0.004717538374748711,-0.031875103580405795,3,Industry Analysts,0.0,neutral,4.886582645426277
The Devil Wears Prada 2,THE_0423,0.01920438513155381,-0.02703220545135618,3,Industry Analysts,0.0,neutral,6.53813982376767
The Devil Wears Prada 2,THE_0061,-0.047452409394250536,-0.1587123659783581,3,Industry Analysts,0.2819,positive,4.816241156068032
The Devil Wears Prada 2,THE_0292,0.01002068946082304,-0.05268761777621504,3,Industry Analysts,0.0,neutral,5.802118375377063
The Devil Wears Prada 2,THE_0336,0.0015540435829100728,-0.08822290335683071,3,Industry Analysts,0.0,neutral,5.344723739362192
The Devil Wears Prada 2,THE_0437,-0.029767267322012857,-0.019607754936917056,3,Industry Analysts,0.7566,positive,5.886104031450156
The Devil Wears Prada 2,THE_0208,-0.025475749569369873,-0.1208623598243172,3,Industry Analysts,-0.1027,negative,5.783825182329737
The Devil Wears Prada 2,THE_0042,-0.0036188856437331415,-0.007318037962625693,3,Industry Analysts,-0.3818,negative,5.6577385361547945
The Devil Wears Prada 2,THE_0021,-0.030360542388407522,-0.49289562534704195,2,Cautious Fans,0.3182,positive,5.58724865840025
The Devil Wears Prada 2,THE_0329,-0.00914440625554493,-0.06365820168654535,3,Industry Analysts,-0.0508,negative,5.176149732573829
The Devil Wears Prada 2,THE_0090,-0.03926559842734575,-0.016676136948448425,3,Industry Analysts,0.6584,positive,5.354224998486333
The Devil Wears Prada 2,THE_0281,-0.03559231454582519,-0.10752713410416437,2,Cautious Fans,0.5994,positive,5.059425458265688
The Devil Wears Prada 2,THE_0337,-0.06792800061085917,-0.06045530507995678,3,Industry Analysts,0.4404,positive,5.5154428455366835
The Devil Wears Prada 2,THE_0132,0.006411934909963799,-0.03364629276682569,3,Industry Analysts,-0.4391,negative,5.214935757608986
The Devil Wears Prada 2,THE_0081,-0.07325901698404536,0.02099510722534584,1,Fashion Insiders,0.688,positive,5.288267030694535
The Devil Wears Prada 2,THE_0331,-0.0788471284259606,-0.0654768100662357,3,Industry Analysts,0.5842,positive,5.723585101952381
The Devil Wears Prada 2,THE_0216,-0.012299082955483714,-0.010444182125587717,1,Fashion Insiders,-0.3818,negative,6.17690623123818
The Devil Wears Prada 2,THE_0286,-0.04981191710532236,-0.1190425479450131,3,Industry Analysts,-0.1184,negative,5.147494476813453
The Devil Wears Prada 2,THE_0248,-0.03699672494096157,-0.509862327030491,2,Cautious Fans,0.3182,positive,5.372960909543803
The Devil Wears Prada 2,THE_0237,0.006201116781737641,-0.058184813661626505,3,Industry Analysts,0.765,positive,5.6507332535663855
The Devil Wears Prada 2,THE_0076,-0.019145999960406845,-0.03622668228991035,3,Industry Analysts,-0.4391,negative,5.749392985908253
The Devil Wears Prada 2,THE_0058,-0.019145999960406845,-0.03622668228991035,3,Industry Analysts,-0.4391,negative,4.976733742420574
The Devil Wears Prada 2,THE_0207,0.8512627895319571,0.29618084879540235,3,Industry Analysts,0.0,neutral,6.121395716700013
The Devil Wears Prada 2,THE_0120,-0.045961527658060296,-0.058062281575341594,0,Nostalgia Advocates,-0.5267,negative,5.783825182329737
The Devil Wears Prada 2,THE_0307,0.0047310609083277945,-0.021058094425961602,3,Industry Analysts,-0.0508,negative,5.6240175061873385
The Devil Wears Prada 2,THE_0082,-0.015427949789312348,-0.016327788715480806,3,Industry Analysts,0.0018,neutral,5.985194934094387
The Devil Wears Prada 2,THE_0136,-0.06104174735765484,-0.112234072907636,3,Industry Analysts,0.2819,positive,6.170656210893009
The Devil Wears Prada 2,THE_0211,0.8421440472092121,0.29578651832360137,3,Industry Analysts,-0.3818,negative,6.561030665896573
The Devil Wears Prada 2,THE_0163,-0.030360542388407522,-0.49289562534704195,2,Cautious Fans,0.3182,positive,5.853638230200579
The Devil Wears Prada 2,THE_0428,-0.007573681930672166,-0.011500145299835765,3,Industry Analysts,0.0,neutral,5.926926025970411
The Devil Wears Prada 2,THE_0382,-0.05263301489374657,-0.12087370051290335,3,Industry Analysts,0.2819,positive,5.181783550292085
The Devil Wears Prada 2,THE_0077,-0.014349835389175017,-0.009162887593011993,1,Fashion Insiders,0.0,neutral,5.187385805840755
The Devil Wears Prada 2,THE_0123,-0.02293776013200024,-0.11542901528327291,2,Cautious Fans,0.5994,positive,5.823045895483019
The Devil Wears Prada 2,THE_0075,-0.016243994492313302,-0.02969343474110989,3,Industry Analysts,-0.25,negative,6.252866810539282
The Devil Wears Prada 2,THE_0320,-0.3632331483909329,0.7058550695819791,1,Fashion Insiders,-0.0516,negative,5.647212123167807
The Devil Wears Prada 2,THE_0289,-0.019180007970015202,-0.4886751319568155,2,Cautious Fans,0.3182,positive,6.2285110035911835
The Devil Wears Prada 2,THE_0393,-0.18622317667209246,0.33436389874003514,1,Fashion Insiders,-0.6597,negative,6.275703197782002
The Devil Wears Prada 2,THE_0272,-0.04913920690771923,-0.4855689917396883,2,Cautious Fans,0.3182,positive,6.018593214496234
The Devil Wears Prada 2,THE_0326,-0.009556558263759762,0.0020803309479114243,1,Fashion Insiders,0.0,neutral,4.774912960575186
The Devil Wears Prada 2,THE_0239,7.222459342035916e-07,-0.019189744790948433,3,Industry Analysts,-0.3818,negative,5.844992643207725
The Devil Wears Prada 2,THE_0338,-0.019180007970015202,-0.4886751319568155,2,Cautious Fans,0.3182,positive,5.800606659291741
The Devil Wears Prada 2,THE_0255,-0.04116604086799944,-0.029522206906907624,3,Industry Analysts,0.2812,positive,6.160151912626133
The Devil Wears Prada 2,THE_0095,-0.004882974494452178,-0.0005041847581036948,3,Industry Analysts,0.0,neutral,6.535241271013659
The Devil Wears Prada 2,THE_0264,-0.038910233572876075,-0.014100144167319091,3,Industry Analysts,0.3983,positive,5.27556037942542
The Devil Wears Prada 2,THE_0009,-0.025277157953012958,-0.10619926305755915,0,Nostalgia Advocates,-0.5267,negative,5.666426688112432
The Devil Wears Prada 2,THE_0280,-0.04981191710532236,-0.1190425479450131,3,Industry Analysts,-0.1184,negative,5.963579343618446
The Devil Wears Prada 2,THE_0390,-0.03203587907177542,-0.013447232471730474,3,Industry Analysts,0.2235,positive,5.212214667494625
The Devil Wears Prada 2,THE_0343,-0.05176527136980294,-0.12173749662581884,3,Industry Analysts,0.2819,positive,5.678464666671911
The Devil Wears Prada 2,THE_0263,0.8512627895319571,0.29618084879540235,3,Industry Analysts,0.0,neutral,6.081076705797669
The Devil Wears Prada 2,THE_0212,-0.3653418761730718,0.6909993236832944,1,Fashion Insiders,-0.0516,negative,6.013715156042802
The Devil Wears Prada 2,THE_0276,-0.030636664775837298,-0.07979841798638192,3,Industry Analysts,-0.4588,negative,5.574053367981417
The Devil Wears Prada 2,THE_0339,0.8337754972966498,0.2947722941311945,3,Industry Analysts,0.0,neutral,5.993961427306569
The Devil Wears Prada 2,THE_0221,-0.3808709643423099,0.68284780202369,1,Fashion Insiders,-0.0516,negative,5.957131868027477
The Devil Wears Prada 2,THE_0153,-0.04347617115970146,-0.026604861475707973,3,Industry Analysts,0.7641,positive,5.31566600488265
The Devil Wears Prada 2,THE_0258,-0.052632563577228106,-0.06230127779564537,3,Industry Analysts,0.4404,positive,5.372960909543803
The Devil Wears Prada 2,THE_0154,-0.01274322823221228,-0.06633148426096766,3,Industry Analysts,-0.25,negative,5.5909869805108565
The Devil Wears Prada 2,THE_0039,-0.05108507272000997,-0.04119978458924008,3,Industry Analysts,-0.188,negative,4.543294782270004
The Devil Wears Prada 2,THE_0407,-0.20558947293151936,0.3326303742203858,1,Fashion Insiders,-0.6597,negative,4.543294782270004
The Devil Wears Prada 2,THE_0177,-0.036060649389362966,-0.03319812047813497,3,Industry Analysts,-0.4391,negative,5.627621113690637
The Devil Wears Prada 2,THE_0218,-0.06829723787139566,0.03375548017765773,1,Fashion Insiders,0.8059,positive,4.757891273005756
The Devil Wears Prada 2,THE_0243,-0.009556558263759762,0.0020803309479114243,1,Fashion Insiders,0.0,neutral,5.293304824724492
The Devil Wears Prada 2,THE_0271,-0.04138363738896192,-0.056688985770019296,1,Fashion Insiders,0.7259,positive,5.730099782973574
The Devil Wears Prada 2,THE_0034,-0.008218779467655925,-0.008543875001848165,3,Industry Analysts,0.5423,positive,5.959715848793402
The Devil Wears Prada 2,THE_0303,-0.031265613361032694,-0.07893400434291462,3,Industry Analysts,-0.1027,negative,5.206750173022546
The Devil Wears Prada 2,THE_0048,-0.009321958505618918,-0.06273002104325688,3,Industry Analysts,0.8309,positive,6.099197246910864
The Devil Wears Prada 2,THE_0296,0.8400929865893758,0.25304774620555404,3,Industry Analysts,0.0,neutral,5.715381610499553
The Devil Wears Prada 2,THE_0367,0.01920438513155381,-0.02703220545135618,3,Industry Analysts,0.0,neutral,6.543911845564792
The Devil Wears Prada 2,THE_0047,-0.030360542388407522,-0.49289562534704195,2,Cautious Fans,0.3182,positive,5.3471075307174685
The Devil Wears Prada 2,THE_0380,0.01576860423226693,-0.010384572049018983,3,Industry Analysts,0.6801,positive,5.869296913133774
The Devil Wears Prada 2,THE_0411,-0.03559231454582519,-0.10752713410416437,2,Cautious Fans,0.5994,positive,5.703782474656201
The Devil Wears Prada 2,THE_0293,-0.07229197643290614,0.02182338085863969,1,Fashion Insiders,0.8059,positive,5.713732805509369
The Devil Wears Prada 2,THE_0152,-0.052632563577228106,-0.06230127779564537,3,Industry Analysts,0.4404,positive,5.902633333401366
The Devil Wears Prada 2,THE_0024,-0.029586550118000668,-0.06202926932009468,0,Nostalgia Advocates,-0.7184,negative,4.418840607796598
The Devil Wears Prada 2,THE_0135,-0.013430822457006466,-0.006871285719005241,3,Industry Analysts,0.09,positive,5.723585101952381
The Devil Wears Prada 2,THE_0274,-0.37836380046899326,0.6990569139291283,1,Fashion Insiders,-0.0516,negative,5.877735781779639
The Devil Wears Prada 2,THE_0430,-0.01701673723682858,-0.02905869049357733,3,Industry Analysts,-0.25,negative,4.388257184424518
The Devil Wears Prada 2,THE_0403,-0.04913920690771923,-0.4855689917396883,2,Cautious Fans,0.3182,positive,5.000584958242754
The Devil Wears Prada 2,THE_0433,-0.012910659704645663,-0.09586079728423619,3,Industry Analysts,-0.4391,negative,5.365976015021851
The Devil Wears Prada 2,THE_0325,0.8400929865893758,0.25304774620555404,3,Industry Analysts,0.0,neutral,6.318968113746434
The Devil Wears Prada 2,THE_0254,-0.06745366357439417,-0.07079463248420459,3,Industry Analysts,0.8068,positive,5.552959584921617
The Devil Wears Prada 2,THE_0103,-0.019222698361853256,-0.03852507985338904,3,Industry Analysts,-0.2755,negative,5.8916442118257715
The Devil Wears Prada 2,THE_0186,0.00023445668531574056,-0.01647296346963131,3,Industry Analysts,0.0,neutral,5.611301621862036
The Devil Wears Prada 2,THE_0306,-0.05933137759360043,-0.4544392846348341,2,Cautious Fans,0.4919,positive,5.209486152841421
The Devil Wears Prada 2,THE_0170,-0.03699672494096157,-0.509862327030491,2,Cautious Fans,0.3182,positive,6.018593214496234
The Devil Wears Prada 2,THE_0347,-0.2117601670358935,0.30966004698945976,1,Fashion Insiders,-0.5442,negative,5.736572297479192
The Devil Wears Prada 2,THE_0344,0.0008476567540932671,-0.013183997801062735,3,Industry Analysts,0.4404,positive,5.688668836846153
The Devil Wears Prada 2,THE_0102,-0.0007379082890367453,-0.014121405978864816,3,Industry Analysts,0.4576,positive,5.648974238161206
The Devil Wears Prada 2,THE_0100,0.0022751682696645144,-0.0556413759926744,3,Industry Analysts,0.6801,positive,6.049733455231958
The Devil Wears Prada 2,THE_0399,-0.014536541923658606,-0.06284439688427919,3,Industry Analysts,0.6908,positive,5.491001710377538
The Devil Wears Prada 2,THE_0324,-0.027316417158404348,-0.04844478668997175,0,Nostalgia Advocates,-0.5267,negative,5.581614840681993
The Devil Wears Prada 2,THE_0022,-0.011661667626123206,-0.09673003827081753,1,Fashion Insiders,0.6369,positive,5.5134287461649825
The Devil Wears Prada 2,THE_0273,-0.006385950088195182,-0.09808669670034142,3,Industry Analysts,0.765,positive,6.042632833682381
The Devil Wears Prada 2,THE_0431,-0.03192209366155775,-0.06139406820759052,0,Nostalgia Advocates,-0.5267,negative,6.29156913955832
The Devil Wears Prada 2,THE_0432,0.0021741828029317395,-0.005623424603916872,3,Industry Analysts,0.0,neutral,5.488937726156687
The Devil Wears Prada 2,THE_0038,-0.0036188856437331415,-0.007318037962625693,3,Industry Analysts,-0.3818,negative,5.698769932832657
The Devil Wears Prada 2,THE_0333,-0.04560691110319539,-0.07271579629032866,3,Industry Analysts,-0.1027,negative,6.002651736498547
The Devil Wears Prada 2,THE_0020,0.8512627895319571,0.29618084879540235,3,Industry Analysts,0.0,neutral,5.577841251298354
The Devil Wears Prada 2,THE_0173,-0.018734726278069224,-0.020541216699101486,3,Industry Analysts,0.6908,positive,5.631211781821365
The Devil Wears Prada 2,THE_0345,-0.027919910775097756,-0.026993622284535765,3,Industry Analysts,-0.25,negative,5.733341276897746
The Devil Wears Prada 2,THE_0117,-0.03549779803989431,-0.4909688104755542,2,Cautious Fans,-0.0772,negative,6.474662003756499
The Devil Wears Prada 2,THE_0312,-0.032541571620830954,-0.07820208786993256,3,Industry Analysts,-0.1027,negative,5.685279003091641
The Devil Wears Prada 2,THE_0086,0.8400929865893758,0.25304774620555404,3,Industry Analysts,0.0,neutral,5.8650506222523235
The Devil Wears Prada 2,THE_0240,-0.06829723787139566,0.03375548017765773,1,Fashion Insiders,0.8059,positive,5.7791991139409555
The Devil Wears Prada 2,THE_0253,-0.0392870511214877,-0.03778127347298925,3,Industry Analysts,0.2235,positive,4.875197323201151
The Devil Wears Prada 2,THE_0250,-0.007710241053879508,-0.11289200410243995,3,Industry Analysts,0.0,neutral,6.110358077048392
The Devil Wears Prada 2,THE_0365,-0.021488332209203945,-0.11900263052182232,2,Cautious Fans,0.3182,positive,5.723585101952381
The Devil Wears Prada 2,THE_0353,-0.03549779803989431,-0.4909688104755542,2,Cautious Fans,-0.0772,negative,5.8126368795682835
The Devil Wears Prada 2,THE_0099,-0.012910659704645663,-0.09586079728423619,3,Industry Analysts,-0.4391,negative,5.6937321388027
The Devil Wears Prada 2,THE_0389,-0.01701673723682858,-0.02905869049357733,3,Industry Analysts,-0.25,negative,5.335131339670753
The Devil Wears Prada 2,THE_0349,-0.0036188856437331415,-0.007318037962625693,3,Industry Analysts,-0.3818,negative,6.0579542883768145
The Devil Wears Prada 2,THE_0357,0.01002068946082304,-0.05268761777621504,3,Industry Analysts,0.0,neutral,6.500538637835167
The Devil Wears Prada 2,THE_0046,-0.012292505406386014,-0.05975844787573834,3,Industry Analysts,0.0,neutral,6.148468295917647
The Devil Wears Prada 2,THE_0028,-0.02293776013200024,-0.11542901528327291,2,Cautious Fans,0.5994,positive,5.678464666671911
The Devil Wears Prada 2,THE_0062,-0.0036188856437331415,-0.007318037962625693,3,Industry Analysts,-0.3818,negative,6.601230118728877
The Devil Wears Prada 2,THE_0328,-0.03549779803989431,-0.4909688104755542,2,Cautious Fans,-0.0772,negative,5.797576353942562
The Devil Wears Prada 2,THE_0291,-0.019636533657067773,-0.1897274168454031,2,Cautious Fans,0.5994,positive,6.636602508481567
The Devil Wears Prada 2,THE_0361,-0.0788471284259606,-0.0654768100662357,3,Industry Analysts,0.5842,positive,5.6185876285929695
The Devil Wears Prada 2,THE_0386,-0.015163635597284257,-0.05502492996665195,1,Fashion Insiders,0.6369,positive,5.602118820879701
The Devil Wears Prada 2,THE_0269,-0.03699672494096157,-0.509862327030491,2,Cautious Fans,0.3182,positive,4.990432586778736
The Devil Wears Prada 2,THE_0400,-0.39587054334448496,0.7347858609170536,1,Fashion Insiders,-0.0516,negative,5.918893854273146
The Devil Wears Prada 2,THE_0057,-0.027919910775097756,-0.026993622284535765,3,Industry Analysts,-0.25,negative,5.19295685089021
The Devil Wears Prada 2,THE_0160,-0.013706609080120422,-0.005047824492269046,3,Industry Analysts,0.4404,positive,6.226536669287466
The Devil Wears Prada 2,THE_0398,-0.02454984045252202,0.035374631570006206,1,Fashion Insiders,0.4019,positive,6.489964521183336
The Devil Wears Prada 2,THE_0168,-0.06073258626532543,-0.06544536754747479,0,Nostalgia Advocates,-0.3637,negative,5.607638614103299
The Devil Wears Prada 2,THE_0181,-0.0008020352894862809,-0.019118123215600673,3,Industry Analysts,0.6908,positive,6.379274719977426
The Devil Wears Prada 2,THE_0036,-0.013430822457006466,-0.006871285719005241,3,Industry Analysts,0.09,positive,6.279459070741808
The Devil Wears Prada 2,THE_0385,-0.01347455278705451,-0.05623560868139442,3,Industry Analysts,0.0,neutral,5.161924741642482
The Devil Wears Prada 2,THE_0322,-0.05263301489374657,-0.12087370051290335,3,Industry Analysts,0.2819,positive,6.250940027669582
The Devil Wears Prada 2,THE_0392,-0.022612509068045232,-0.1228891180318247,2,Cautious Fans,0.5994,positive,6.367329185439855
The Devil Wears Prada 2,THE_0440,-0.04138363738896192,-0.056688985770019296,1,Fashion Insiders,0.7259,positive,5.803627809625917
The Devil Wears Prada 2,THE_0032,-0.012486144382635319,-0.006561514010758726,3,Industry Analysts,0.09,positive,5.920237037819614
The Devil Wears Prada 2,THE_0018,-0.01231678641943545,-0.008463993583182158,3,Industry Analysts,-0.4678,negative,5.2832037287379885
The Devil Wears Prada 2,THE_0351,0.8276253138833857,0.3015930663365729,3,Industry Analysts,0.0,neutral,4.787491742782046
The Devil Wears Prada 2,THE_0267,-0.028647508430532192,-0.05169547158355704,3,Industry Analysts,0.0,neutral,5.821565510312585
The Devil Wears Prada 2,THE_0300,-0.021642117651313356,-0.06507659346448205,3,Industry Analysts,0.7506,positive,5.402677381872279
The Devil Wears Prada 2,THE_0206,0.0039308762816802545,-0.005397087667570688,3,Industry Analysts,0.09,positive,6.1224928095143865
The Devil Wears Prada 2,THE_0310,-0.0010042125762281908,-0.03721957961224558,3,Industry Analysts,-0.2755,negative,6.386879319362645
The Devil Wears Prada 2,THE_0156,0.8337754972966498,0.2947722941311945,3,Industry Analysts,0.0,neutral,6.508023702721733
The Devil Wears Prada 2,THE_0334,-0.05114929310053423,0.023692623113031094,1,Fashion Insiders,0.8059,positive,5.926926025970411
The Devil Wears Prada 2,THE_0391,-0.022612509068045232,-0.1228891180318247,2,Cautious Fans,0.5994,positive,6.364750756851911
The Devil Wears Prada 2,THE_0027,-0.009321958505618918,-0.06273002104325688,3,Industry Analysts,0.8309,positive,5.7899601708972535
The Devil Wears Prada 2,THE_0054,-0.019145999960406845,-0.03622668228991035,3,Industry Analysts,-0.4391,negative,5.0401940963378005
The Devil Wears Prada 2,THE_0030,-0.029586550118000668,-0.06202926932009468,0,Nostalgia Advocates,-0.7184,negative,5.2832037287379885
The Devil Wears Prada 2,THE_0137,-0.05108507272000997,-0.04119978458924008,3,Industry Analysts,-0.188,negative,5.625820933186489
The Devil Wears Prada 2,THE_0236,-0.009556558263759762,0.0020803309479114243,1,Fashion Insiders,0.0,neutral,6.910750787961936
The Devil Wears Prada 2,THE_0256,0.0008476567540932671,-0.013183997801062735,3,Industry Analysts,0.4404,positive,5.762051382780177
The Devil Wears Prada 2,THE_0150,-0.2009179977918324,0.3473663049626647,1,Fashion Insiders,-0.6597,negative,5.3867860145356445
The Devil Wears Prada 2,THE_0414,-0.0007379082890367453,-0.014121405978864816,3,Industry Analysts,0.4576,positive,5.519458915191573
The Devil Wears Prada 2,THE_0364,-0.009321958505618918,-0.06273002104325688,3,Industry Analysts,0.8309,positive,5.335131339670753
The Devil Wears Prada 2,THE_0409,-0.018559669738930043,-0.03985314536412874,3,Industry Analysts,-0.2755,negative,6.140961558253893
The Devil Wears Prada 2,THE_0279,0.01002068946082304,-0.05268761777621504,3,Industry Analysts,0.0,neutral,5.809642865355678
The Devil Wears Prada 2,THE_0285,-0.015163635597284257,-0.05502492996665195,1,Fashion Insiders,0.6369,positive,6.1452580202873985
The Devil Wears Prada 2,THE_0238,-0.04981191710532236,-0.1190425479450131,3,Industry Analysts,-0.1184,negative,6.059123195581797
The Devil Wears Prada 2,THE_0125,0.0008476567540932671,-0.013183997801062735,3,Industry Analysts,0.4404,positive,5.799092654460526
The Devil Wears Prada 2,THE_0413,0.008156057686922498,-0.01469618377196582,3,Industry Analysts,0.3818,positive,5.305789381386738
The Devil Wears Prada 2,THE_0205,-0.07229197643290614,0.02182338085863969,1,Fashion Insiders,0.8059,positive,5.733341276897746
The Devil Wears Prada 2,THE_0346,0.008156057686922498,-0.01469618377196582,3,Industry Analysts,0.3818,positive,6.4731187935736925
The Devil Wears Prada 2,THE_0203,-0.0052834935548382546,-0.006087535649859058,3,Industry Analysts,0.0,neutral,4.901564199041894
The Devil Wears Prada 2,THE_0372,-0.09861004831344865,0.011459881494311739,1,Fashion Insiders,0.8466,positive,5.577841251298354
The Devil Wears Prada 2,THE_0066,-0.013430822457006466,-0.006871285719005241,3,Industry Analysts,0.09,positive,5.842094090453713
The Devil Wears Prada 2,THE_0172,-0.012299082955483714,-0.010444182125587717,1,Fashion Insiders,-0.3818,negative,5.978885764901122
The Devil Wears Prada 2,THE_0410,-0.37988505714558285,0.645807826846829,1,Fashion Insiders,0.1749,positive,6.270042805310292
The Devil Wears Prada 2,THE_0404,-0.008974145029249966,-0.011698899849743863,3,Industry Analysts,0.0,neutral,5.785362461648624
The Devil Wears Prada 2,THE_0146,-0.006385950088195182,-0.09808669670034142,3,Industry Analysts,0.765,positive,6.189290290437902
The Devil Wears Prada 2,THE_0122,-0.3799441829955781,0.6679570026517734,1,Fashion Insiders,-0.0516,negative,5.519458915191573
The Devil Wears Prada 2,THE_0087,-0.18622317667209246,0.33436389874003514,1,Fashion Insiders,-0.6597,negative,6.07073772800249
The Devil Wears Prada 2,THE_0448,-0.036499760908930146,-0.48263345437415783,2,Cautious Fans,0.3182,positive,5.40042258948519
The Devil Wears Prada 2,THE_0405,-0.06790972799496293,-0.02741156661347458,1,Fashion Insiders,0.8059,positive,5.605802066295998
The Devil Wears Prada 2,THE_0107,-0.3808709643423099,0.68284780202369,1,Fashion Insiders,-0.0516,negative,5.645446897643238
The Devil Wears Prada 2,THE_0183,-0.0863123208370397,0.0235033699468882,1,Fashion Insiders,0.8059,positive,5.484796933490655
The Devil Wears Prada 2,THE_0376,-0.03192209366155775,-0.06139406820759052,0,Nostalgia Advocates,-0.5267,negative,6.0764947962925575
The Devil Wears Prada 2,THE_0071,-0.024250399757355486,0.033053224976636146,1,Fashion Insiders,-0.1779,negative,6.133398042996649
The Devil Wears Prada 2,THE_0193,-0.017694503294342544,-0.03992573170375035,3,Industry Analysts,-0.7399,negative,6.150602768446279
The Devil Wears Prada 2,THE_0438,0.8512627895319571,0.29618084879540235,3,Industry Analysts,0.0,neutral,6.104793232414985
The Devil Wears Prada 2,THE_0297,-0.0387948837687895,-0.05769859699617249,3,Industry Analysts,0.7506,positive,5.241747015059643
The Devil Wears Prada 2,THE_0231,-0.03926559842734575,-0.016676136948448425,3,Industry Analysts,0.6584,positive,6.183117431330821
The Devil Wears Prada 2,THE_0290,-0.028634514345110825,-0.013086422135675587,3,Industry Analysts,0.4404,positive,5.153291594497779
The Devil Wears Prada 2,THE_0394,-2.1366816050216124e-06,-0.01716850285625059,3,Industry Analysts,0.0,neutral,5.377590547442544
The Devil Wears Prada 2,THE_0118,-0.010148974262638782,-0.07338513372198616,3,Industry Analysts,-0.1027,negative,5.8650506222523235
The Devil Wears Prada 2,THE_0335,-0.010140656708432833,0.002861581532430878,3,Industry Analysts,0.09,positive,5.184588601219693
The Devil Wears Prada 2,THE_0084,-0.06104174735765484,-0.112234072907636,3,Industry Analysts,0.2819,positive,5.777652323222656
The Devil Wears Prada 2,THE_0041,-2.1366816050216124e-06,-0.01716850285625059,3,Industry Analysts,0.0,neutral,5.262690188904886
The Devil Wears Prada 2,THE_0295,-0.021780095829759618,-0.05742524237203433,3,Industry Analysts,0.765,positive,5.857933154483459
The Devil Wears Prada 2,THE_0369,-0.030360542388407522,-0.49289562534704195,2,Cautious Fans,0.3182,positive,5.241747015059643
The Devil Wears Prada 2,THE_0139,-0.3902150408018082,0.7222287774778993,1,Fashion Insiders,-0.4215,negative,5.375278407684165
The Devil Wears Prada 2,THE_0112,-0.05347896734870355,-0.06742702990798857,3,Industry Analysts,0.0772,positive,5.8289456176102075
The Devil Wears Prada 2,THE_0321,-0.07229197643290614,0.02182338085863969,1,Fashion Insiders,0.8059,positive,5.25227342804663
The Devil Wears Prada 2,THE_0115,-0.04091552065052873,-0.07053948709594408,3,Industry Analysts,0.5859,positive,5.41610040220442
The Devil Wears Prada 2,THE_0417,-0.04202381008671417,-0.02156234416507039,3,Industry Analysts,0.6189,positive,5.335131339670753
The Devil Wears Prada 2,THE_0233,-0.39587054334448496,0.7347858609170536,1,Fashion Insiders,-0.0516,negative,5.671603576291966
The Devil Wears Prada 2,THE_0434,-0.03192209366155775,-0.06139406820759052,0,Nostalgia Advocates,-0.5267,negative,6.684611727667927
The Devil Wears Prada 2,THE_0388,-0.015163635597284257,-0.05502492996665195,1,Fashion Insiders,0.6369,positive,6.0063531596017325
The Devil Wears Prada 2,THE_0363,-0.03549779803989431,-0.4909688104755542,2,Cautious Fans,-0.0772,negative,5.94672865326659
The Devil Wears Prada 2,THE_0185,0.006411934909963799,-0.03364629276682569,3,Industry Analysts,-0.4391,negative,6.22455842927536
The Devil Wears Prada 2,THE_0109,-0.007573681930672166,-0.011500145299835765,3,Industry Analysts,0.0,neutral,5.817111159963204
The Devil Wears Prada 2,THE_0375,-0.008974145029249966,-0.011698899849743863,3,Industry Analysts,0.0,neutral,5.58724865840025
The Devil Wears Prada 2,THE_0219,0.8276253138833857,0.3015930663365729,3,Industry Analysts,0.0,neutral,5.495116942522644
The Devil Wears Prada 2,THE_0004,-0.027540667641935253,-0.0492092659306118,1,Fashion Insiders,0.6369,positive,5.611301621862036
The Devil Wears Prada 2,THE_0175,-0.000384393954238701,-0.027784355354979886,3,Industry Analysts,-0.25,negative,6.223567839793664
The Devil Wears Prada 2,THE_0196,0.017711987687897692,-0.014606623483421167,3,Industry Analysts,0.0,neutral,6.443336028030302
The Devil Wears Prada 2,THE_0222,0.01920438513155381,-0.02703220545135618,3,Industry Analysts,0.0,neutral,5.886104031450156
The Devil Wears Prada 2,THE_0014,-0.04981191710532236,-0.1190425479450131,3,Industry Analysts,-0.1184,negative,5.815621956411737
The Devil Wears Prada 2,THE_0101,-0.06745366357439417,-0.07079463248420459,3,Industry Analysts,0.8068,positive,6.478509642208569
The Devil Wears Prada 2,THE_0069,0.0021741828029317395,-0.005623424603916872,3,Industry Analysts,0.0,neutral,5.356586274672012
The Devil Wears Prada 2,THE_0247,-2.1366816050216124e-06,-0.01716850285625059,3,Industry Analysts,0.0,neutral,5.7698822763607245
The Devil Wears Prada 2,THE_0164,-0.008974145029249966,-0.011698899849743863,3,Industry Analysts,0.0,neutral,6.285998094508865
The Devil Wears Prada 2,THE_0284,-0.01324288709847279,-0.02031886042982194,3,Industry Analysts,-0.4391,negative,6.416732282512326
The Devil Wears Prada 2,THE_0149,-0.018734726278069224,-0.020541216699101486,3,Industry Analysts,0.6908,positive,5.883322388488279
The Devil Wears Prada 2,THE_0092,-0.022612509068045232,-0.1228891180318247,2,Cautious Fans,0.5994,positive,5.840641657373398
The Devil Wears Prada 2,THE_0359,-0.03192209366155775,-0.06139406820759052,0,Nostalgia Advocates,-0.5267,negative,6.191339471482838
The Devil Wears Prada 2,THE_0189,0.8400929865893758,0.25304774620555404,3,Industry Analysts,0.0,neutral,5.863631175598097
The Devil Wears Prada 2,THE_0204,-0.015190143958254241,-0.027347189640854083,3,Industry Analysts,-0.2755,negative,6.502040139618764
The Devil Wears Prada 2,THE_0210,-0.027540667641935253,-0.0492092659306118,1,Fashion Insiders,0.6369,positive,6.03667688992953
The Devil Wears Prada 2,THE_0126,0.8512627895319571,0.29618084879540235,3,Industry Analysts,0.0,neutral,6.248042874508429
The Devil Wears Prada 2,THE_0010,-0.03192209366155775,-0.06139406820759052,0,Nostalgia Advocates,-0.5267,negative,6.083359811812238
The Devil Wears Prada 2,THE_0067,-0.008864033386327871,-0.04294008861543876,3,Industry Analysts,0.0,neutral,5.94672865326659
The Devil Wears Prada 2,THE_0044,-2.1366816050216124e-06,-0.01716850285625059,3,Industry Analysts,0.0,neutral,6.060290738037835
The Devil Wears Prada 2,THE_0259,-0.01274322823221228,-0.06633148426096766,3,Industry Analysts,-0.25,negative,5.535363823031238
The Devil Wears Prada 2,THE_0060,-0.008974145029249966,-0.011698899849743863,3,Industry Analysts,0.0,neutral,5.519458915191573
The Devil Wears Prada 2,THE_0033,-0.3632331483909329,0.7058550695819791,1,Fashion Insiders,-0.0516,negative,6.402746040537586
The Devil Wears Prada 2,THE_0110,-0.015163635597284257,-0.05502492996665195,1,Fashion Insiders,0.6369,positive,4.23410650459726
The Devil Wears Prada 2,THE_0201,-0.012299082955483714,-0.010444182125587717,1,Fashion Insiders,-0.3818,negative,6.2422232654551655
The Devil Wears Prada 2,THE_0043,-0.05469138445050244,-0.06632532961181824,3,Industry Analysts,0.4404,positive,5.335131339670753
The Devil Wears Prada 2,THE_0441,-0.032889305227546024,-0.11204082480282788,3,Industry Analysts,0.2819,positive,6.345636360828596
The Devil Wears Prada 2,THE_0019,-0.199869941567033,0.3422613061331526,1,Fashion Insiders,-0.6597,negative,6.150602768446279
The Devil Wears Prada 2,THE_0079,-0.0392870511214877,-0.03778127347298925,3,Industry Analysts,0.2235,positive,6.304448802421981
The Devil Wears Prada 2,THE_0114,-0.004882974494452178,-0.0005041847581036948,3,Industry Analysts,0.0,neutral,6.558906771292869
The Devil Wears Prada 2,THE_0435,-0.3808709643423099,0.68284780202369,1,Fashion Insiders,-0.0516,negative,5.560681631015528
The Devil Wears Prada 2,THE_0080,-0.028647508430532192,-0.05169547158355704,3,Industry Analysts,0.0,neutral,6.115892125483034
The Devil Wears Prada 2,THE_0133,-0.37988505714558285,0.645807826846829,1,Fashion Insiders,0.1749,positive,4.686750172980514
The Devil Wears Prada 2,THE_0214,-0.008012982979680335,-0.016548907859262225,3,Industry Analysts,0.3818,positive,4.59511985013459
The Devil Wears Prada 2,THE_0128,-0.0135176245571611,-0.019308948864845653,3,Industry Analysts,-0.25,negative,5.566434283504978
The Devil Wears Prada 2,THE_0314,-0.018232431948017404,-0.10000091459050521,2,Cautious Fans,0.5994,positive,5.954541193003384
The Devil Wears Prada 2,THE_0232,-0.041433805429692855,-0.035217762008793126,3,Industry Analysts,-0.0289,neutral,5.120983351265121
The Devil Wears Prada 2,THE_0145,-0.028634514345110825,-0.013086422135675587,3,Industry Analysts,0.4404,positive,5.895779296973574
The Devil Wears Prada 2,THE_0131,0.7763413745350369,0.27617903908727626,3,Industry Analysts,0.2235,positive,5.980150787207709
The Devil Wears Prada 2,THE_0227,-0.021642117651313356,-0.06507659346448205,3,Industry Analysts,0.7506,positive,5.351858133476067
The Devil Wears Prada 2,THE_0121,0.0012776129465773512,-0.0018762798033822507,3,Industry Analysts,0.6801,positive,5.887491956725004
The Devil Wears Prada 2,THE_0029,0.8421440472092121,0.29578651832360137,3,Industry Analysts,-0.3818,negative,6.113682179832232
The Devil Wears Prada 2,THE_0311,-0.01804318272961573,-0.020914732844744145,3,Industry Analysts,0.6908,positive,6.816188085456647
The Devil Wears Prada 2,THE_0176,-0.008974145029249966,-0.011698899849743863,3,Industry Analysts,0.0,neutral,5.72194977861165
The Devil Wears Prada 2,THE_0350,-0.07476650192944057,0.023928999586823523,1,Fashion Insiders,0.8059,positive,6.0063531596017325
The Devil Wears Prada 2,THE_0142,0.8276253138833857,0.3015930663365729,3,Industry Analysts,0.0,neutral,5.6222108209623896
The Devil Wears Prada 2,THE_0319,-0.0246948834120945,-0.005190871036851946,3,Industry Analysts,0.09,positive,5.671603576291966
The Devil Wears Prada 2,THE_0356,-0.012359117630820695,-0.05508941605682644,3,Industry Analysts,0.4404,positive,6.3473892096560105
The Devil Wears Prada 2,THE_0017,-0.01274322823221228,-0.06633148426096766,3,Industry Analysts,-0.25,negative,5.482720089545816
The Devil Wears Prada 2,THE_0134,-0.04347617115970146,-0.026604861475707973,3,Industry Analysts,0.7641,positive,5.986452005284438
The Devil Wears Prada 2,THE_0119,-0.012817723273149242,-0.024855272091456895,3,Industry Analysts,-0.5569,negative,5.720311776607412
The Devil Wears Prada 2,THE_0427,-0.021642117651313356,-0.06507659346448205,3,Industry Analysts,0.7506,positive,5.0466457316192885
The Devil Wears Prada 2,THE_0116,-0.02063278344177029,-0.014428763492809867,3,Industry Analysts,0.3818,positive,5.40042258948519
The Devil Wears Prada 2,THE_0192,-0.04091552065052873,-0.07053948709594408,3,Industry Analysts,0.5859,positive,5.66988092298052
The Devil Wears Prada 2,THE_0226,-0.031057613316246204,-0.061067318733641344,3,Industry Analysts,0.4404,positive,5.600272098286537
The Devil Wears Prada 2,THE_0158,-0.06745366357439417,-0.07079463248420459,3,Industry Analysts,0.8068,positive,6.068425588244111
The Devil Wears Prada 2,THE_0223,0.8885626670460115,0.31411961530652177,3,Industry Analysts,0.0,neutral,4.945207488773801
The Devil Wears Prada 2,THE_0104,-0.031438654501899733,-0.06343272170320657,0,Nostalgia Advocates,-0.5267,negative,6.164366881985445
The Devil Wears Prada 2,THE_0166,-0.01347455278705451,-0.05623560868139442,3,Industry Analysts,0.0,neutral,5.560681631015528
The Devil Wears Prada 2,THE_0348,-0.005364983201291681,0.0035495272591544343,3,Industry Analysts,0.5423,positive,5.572154032177765
The Devil Wears Prada 2,THE_0421,-0.004254010953889222,-0.06024957122567252,3,Industry Analysts,0.5423,positive,5.752572638825633
The Devil Wears Prada 2,THE_0381,-0.031265613361032694,-0.07893400434291462,3,Industry Analysts,-0.1027,negative,5.809642865355678
The Devil Wears Prada 2,THE_0288,0.017711987687897692,-0.014606623483421167,3,Industry Analysts,0.0,neutral,6.024657514463746
The Devil Wears Prada 2,THE_0140,-0.016559583898260618,-0.054905959981439045,1,Fashion Insiders,0.6369,positive,6.283200889887803
The Devil Wears Prada 2,THE_0013,-0.39587054334448496,0.7347858609170536,1,Fashion Insiders,-0.0516,negative,5.908082938168931
The Devil Wears Prada 2,THE_0147,-0.031057613316246204,-0.061067318733641344,3,Industry Analysts,0.4404,positive,5.707110264748875
The Devil Wears Prada 2,THE_0360,0.01920438513155381,-0.02703220545135618,3,Industry Analysts,0.0,neutral,5.519458915191573
The Devil Wears Prada 2,THE_0098,-0.0025166551349909594,-0.03381072282644867,3,Industry Analysts,-0.3818,negative,5.969985515430857
The Devil Wears Prada 2,THE_0371,0.01002068946082304,-0.05268761777621504,3,Industry Analysts,0.0,neutral,5.760477818332746
The Devil Wears Prada 2,THE_0277,-0.04202381008671417,-0.02156234416507039,3,Industry Analysts,0.6189,positive,5.932245187448011
The Devil Wears Prada 2,THE_0308,-0.09861004831344865,0.011459881494311739,1,Fashion Insiders,0.8466,positive,6.260537030310592
The Devil Wears Prada 2,THE_0323,-0.032889305227546024,-0.11204082480282788,3,Industry Analysts,0.2819,positive,5.375278407684165
The Devil Wears Prada 2,THE_0330,0.0015540435829100728,-0.08822290335683071,3,Industry Analysts,0.0,neutral,5.847882818629958
The Devil Wears Prada 2,THE_0171,-0.005364983201291681,0.0035495272591544343,3,Industry Analysts,0.5423,positive,5.270432163058501
The Devil Wears Prada 2,THE_0096,-0.01282698822818156,-0.008600767996885741,1,Fashion Insiders,0.0,neutral,5.184588601219693
The Devil Wears Prada 2,THE_0187,-0.028634514345110825,-0.013086422135675587,3,Industry Analysts,0.4404,positive,5.327876168789581
The Devil Wears Prada 2,THE_0198,-0.03186183196367969,-0.0369536172162512,3,Industry Analysts,-0.2755,negative,6.293419278846481
The Devil Wears Prada 2,THE_0078,-0.01001959950999813,-0.01163643221276743,3,Industry Analysts,-0.0508,negative,5.178970608915471
The Devil Wears Prada 2,THE_0298,0.8421440472092121,0.29578651832360137,3,Industry Analysts,-0.3818,negative,5.86220971125072
