movie,post_id,text,platform,subreddit,date,timestamp,likes,comments,shares,week,month,text_clean,text_tokens,engagement_score,word_count,char_count,avg_word_length,caps_ratio,exclamation_count,question_count,hype_signal_count,concern_signal_count,day_of_week,is_weekend,engagement_tier,vader_compound,vader_pos,vader_neg,vader_neu,sentiment_label,tb_polarity,tb_subjectivity,cluster_id,pca_x,pca_y,cluster_label
Michael,MIC_0297,Strong performance from Jaafar but the script carries all the risk. Fight me.,Instagram,,2025-10-29,2025-10-29T14:06:00,485,40,59,44,10,strong performance from jaafar but the script carries all the risk fight me,strong performance jaafar script carries risk fight,6.637258031284457,13,77,5.923076923076923,0.039,0.0,0.0,0.0,0.0,Wednesday,False,Viral,-0.5994,0.118,0.332,0.549,negative,0.4333,0.7333,0,-0.03986456642812452,-0.03697877165087205,Legacy Believers
Michael,MIC_0363,The marketing challenge for this film is one of the most complex in recent Hollywood history. Anyone else feel this way?,YouTube comments,,2025-09-08,2025-09-08T11:26:00,222,84,21,37,9,the marketing challenge for this film is one of the most complex in recent hollywood history anyone else feel this way,marketing challenge film most complex recent hollywood history anyone else,6.206575926724928,21,120,5.714285714285714,0.025,0.0,1.0,0.0,0.0,Monday,False,Viral,0.0772,0.061,0.0,0.939,positive,0.0667,0.3833,0,-0.07511182735162972,-0.030068460547213394,Legacy Believers
Michael,MIC_0190,"Beat It, Billie Jean, Man in the Mirror — on a cinema screen with surround sound. Come on. Thoughts?",Instagram,,2025-10-27,2025-10-27T09:59:00,150,59,11,44,10,beat it billie jean man in the mirror on a cinema screen with surround sound come on thoughts,beat billie jean man mirror cinema screen surround sound come thoughts,5.803627809625917,19,100,5.2631578947368425,0.08,0.0,1.0,0.0,0.0,Monday,False,High,0.0,0.0,0.0,1.0,neutral,0.4,0.4,0,-0.020764696948922853,-0.022719384189766302,Legacy Believers
Michael,MIC_0201,How this performs internationally will be fascinating. MJ's global brand is unprecedented. Real talk.,Twitter/X,,2025-10-19,2025-10-19T07:20:00,195,11,25,42,10,how this performs internationally will be fascinating mj's global brand is unprecedented real talk,performs internationally fascinating mj's global brand unprecedented real talk,5.698769932832657,14,101,7.214285714285714,0.0396,0.0,0.0,0.0,0.0,Sunday,True,High,0.5423,0.212,0.0,0.788,positive,0.3,0.41,0,-0.05413727783182161,-0.04900881183523399,Legacy Believers
Michael,MIC_0214,Graham King producing means serious awards intentions here. Not just a cash grab. Can't wait.,YouTube comments,,2025-09-16,2025-09-16T14:28:00,298,72,34,38,9,graham king producing means serious awards intentions here not just a cash grab can't wait,graham king producing means serious awards intentions cash grab can't wait,6.364750756851911,15,93,6.2,0.043,0.0,0.0,1.0,0.0,Tuesday,False,Viral,0.4019,0.173,0.075,0.751,positive,-0.3333,0.6667,0,-0.04979943353122125,0.022588013758309412,Legacy Believers
Michael,MIC_0086,Strong performance from Jaafar but the script carries all the risk. Thoughts?,YouTube comments,,2025-10-06,2025-10-06T11:32:00,117,27,5,41,10,strong performance from jaafar but the script carries all the risk thoughts,strong performance jaafar script carries risk thoughts,5.300814246746624,12,77,6.416666666666667,0.039,0.0,1.0,0.0,0.0,Monday,False,High,-0.128,0.145,0.179,0.676,negative,0.4333,0.7333,0,-0.0357680348102995,-0.03683195701065753,Legacy Believers
Michael,MIC_0033,"Motown, Off the Wall, Thriller era all in one film? The scope is incredible. Anyone else feel this way?",YouTube comments,,2025-08-17,2025-08-17T06:46:00,384,49,42,33,8,motown off the wall thriller era all in one film the scope is incredible anyone else feel this way,motown off wall thriller era film scope incredible anyone else,6.451259999761194,19,103,5.421052631578948,0.0583,0.0,2.0,1.0,0.0,Sunday,True,Viral,0.1027,0.072,0.0,0.928,positive,0.9,0.9,0,-0.04195320010829225,-0.03134272886332541,Legacy Believers
Michael,MIC_0273,The King of Pop on the big screen with full music rights. This is a historic moment for music cinema. Thoughts?,YouTube comments,,2025-10-30,2025-10-30T09:27:00,247,71,34,44,10,the king of pop on the big screen with full music rights this is a historic moment for music cinema thoughts,king pop big screen full music rights historic moment music cinema thoughts,6.268148865350222,21,111,5.285714285714286,0.045,0.0,1.0,1.0,0.0,Thursday,False,Viral,0.0,0.0,0.0,1.0,neutral,0.1167,0.2167,0,-0.05038008646208204,-0.06462250933438553,Legacy Believers
Michael,MIC_0081,If they include the full Thriller sequence I will cry in the theater. Not a question. Genuinely can't stop thinking about this.,YouTube comments,,2025-10-30,2025-10-30T10:33:00,75,18,4,44,10,if they include the full thriller sequence i will cry in the theater not a question genuinely can't stop thinking about this,include full thriller sequence cry theater question genuinely can't stop thinking,4.890349128221754,22,127,5.7727272727272725,0.0394,0.0,0.0,0.0,0.0,Thursday,False,High,-0.2052,0.13,0.122,0.748,negative,0.375,0.525,0,-0.051372305005144746,0.03382407282683095,Legacy Believers
Michael,MIC_0136,The runtime reportedly over 2.5 hours. They'll need every minute for this story. Thoughts?,Twitter/X,,2025-08-13,2025-08-13T06:32:00,119,38,17,33,8,the runtime reportedly over 2 5 hours they'll need every minute for this story thoughts,runtime reportedly over hours they'll every minute story thoughts,5.583496308781699,14,90,6.428571428571429,0.0333,0.0,1.0,0.0,0.0,Wednesday,False,High,0.0,0.0,0.0,1.0,neutral,0.0,0.0,0,0.037481157426766824,-0.009310385079825678,Legacy Believers
Michael,MIC_0328,The choreography in the trailer already looks stunning. They clearly invested in getting it right.,TikTok comments,,2025-08-20,2025-08-20T15:48:00,226,87,21,34,8,the choreography in the trailer already looks stunning they clearly invested in getting it right,choreography trailer looks stunning clearly invested getting right,6.229496710915942,15,98,6.533333333333333,0.0204,0.0,0.0,2.0,0.0,Wednesday,False,Viral,0.6486,0.29,0.0,0.71,positive,0.2952,0.6397,0,0.03493053124912224,-0.01139285279749556,Legacy Believers
Michael,MIC_0101,Leaving Neverland made it impossible for me to separate the art from the artist here. Anyone else feel this way?,Twitter/X,,2025-08-25,2025-08-25T10:31:00,324,48,6,35,8,leaving neverland made it impossible for me to separate the art from the artist here anyone else feel this way,leaving neverland made impossible separate art artist anyone else,6.137727054086234,20,112,5.6,0.0268,0.0,1.0,0.0,0.0,Monday,False,Viral,0.0,0.0,0.0,1.0,neutral,-0.6667,1.0,0,-0.05162483127530819,-0.06611521332631114,Legacy Believers
Michael,MIC_0019,This is going to be emotionally overwhelming. I'm already not ready. Genuinely can't stop thinking about this.,YouTube comments,,2025-10-30,2025-10-30T18:52:00,125,23,1,44,10,this is going to be emotionally overwhelming i'm already not ready genuinely can't stop thinking about this,emotionally overwhelming i'm ready genuinely can't stop thinking,5.2284312390838705,17,110,6.470588235294118,0.0273,0.0,0.0,3.0,0.0,Thursday,False,High,-0.0572,0.099,0.111,0.79,negative,0.2667,0.6667,0,-0.03235541432442853,0.05293690974973382,Legacy Believers
Michael,MIC_0406,Watching Jaafar Jackson embody his father is genuinely moving. The resemblance is uncanny. Fight me.,Reddit,r/TrueFilm,2025-10-17,2025-10-17T16:03:00,197,23,10,42,10,watching jaafar jackson embody his father is genuinely moving the resemblance is uncanny fight me,watching jaafar jackson embody his father genuinely moving resemblance uncanny fight,5.654242029096065,15,100,6.666666666666667,0.05,0.0,0.0,0.0,0.0,Friday,False,High,-0.3818,0.0,0.157,0.843,negative,0.4,0.5,0,0.022073724065184583,0.0498601512295873,Legacy Believers
Michael,MIC_0413,Biopic storytelling is hard. MJ's life is extraordinarily complex. Hoping they don't simplify. Genuinely can't stop thinking about this.,Instagram,,2025-08-29,2025-08-29T00:50:00,188,41,21,35,8,biopic storytelling is hard mj's life is extraordinarily complex hoping they don't simplify genuinely can't stop thinking about this,biopic storytelling hard mj's life extraordinarily complex hoping don't simplify genuinely can't stop thinking,5.870708345972182,19,136,7.157894736842105,0.0368,0.0,0.0,0.0,0.0,Friday,False,High,0.5086,0.212,0.063,0.724,positive,-0.0639,0.4806,0,-0.04089976670110032,0.026958424723142454,Legacy Believers
Michael,MIC_0203,The marketing challenge for this film is one of the most complex in recent Hollywood history. Genuinely can't stop thinking about this.,TikTok comments,,2025-10-06,2025-10-06T21:04:00,129,35,3,41,10,the marketing challenge for this film is one of the most complex in recent hollywood history genuinely can't stop thinking about this,marketing challenge film most complex recent hollywood history genuinely can't stop thinking,5.422744944923089,22,135,6.136363636363637,0.0222,0.0,0.0,0.0,0.0,Monday,False,High,0.2933,0.137,0.0,0.863,positive,0.15,0.4125,0,-0.07298379094739374,0.03327926009124616,Legacy Believers
Michael,MIC_0025,This is going to be emotionally overwhelming. I'm already not ready. Real talk.,Reddit,r/Music,2025-10-12,2025-10-12T14:09:00,246,97,14,41,10,this is going to be emotionally overwhelming i'm already not ready real talk,emotionally overwhelming i'm ready real talk,6.275703197782002,13,79,6.076923076923077,0.038,0.0,0.0,3.0,0.0,Sunday,True,Viral,-0.2755,0.0,0.15,0.85,negative,0.2,0.6,0,-0.0049846213064847125,0.013252774434549707,Legacy Believers
Michael,MIC_0140,The box office upside here is massive if they can navigate the controversy cleanly. Genuinely can't stop thinking about this.,Instagram,,2025-10-21,2025-10-21T15:28:00,391,148,48,43,10,the box office upside here is massive if they can navigate the controversy cleanly genuinely can't stop thinking about this,box office upside massive navigate controversy cleanly genuinely can't stop thinking,6.80903930604298,20,125,6.25,0.016,0.0,0.0,0.0,0.0,Tuesday,False,Viral,0.2235,0.09,0.0,0.91,positive,0.2,0.75,0,-0.058372454222067244,-0.003268249963436865,Legacy Believers
Michael,MIC_0063,The King of Pop on the big screen with full music rights. This is a historic moment for music cinema. Fight me.,YouTube comments,,2025-10-03,2025-10-03T00:33:00,168,43,13,40,10,the king of pop on the big screen with full music rights this is a historic moment for music cinema fight me,king pop big screen full music rights historic moment music cinema fight,5.754158681981268,22,111,5.045454545454546,0.045,0.0,0.0,1.0,0.0,Friday,False,High,-0.3818,0.0,0.11,0.89,negative,0.1167,0.2167,0,-0.052860223717841014,-0.0639293018761888,Legacy Believers
Michael,MIC_0240,The box office upside here is massive if they can navigate the controversy cleanly. Genuinely can't stop thinking about this.,Reddit,r/MichaelJackson,2025-08-04,2025-08-04T17:17:00,183,33,27,32,8,the box office upside here is massive if they can navigate the controversy cleanly genuinely can't stop thinking about this,box office upside massive navigate controversy cleanly genuinely can't stop thinking,5.850764665004847,20,125,6.25,0.016,0.0,0.0,0.0,0.0,Monday,False,High,0.2235,0.09,0.0,0.91,positive,0.2,0.75,0,-0.058372454222067244,-0.003268249963436858,Legacy Believers
Michael,MIC_0344,Celebrating MJ's artistry while ignoring the serious allegations feels irresponsible. Genuinely can't stop thinking about this.,Reddit,r/movies,2025-09-27,2025-09-27T00:57:00,225,16,25,39,9,celebrating mj's artistry while ignoring the serious allegations feels irresponsible genuinely can't stop thinking about this,celebrating mj's artistry while ignoring serious allegations feels irresponsible genuinely can't stop thinking,5.831882477283517,16,127,7.9375,0.0315,0.0,0.0,0.0,2.0,Saturday,True,High,-0.0803,0.238,0.294,0.468,negative,0.0333,0.5833,2,-0.08120894648678294,0.04015049128224234,Critical Observers
Michael,MIC_0026,Can't ignore the documentary accusations. This film feels like reputation rehabilitation. Anyone else feel this way?,Reddit,r/boxoffice,2025-10-21,2025-10-21T01:00:00,154,41,5,43,10,can't ignore the documentary accusations this film feels like reputation rehabilitation anyone else feel this way,can't ignore documentary accusations film feels like reputation rehabilitation anyone else,5.607638614103299,16,116,7.25,0.0259,0.0,1.0,0.0,1.0,Tuesday,False,High,0.3204,0.232,0.116,0.653,positive,0.0,0.0,0,-0.06684306227303266,-0.004586249766484424,Legacy Believers
Michael,MIC_0268,"If they get the music and the movement right, this will be one of the most important biopics ever made. Hot take.",Reddit,r/Music,2025-10-17,2025-10-17T09:21:00,362,22,32,42,10,if they get the music and the movement right this will be one of the most important biopics ever made hot take,music movement right most important biopics ever made hot take,6.2422232654551655,22,113,5.136363636363637,0.0177,0.0,0.0,0.0,0.0,Friday,False,Viral,0.2716,0.091,0.0,0.909,positive,0.3589,0.7214,0,-0.06680195984849205,-0.05375031755584889,Legacy Believers
Michael,MIC_0405,Can't ignore the documentary accusations. This film feels like reputation rehabilitation.,Instagram,,2025-09-05,2025-09-05T06:01:00,98,11,8,36,9,can't ignore the documentary accusations this film feels like reputation rehabilitation,can't ignore documentary accusations film feels like reputation rehabilitation,5.01396308418893,11,89,8.090909090909092,0.0225,0.0,0.0,0.0,1.0,Friday,False,High,0.3204,0.309,0.154,0.537,positive,0.0,0.0,0,-0.06718066288124724,0.0177300770598183,Legacy Believers
Michael,MIC_0012,If they include the full Thriller sequence I will cry in the theater. Not a question. Can't wait.,TikTok comments,,2025-10-27,2025-10-27T00:30:00,55,10,0,44,10,if they include the full thriller sequence i will cry in the theater not a question can't wait,include full thriller sequence cry theater question can't wait,4.394449154672439,18,97,5.388888888888889,0.0515,0.0,0.0,1.0,0.0,Monday,False,High,-0.4019,0.068,0.151,0.78,negative,0.35,0.55,0,-0.053589468145688664,0.029587166109607984,Legacy Believers
Michael,MIC_0217,Music biopics have a very specific commercial formula. MJ is the ultimate subject. Anyone else feel this way?,Reddit,r/movies,2025-09-16,2025-09-16T18:15:00,111,19,3,38,9,music biopics have a very specific commercial formula mj is the ultimate subject anyone else feel this way,music biopics specific commercial formula ultimate subject anyone else,5.126935749792416,18,109,6.055555555555555,0.0367,0.0,1.0,0.0,0.0,Tuesday,False,High,0.0,0.0,0.0,1.0,neutral,-0.0417,0.374,0,-0.10295756693547657,-0.13696951126366858,Legacy Believers
Michael,MIC_0112,"Beat It, Billie Jean, Man in the Mirror — on a cinema screen with surround sound. Come on. Fight me.",TikTok comments,,2025-08-09,2025-08-09T08:23:00,224,28,17,32,8,beat it billie jean man in the mirror on a cinema screen with surround sound come on fight me,beat billie jean man mirror cinema screen surround sound come fight,5.846438775057725,20,100,5.0,0.08,0.0,0.0,0.0,0.0,Saturday,True,High,-0.3818,0.0,0.126,0.874,negative,0.4,0.4,0,-0.023891728187232775,-0.023133030997364225,Legacy Believers
Michael,MIC_0150,The music catalog alone makes this a theatrical experience. Needs to be seen on IMAX. Genuinely can't stop thinking about this.,Twitter/X,,2025-09-13,2025-09-13T02:35:00,157,12,16,37,9,the music catalog alone makes this a theatrical experience needs to be seen on imax genuinely can't stop thinking about this,music catalog alone makes theatrical experience needs seen imax genuinely can't stop thinking,5.4638318050256105,21,127,6.0476190476190474,0.0551,0.0,0.0,0.0,0.0,Saturday,True,High,-0.0289,0.082,0.087,0.83,neutral,0.2,0.25,0,-0.12071548740652839,-0.18083150418139637,Legacy Believers
Michael,MIC_0090,I want to love this but the controversy makes it complicated. Conflicted. Thoughts?,Twitter/X,,2025-08-12,2025-08-12T02:03:00,236,49,13,33,8,i want to love this but the controversy makes it complicated conflicted thoughts,want love controversy makes complicated conflicted thoughts,5.98770749823027,13,83,6.384615384615385,0.0361,0.0,1.0,0.0,2.0,Tuesday,False,High,0.4118,0.254,0.0,0.746,positive,0.0,0.8,1,-0.10036121913768943,-0.21426386123886268,Music Enthusiasts
Michael,MIC_0023,The decision to not address the allegations directly is a narrative choice with real consequences. Hot take.,TikTok comments,,2025-08-16,2025-08-16T15:03:00,93,23,6,33,8,the decision to not address the allegations directly is a narrative choice with real consequences hot take,decision address allegations directly narrative choice real consequences hot take,5.1328529268205045,17,108,6.352941176470588,0.0185,0.0,0.0,0.0,1.0,Saturday,True,High,0.0,0.0,0.0,1.0,neutral,0.1833,0.5167,0,-0.05070504732942042,0.10131677969359786,Legacy Believers
Michael,MIC_0288,Strong performance from Jaafar but the script carries all the risk. Fight me.,Instagram,,2025-08-13,2025-08-13T16:43:00,191,61,5,33,8,strong performance from jaafar but the script carries all the risk fight me,strong performance jaafar script carries risk fight,5.884714177161102,13,77,5.923076923076923,0.039,0.0,0.0,0.0,0.0,Wednesday,False,High,-0.5994,0.118,0.332,0.549,negative,0.4333,0.7333,0,-0.039864566428123006,-0.036978771650871226,Legacy Believers
Michael,MIC_0125,Michael Jackson's cultural impact is genuinely underrepresented in cinema. This is overdue. Real talk.,YouTube comments,,2025-10-04,2025-10-04T21:26:00,66,5,2,40,10,michael jackson's cultural impact is genuinely underrepresented in cinema this is overdue real talk,michael jackson's cultural impact genuinely underrepresented cinema overdue real talk,4.448516375942715,14,102,7.285714285714286,0.0392,0.0,0.0,0.0,0.0,Saturday,True,High,0.0,0.0,0.0,1.0,neutral,0.2333,0.3,0,0.25312476157453884,0.017925150298276276,Legacy Believers
Michael,MIC_0255,Music biopics have a very specific commercial formula. MJ is the ultimate subject. Real talk.,Reddit,r/TrueFilm,2025-08-07,2025-08-07T06:18:00,233,53,22,32,8,music biopics have a very specific commercial formula mj is the ultimate subject real talk,music biopics specific commercial formula ultimate subject real talk,6.069582326371934,15,93,6.2,0.043,0.0,0.0,0.0,0.0,Thursday,False,Viral,0.0,0.0,0.0,1.0,neutral,0.0067,0.3592,0,-0.08576927021831476,-0.10008052823803654,Legacy Believers
Michael,MIC_0216,Michael Jackson's cultural impact is genuinely underrepresented in cinema. This is overdue. Can't wait.,TikTok comments,,2025-09-05,2025-09-05T17:32:00,391,125,55,36,9,michael jackson's cultural impact is genuinely underrepresented in cinema this is overdue can't wait,michael jackson's cultural impact genuinely underrepresented cinema overdue can't wait,6.767918333794338,14,103,7.357142857142857,0.0388,0.0,0.0,1.0,0.0,Friday,False,Viral,0.0,0.0,0.0,1.0,neutral,0.25,0.3,0,0.2323884227590459,0.04158906627590445,Legacy Believers
Michael,MIC_0197,Michael Jackson's story deserves to be told with this level of care. The trailer gave me chills. Real talk.,TikTok comments,,2025-10-02,2025-10-02T22:28:00,177,17,24,40,10,michael jackson's story deserves to be told with this level of care the trailer gave me chills real talk,michael jackson's story deserves told level care trailer gave chills real talk,5.678464666671911,19,107,5.631578947368421,0.0374,0.0,0.0,1.0,0.0,Thursday,False,High,0.4939,0.151,0.0,0.849,positive,0.2,0.3,3,0.8795645939286983,0.0164337060845523,Cultural Analysts
Michael,MIC_0042,The fan base will love it. Everyone else will have questions about editorial choices. Anyone else feel this way?,Reddit,r/TrueFilm,2025-09-02,2025-09-02T20:14:00,167,50,4,36,9,the fan base will love it everyone else will have questions about editorial choices anyone else feel this way,fan base love everyone else questions editorial choices anyone else,5.720311776607412,19,112,5.894736842105263,0.0268,0.0,1.0,0.0,0.0,Tuesday,False,High,0.7579,0.277,0.0,0.723,positive,-0.15,0.8,0,-0.08784698882058702,-0.22133994569471852,Legacy Believers
Michael,MIC_0295,The fan base will love it. Everyone else will have questions about editorial choices.,Reddit,r/boxoffice,2025-10-30,2025-10-30T19:57:00,430,34,27,44,10,the fan base will love it everyone else will have questions about editorial choices,fan base love everyone else questions editorial choices,6.391917113392602,14,85,6.071428571428571,0.0235,0.0,0.0,0.0,0.0,Thursday,False,Viral,0.7579,0.351,0.0,0.649,positive,-0.15,0.8,0,-0.09170103706160994,-0.2187043439827549,Legacy Believers
Michael,MIC_0123,Michael Jackson's cultural impact is genuinely underrepresented in cinema. This is overdue. Real talk.,Instagram,,2025-08-24,2025-08-24T19:42:00,104,34,12,34,8,michael jackson's cultural impact is genuinely underrepresented in cinema this is overdue real talk,michael jackson's cultural impact genuinely underrepresented cinema overdue real talk,5.420534999272286,14,102,7.285714285714286,0.0392,0.0,0.0,0.0,0.0,Sunday,True,High,0.0,0.0,0.0,1.0,neutral,0.2333,0.3,0,0.2531247615745389,0.017925150298276276,Legacy Believers
Michael,MIC_0078,The choreography in the trailer already looks stunning. They clearly invested in getting it right. Thoughts?,Twitter/X,,2025-09-18,2025-09-18T01:27:00,364,40,29,38,9,the choreography in the trailer already looks stunning they clearly invested in getting it right thoughts,choreography trailer looks stunning clearly invested getting right thoughts,6.313548046277095,16,108,6.75,0.0278,0.0,1.0,2.0,0.0,Thursday,False,Viral,0.6486,0.275,0.0,0.725,positive,0.2952,0.6397,0,0.034406820794620686,-0.014086041332027637,Legacy Believers
Michael,MIC_0323,This is a marketing and cultural experiment as much as it is a film. Genuinely can't stop thinking about this.,TikTok comments,,2025-09-08,2025-09-08T23:50:00,193,12,26,37,9,this is a marketing and cultural experiment as much as it is a film genuinely can't stop thinking about this,marketing cultural experiment film genuinely can't stop thinking,5.71042701737487,20,110,5.5,0.0182,0.0,0.0,0.0,0.0,Monday,False,High,0.2235,0.09,0.0,0.91,positive,0.2333,0.2667,0,-0.039677446106180014,0.05089953260296202,Legacy Believers
Michael,MIC_0419,The choreography in the trailer already looks stunning. They clearly invested in getting it right.,TikTok comments,,2025-09-15,2025-09-15T01:18:00,295,58,40,38,9,the choreography in the trailer already looks stunning they clearly invested in getting it right,choreography trailer looks stunning clearly invested getting right,6.329720905522696,15,98,6.533333333333333,0.0204,0.0,0.0,2.0,0.0,Monday,False,Viral,0.6486,0.29,0.0,0.71,positive,0.2952,0.6397,0,0.03493053124912224,-0.011392852797495946,Legacy Believers
Michael,MIC_0182,The decision to cast his actual son is bold and beautiful. Can't imagine it going any other way. Thoughts?,YouTube comments,,2025-10-18,2025-10-18T22:43:00,83,11,9,42,10,the decision to cast his actual son is bold and beautiful can't imagine it going any other way thoughts,decision cast his actual son bold beautiful can't imagine other thoughts,4.930870325627393,19,106,5.578947368421052,0.0283,0.0,1.0,0.0,0.0,Saturday,True,High,0.7579,0.277,0.0,0.723,positive,0.2646,0.5354,0,-0.116236730758353,0.8707212675281037,Legacy Believers
Michael,MIC_0162,Every music lover owes it to themselves to experience this in a theater. Anyone else feel this way?,YouTube comments,,2025-08-18,2025-08-18T20:33:00,210,11,14,34,8,every music lover owes it to themselves to experience this in a theater anyone else feel this way,every music lover owes themselves experience theater anyone else,5.636573724962751,18,99,5.5,0.0202,0.0,1.0,0.0,0.0,Monday,False,High,0.5859,0.183,0.0,0.817,positive,0.0,0.0,0,-0.07462961399236864,-0.10804651447875167,Legacy Believers
Michael,MIC_0127,Every music lover owes it to themselves to experience this in a theater. Thoughts?,Reddit,r/boxoffice,2025-08-01,2025-08-01T21:41:00,143,13,13,31,8,every music lover owes it to themselves to experience this in a theater thoughts,every music lover owes themselves experience theater thoughts,5.372960909543803,14,82,5.857142857142857,0.0244,0.0,1.0,0.0,0.0,Friday,False,High,0.5859,0.226,0.0,0.774,positive,0.0,0.0,0,-0.07260653623742061,-0.09372135024558328,Legacy Believers
Michael,MIC_0138,Michael Jackson's story deserves to be told with this level of care. The trailer gave me chills. Thoughts?,Twitter/X,,2025-08-09,2025-08-09T08:14:00,165,61,11,32,8,michael jackson's story deserves to be told with this level of care the trailer gave me chills thoughts,michael jackson's story deserves told level care trailer gave chills thoughts,5.86220971125072,18,106,5.888888888888889,0.0377,0.0,1.0,1.0,0.0,Saturday,True,High,0.4939,0.158,0.0,0.842,positive,0.0,0.0,3,0.890241865551722,0.0002586056723317469,Cultural Analysts
Michael,MIC_0014,This is a marketing and cultural experiment as much as it is a film. Genuinely can't stop thinking about this.,YouTube comments,,2025-09-02,2025-09-02T06:29:00,171,31,10,36,9,this is a marketing and cultural experiment as much as it is a film genuinely can't stop thinking about this,marketing cultural experiment film genuinely can't stop thinking,5.633002292595154,20,110,5.5,0.0182,0.0,0.0,0.0,0.0,Tuesday,False,High,0.2235,0.09,0.0,0.91,positive,0.2333,0.2667,0,-0.039677446106180014,0.05089953260296202,Legacy Believers
Michael,MIC_0411,Watching Jaafar Jackson embody his father is genuinely moving. The resemblance is uncanny. Real talk.,Reddit,r/movies,2025-08-23,2025-08-23T17:29:00,192,52,9,34,8,watching jaafar jackson embody his father is genuinely moving the resemblance is uncanny real talk,watching jaafar jackson embody his father genuinely moving resemblance uncanny real talk,5.857933154483459,15,101,6.733333333333333,0.0495,0.0,0.0,0.0,0.0,Saturday,True,High,0.0,0.0,0.0,1.0,neutral,0.3,0.4,0,0.0352478266020183,0.06424053711214987,Legacy Believers
Michael,MIC_0358,This is a marketing and cultural experiment as much as it is a film. Can't wait.,Reddit,r/TrueFilm,2025-08-19,2025-08-19T13:10:00,182,30,4,34,8,this is a marketing and cultural experiment as much as it is a film can't wait,marketing cultural experiment film can't wait,5.598421958998375,16,80,5.0,0.025,0.0,0.0,1.0,0.0,Tuesday,False,High,0.0,0.0,0.0,1.0,neutral,0.15,0.15,0,-0.04082293883677605,0.04582788995466,Legacy Believers
Michael,MIC_0322,Michael Jackson's story deserves to be told with this level of care. The trailer gave me chills. Fight me.,YouTube comments,,2025-09-12,2025-09-12T13:22:00,151,55,13,37,9,michael jackson's story deserves to be told with this level of care the trailer gave me chills fight me,michael jackson's story deserves told level care trailer gave chills fight,5.794536837924666,19,106,5.578947368421052,0.0377,0.0,0.0,1.0,0.0,Friday,False,High,0.1531,0.14,0.114,0.746,positive,0.0,0.0,3,0.8635118087820055,-6.098409650238789e-05,Cultural Analysts
Michael,MIC_0126,Biopic storytelling is hard. MJ's life is extraordinarily complex. Hoping they don't simplify. Anyone else feel this way?,Instagram,,2025-10-16,2025-10-16T01:56:00,130,14,17,42,10,biopic storytelling is hard mj's life is extraordinarily complex hoping they don't simplify anyone else feel this way,biopic storytelling hard mj's life extraordinarily complex hoping don't simplify anyone else,5.37989735354046,18,121,6.722222222222222,0.0413,0.0,1.0,0.0,0.0,Thursday,False,High,0.34,0.139,0.069,0.792,positive,-0.2958,0.4708,0,-0.03988494896736291,-0.024531943075848852,Legacy Believers
Michael,MIC_0160,"Motown, Off the Wall, Thriller era all in one film? The scope is incredible. Real talk.",TikTok comments,,2025-08-24,2025-08-24T18:08:00,110,38,5,34,8,motown off the wall thriller era all in one film the scope is incredible real talk,motown off wall thriller era film scope incredible real talk,5.3981627015177525,16,87,5.4375,0.069,0.0,1.0,1.0,0.0,Sunday,True,High,0.1027,0.085,0.0,0.915,positive,0.55,0.6,0,-0.025756746293535953,0.0017571571680087491,Legacy Believers
Michael,MIC_0398,Biopic storytelling is hard. MJ's life is extraordinarily complex. Hoping they don't simplify. Anyone else feel this way?,Twitter/X,,2025-10-13,2025-10-13T04:28:00,122,11,18,42,10,biopic storytelling is hard mj's life is extraordinarily complex hoping they don't simplify anyone else feel this way,biopic storytelling hard mj's life extraordinarily complex hoping don't simplify anyone else,5.320567975482857,18,121,6.722222222222222,0.0413,0.0,1.0,0.0,0.0,Monday,False,High,0.34,0.139,0.069,0.792,positive,-0.2958,0.4708,0,-0.03988494896736291,-0.024531943075848852,Legacy Believers
Michael,MIC_0215,This is a marketing and cultural experiment as much as it is a film. Real talk.,Reddit,r/movies,2025-09-08,2025-09-08T00:19:00,333,86,27,37,9,this is a marketing and cultural experiment as much as it is a film real talk,marketing cultural experiment film real talk,6.4457198193855785,16,79,4.9375,0.0253,0.0,0.0,0.0,0.0,Monday,False,Viral,0.0,0.0,0.0,1.0,neutral,0.1667,0.2,0,-0.014083174164451503,0.015351010528252648,Legacy Believers
Michael,MIC_0316,I want to love this but the controversy makes it complicated. Conflicted. Anyone else feel this way?,YouTube comments,,2025-09-19,2025-09-19T11:14:00,103,20,12,38,9,i want to love this but the controversy makes it complicated conflicted anyone else feel this way,want love controversy makes complicated conflicted anyone else,5.247024072160486,17,100,5.882352941176471,0.03,0.0,1.0,0.0,2.0,Friday,False,High,0.4118,0.2,0.0,0.8,positive,0.0,0.8,1,-0.10415719210655847,-0.22975346562482374,Music Enthusiasts
Michael,MIC_0325,Michael Jackson's story deserves to be told with this level of care. The trailer gave me chills. Genuinely can't stop thinking about this.,YouTube comments,,2025-09-05,2025-09-05T08:08:00,236,22,4,36,9,michael jackson's story deserves to be told with this level of care the trailer gave me chills genuinely can't stop thinking about this,michael jackson's story deserves told level care trailer gave chills genuinely can't stop thinking,5.717027701406222,23,138,6.0,0.029,0.0,0.0,1.0,0.0,Friday,False,High,0.6234,0.195,0.0,0.805,positive,0.4,0.5,3,0.8327927074825147,0.043705093098218906,Cultural Analysts
Michael,MIC_0375,Every music lover owes it to themselves to experience this in a theater. Anyone else feel this way?,Instagram,,2025-10-06,2025-10-06T15:55:00,119,41,2,41,10,every music lover owes it to themselves to experience this in a theater anyone else feel this way,every music lover owes themselves experience theater anyone else,5.43153621033426,18,99,5.5,0.0202,0.0,1.0,0.0,0.0,Monday,False,High,0.5859,0.183,0.0,0.817,positive,0.0,0.0,0,-0.07462961399236864,-0.10804651447875167,Legacy Believers
Michael,MIC_0228,The King of Pop on the big screen with full music rights. This is a historic moment for music cinema. Real talk.,YouTube comments,,2025-10-16,2025-10-16T20:01:00,142,24,7,42,10,the king of pop on the big screen with full music rights this is a historic moment for music cinema real talk,king pop big screen full music rights historic moment music cinema real talk,5.41164605185504,22,112,5.090909090909091,0.0446,0.0,0.0,1.0,0.0,Thursday,False,High,0.0,0.0,0.0,1.0,neutral,0.1375,0.2375,0,-0.039827673586655815,-0.0493746128809726,Legacy Believers
Michael,MIC_0371,Michael Jackson's cultural impact is genuinely underrepresented in cinema. This is overdue. Thoughts?,YouTube comments,,2025-08-19,2025-08-19T06:59:00,150,32,20,34,8,michael jackson's cultural impact is genuinely underrepresented in cinema this is overdue thoughts,michael jackson's cultural impact genuinely underrepresented cinema overdue thoughts,5.673323267171493,13,101,7.769230769230769,0.0396,0.0,1.0,0.0,0.0,Tuesday,False,High,0.0,0.0,0.0,1.0,neutral,0.25,0.3,0,0.25005834197221516,0.000612289317839693,Legacy Believers
Michael,MIC_0183,The decision to cast his actual son is bold and beautiful. Can't imagine it going any other way. Genuinely can't stop thinking about this.,Instagram,,2025-08-09,2025-08-09T05:08:00,156,22,5,32,8,the decision to cast his actual son is bold and beautiful can't imagine it going any other way genuinely can't stop thinking about this,decision cast his actual son bold beautiful can't imagine other genuinely can't stop thinking,5.424950017481403,24,138,5.75,0.0217,0.0,0.0,0.0,0.0,Saturday,True,High,0.812,0.285,0.0,0.715,positive,0.2917,0.5283,0,-0.11518353112716789,0.836397398791889,Legacy Believers
Michael,MIC_0220,Strong performance from Jaafar but the script carries all the risk. Thoughts?,Instagram,,2025-10-13,2025-10-13T12:05:00,145,22,16,42,10,strong performance from jaafar but the script carries all the risk thoughts,strong performance jaafar script carries risk thoughts,5.517452896464707,12,77,6.416666666666667,0.039,0.0,1.0,0.0,0.0,Monday,False,High,-0.128,0.145,0.179,0.676,negative,0.4333,0.7333,0,-0.03576803481029949,-0.036831957010658715,Legacy Believers
Michael,MIC_0044,Every music lover owes it to themselves to experience this in a theater. Hot take.,YouTube comments,,2025-08-06,2025-08-06T00:54:00,198,17,25,32,8,every music lover owes it to themselves to experience this in a theater hot take,every music lover owes themselves experience theater hot take,5.757323241584231,15,82,5.466666666666667,0.0244,0.0,0.0,0.0,0.0,Wednesday,False,High,0.5859,0.213,0.0,0.787,positive,0.25,0.85,0,-0.08801121730860424,-0.08498785784468056,Legacy Believers
Michael,MIC_0173,Michael Jackson's story deserves to be told with this level of care. The trailer gave me chills. Real talk.,Instagram,,2025-10-19,2025-10-19T04:05:00,151,60,3,42,10,michael jackson's story deserves to be told with this level of care the trailer gave me chills real talk,michael jackson's story deserves told level care trailer gave chills real talk,5.739792912179234,19,107,5.631578947368421,0.0374,0.0,0.0,1.0,0.0,Sunday,True,High,0.4939,0.151,0.0,0.849,positive,0.2,0.3,3,0.8795645939286983,0.0164337060845523,Cultural Analysts
Michael,MIC_0034,Michael Jackson's story deserves to be told with this level of care. The trailer gave me chills. Anyone else feel this way?,Reddit,r/MichaelJackson,2025-10-21,2025-10-21T08:49:00,101,28,1,43,10,michael jackson's story deserves to be told with this level of care the trailer gave me chills anyone else feel this way,michael jackson's story deserves told level care trailer gave chills anyone else,5.1647859739235145,22,123,5.590909090909091,0.0325,0.0,1.0,1.0,0.0,Tuesday,False,High,0.4939,0.132,0.0,0.868,positive,0.0,0.0,3,0.8588103012248738,-0.018439636911755177,Cultural Analysts
Michael,MIC_0275,The fan base will love it. Everyone else will have questions about editorial choices. Fight me.,YouTube comments,,2025-10-30,2025-10-30T09:12:00,296,33,28,44,10,the fan base will love it everyone else will have questions about editorial choices fight me,fan base love everyone else questions editorial choices fight,6.13880638500591,16,95,5.9375,0.0316,0.0,0.0,0.0,0.0,Thursday,False,Viral,0.5994,0.294,0.118,0.588,positive,-0.15,0.8,0,-0.08934744825571043,-0.21190388636410523,Legacy Believers
Michael,MIC_0087,Every music lover owes it to themselves to experience this in a theater. Fight me.,YouTube comments,,2025-09-11,2025-09-11T16:05:00,266,40,26,37,9,every music lover owes it to themselves to experience this in a theater fight me,every music lover owes themselves experience theater fight,6.09807428216624,15,82,5.466666666666667,0.0244,0.0,0.0,0.0,0.0,Thursday,False,Viral,0.296,0.196,0.134,0.67,positive,0.0,0.0,0,-0.07405699910028117,-0.09012741756216382,Legacy Believers
Michael,MIC_0293,The King of Pop on the big screen with full music rights. This is a historic moment for music cinema. Can't wait.,Instagram,,2025-10-30,2025-10-30T09:36:00,52,12,2,44,10,the king of pop on the big screen with full music rights this is a historic moment for music cinema can't wait,king pop big screen full music rights historic moment music cinema can't wait,4.48863636973214,22,113,5.136363636363637,0.0442,0.0,0.0,2.0,0.0,Thursday,False,High,0.0,0.0,0.0,1.0,neutral,0.1167,0.2167,0,-0.056835552390483005,-0.032117394397656554,Legacy Believers
Michael,MIC_0373,The decision to cast his actual son is bold and beautiful. Can't imagine it going any other way. Can't wait.,TikTok comments,,2025-09-05,2025-09-05T04:07:00,291,17,26,36,9,the decision to cast his actual son is bold and beautiful can't imagine it going any other way can't wait,decision cast his actual son bold beautiful can't imagine other can't wait,6.022236205774735,20,108,5.4,0.0278,0.0,0.0,1.0,0.0,Friday,False,Viral,0.7579,0.265,0.0,0.735,positive,0.2646,0.5354,0,-0.11684781240705619,0.8479766106844507,Legacy Believers
Michael,MIC_0367,Leaving Neverland made it impossible for me to separate the art from the artist here. Genuinely can't stop thinking about this.,Twitter/X,,2025-09-28,2025-09-28T01:06:00,100,13,9,39,9,leaving neverland made it impossible for me to separate the art from the artist here genuinely can't stop thinking about this,leaving neverland made impossible separate art artist genuinely can't stop thinking,5.07829394257007,21,127,6.0476190476190474,0.0236,0.0,0.0,0.0,0.0,Sunday,True,High,0.2235,0.086,0.0,0.914,positive,-0.1333,0.75,0,-0.053976781287015156,0.0007385730416394825,Legacy Believers
Michael,MIC_0313,The choreography in the trailer already looks stunning. They clearly invested in getting it right. Fight me.,Twitter/X,,2025-09-16,2025-09-16T13:09:00,431,105,55,38,9,the choreography in the trailer already looks stunning they clearly invested in getting it right fight me,choreography trailer looks stunning clearly invested getting right fight,6.756350824822904,17,108,6.352941176470588,0.0278,0.0,0.0,2.0,0.0,Tuesday,False,Viral,0.4019,0.242,0.119,0.639,positive,0.2952,0.6397,0,0.032986464114903226,-0.014398421815863316,Legacy Believers
Michael,MIC_0290,"If they get the music and the movement right, this will be one of the most important biopics ever made. Thoughts?",TikTok comments,,2025-10-24,2025-10-24T23:19:00,133,48,3,43,10,if they get the music and the movement right this will be one of the most important biopics ever made thoughts,music movement right most important biopics ever made thoughts,5.572154032177765,21,113,5.380952380952381,0.0177,0.0,1.0,0.0,0.0,Friday,False,High,0.2716,0.095,0.0,0.905,positive,0.3952,0.6786,0,-0.05224665384089744,-0.059547462224514486,Legacy Believers
Michael,MIC_0368,"Beat It, Billie Jean, Man in the Mirror — on a cinema screen with surround sound. Come on.",Instagram,,2025-10-05,2025-10-05T03:04:00,201,21,2,40,10,beat it billie jean man in the mirror on a cinema screen with surround sound come on,beat billie jean man mirror cinema screen surround sound come,5.5626028611934215,18,90,5.0,0.0778,0.0,0.0,0.0,0.0,Sunday,True,High,0.0,0.0,0.0,1.0,neutral,0.4,0.4,0,-0.022818893116518295,-0.020440340203216886,Legacy Believers
Michael,MIC_0139,Leaving Neverland made it impossible for me to separate the art from the artist here. Thoughts?,Instagram,,2025-09-21,2025-09-21T19:41:00,149,45,20,38,9,leaving neverland made it impossible for me to separate the art from the artist here thoughts,leaving neverland made impossible separate art artist thoughts,5.776103136235827,16,95,5.9375,0.0316,0.0,1.0,0.0,0.0,Sunday,True,High,0.0,0.0,0.0,1.0,neutral,-0.6667,1.0,0,-0.047751050691712704,-0.04898392460119057,Legacy Believers
Michael,MIC_0400,Leaving Neverland made it impossible for me to separate the art from the artist here. Fight me.,Instagram,,2025-08-04,2025-08-04T12:59:00,272,64,7,32,8,leaving neverland made it impossible for me to separate the art from the artist here fight me,leaving neverland made impossible separate art artist fight,6.118097198041348,17,95,5.588235294117647,0.0316,0.0,0.0,0.0,0.0,Monday,False,Viral,-0.3818,0.0,0.14,0.86,negative,-0.6667,1.0,0,-0.05049295477378178,-0.047771502358426206,Legacy Believers
Michael,MIC_0292,Celebrating MJ's artistry while ignoring the serious allegations feels irresponsible. Thoughts?,TikTok comments,,2025-10-19,2025-10-19T17:32:00,311,32,8,42,10,celebrating mj's artistry while ignoring the serious allegations feels irresponsible thoughts,celebrating mj's artistry while ignoring serious allegations feels irresponsible thoughts,6.030685260261263,11,95,8.636363636363637,0.0421,0.0,1.0,0.0,2.0,Sunday,True,Viral,-0.296,0.21,0.392,0.398,negative,-0.3333,0.6667,2,-0.07966064542542417,-0.0010000589843975256,Critical Observers
Michael,MIC_0285,Can't ignore the documentary accusations. This film feels like reputation rehabilitation.,TikTok comments,,2025-09-17,2025-09-17T14:53:00,149,11,19,38,9,can't ignore the documentary accusations this film feels like reputation rehabilitation,can't ignore documentary accusations film feels like reputation rehabilitation,5.457455587886334,11,89,8.090909090909092,0.0225,0.0,0.0,0.0,1.0,Wednesday,False,High,0.3204,0.309,0.154,0.537,positive,0.0,0.0,0,-0.06718066288124724,0.0177300770598183,Legacy Believers
Michael,MIC_0198,Music biopics have a very specific commercial formula. MJ is the ultimate subject. Genuinely can't stop thinking about this.,Instagram,,2025-10-09,2025-10-09T11:20:00,122,27,10,41,10,music biopics have a very specific commercial formula mj is the ultimate subject genuinely can't stop thinking about this,music biopics specific commercial formula ultimate subject genuinely can't stop thinking,5.395897694886901,19,124,6.526315789473684,0.0323,0.0,0.0,0.0,0.0,Thursday,False,High,0.2235,0.095,0.0,0.905,positive,0.0467,0.3992,0,-0.10085961965484821,-0.06257329692879988,Legacy Believers
Michael,MIC_0181,The decision to not address the allegations directly is a narrative choice with real consequences. Real talk.,YouTube comments,,2025-09-19,2025-09-19T12:14:00,161,17,18,38,9,the decision to not address the allegations directly is a narrative choice with real consequences real talk,decision address allegations directly narrative choice real consequences real talk,5.554895693948484,17,109,6.411764705882353,0.0183,0.0,0.0,0.0,1.0,Friday,False,High,0.0,0.0,0.0,1.0,neutral,0.1667,0.3333,0,-0.022900118537635846,0.11162865631845614,Legacy Believers
Michael,MIC_0134,The decision to cast his actual son is bold and beautiful. Can't imagine it going any other way. Real talk.,Twitter/X,,2025-08-23,2025-08-23T11:35:00,195,47,17,34,8,the decision to cast his actual son is bold and beautiful can't imagine it going any other way real talk,decision cast his actual son bold beautiful can't imagine other real talk,5.898526551448713,20,107,5.35,0.028,0.0,0.0,0.0,0.0,Saturday,True,High,0.7579,0.265,0.0,0.735,positive,0.2517,0.4883,0,-0.10038414083529815,0.8449203714424813,Legacy Believers
Michael,MIC_0032,The box office upside here is massive if they can navigate the controversy cleanly. Hot take.,YouTube comments,,2025-10-02,2025-10-02T11:48:00,356,103,10,40,10,the box office upside here is massive if they can navigate the controversy cleanly hot take,box office upside massive navigate controversy cleanly hot take,6.468474822379242,16,93,5.8125,0.0215,0.0,0.0,0.0,0.0,Thursday,False,Viral,0.0,0.0,0.0,1.0,neutral,0.125,0.925,0,-0.07024433697194155,-0.04697823087866285,Legacy Believers
Michael,MIC_0330,Biopic storytelling is hard. MJ's life is extraordinarily complex. Hoping they don't simplify. Hot take.,Reddit,r/MichaelJackson,2025-09-29,2025-09-29T12:30:00,154,51,2,40,9,biopic storytelling is hard mj's life is extraordinarily complex hoping they don't simplify hot take,biopic storytelling hard mj's life extraordinarily complex hoping don't simplify hot take,5.664695085948154,15,104,6.933333333333334,0.0481,0.0,0.0,0.0,0.0,Monday,False,High,0.34,0.163,0.081,0.756,positive,-0.1139,0.5972,0,-0.048760258007959814,-0.00563027646636295,Legacy Believers
Michael,MIC_0266,If they include the full Thriller sequence I will cry in the theater. Not a question. Fight me.,YouTube comments,,2025-08-01,2025-08-01T07:56:00,138,28,12,31,8,if they include the full thriller sequence i will cry in the theater not a question fight me,include full thriller sequence cry theater question fight,5.501258210544727,18,95,5.277777777777778,0.0526,0.0,0.0,0.0,0.0,Friday,False,High,-0.1321,0.165,0.143,0.692,negative,0.35,0.55,0,-0.049467458419792894,-0.01045746836989128,Legacy Believers
Michael,MIC_0119,I want to love this but the controversy makes it complicated. Conflicted. Hot take.,Reddit,r/boxoffice,2025-08-21,2025-08-21T20:53:00,165,35,6,34,8,i want to love this but the controversy makes it complicated conflicted hot take,want love controversy makes complicated conflicted hot take,5.60396213937399,14,83,5.928571428571429,0.0361,0.0,0.0,0.0,2.0,Thursday,False,High,0.4118,0.238,0.0,0.762,positive,0.0833,0.8167,1,-0.11996748736605627,-0.2074353405339557,Music Enthusiasts
Michael,MIC_0315,I grew up listening to MJ. This film feels like a love letter to an entire generation. Thoughts?,Twitter/X,,2025-10-29,2025-10-29T19:59:00,68,22,8,44,10,i grew up listening to mj this film feels like a love letter to an entire generation thoughts,grew listening film feels like love letter entire generation thoughts,4.997212273764115,18,96,5.333333333333333,0.0521,0.0,1.0,0.0,0.0,Wednesday,False,High,0.7717,0.295,0.0,0.705,positive,0.25,0.6125,0,-0.07226303242988637,-0.05136341287949527,Legacy Believers
Michael,MIC_0362,I grew up listening to MJ. This film feels like a love letter to an entire generation. Genuinely can't stop thinking about this.,Instagram,,2025-10-18,2025-10-18T22:02:00,267,51,37,42,10,i grew up listening to mj this film feels like a love letter to an entire generation genuinely can't stop thinking about this,grew listening film feels like love letter entire generation genuinely can't stop thinking,6.227524323688738,23,128,5.565217391304348,0.0391,0.0,0.0,0.0,0.0,Saturday,True,Viral,0.8219,0.3,0.0,0.7,positive,0.3,0.575,0,-0.07590692302970334,-0.006176409316018974,Legacy Believers
Michael,MIC_0018,The box office upside here is massive if they can navigate the controversy cleanly. Can't wait.,Reddit,r/TrueFilm,2025-08-04,2025-08-04T20:31:00,127,35,13,32,8,the box office upside here is massive if they can navigate the controversy cleanly can't wait,box office upside massive navigate controversy cleanly can't wait,5.539300835990577,16,95,5.9375,0.0211,0.0,0.0,1.0,0.0,Monday,False,High,0.0,0.0,0.0,1.0,neutral,0.1833,0.85,0,-0.06152084018185807,-0.010162149534620078,Legacy Believers
Michael,MIC_0357,Every music lover owes it to themselves to experience this in a theater. Real talk.,TikTok comments,,2025-08-18,2025-08-18T10:53:00,464,181,42,34,8,every music lover owes it to themselves to experience this in a theater real talk,every music lover owes themselves experience theater real talk,6.950335726517255,15,83,5.533333333333333,0.0241,0.0,0.0,0.0,0.0,Monday,False,Viral,0.5859,0.213,0.0,0.787,positive,0.2,0.3,0,-0.05591773621975285,-0.06964648574447595,Legacy Believers
Michael,MIC_0168,The marketing challenge for this film is one of the most complex in recent Hollywood history. Genuinely can't stop thinking about this.,YouTube comments,,2025-10-21,2025-10-21T10:26:00,102,39,13,43,10,the marketing challenge for this film is one of the most complex in recent hollywood history genuinely can't stop thinking about this,marketing challenge film most complex recent hollywood history genuinely can't stop thinking,5.4785534168509695,22,135,6.136363636363637,0.0222,0.0,0.0,0.0,0.0,Tuesday,False,High,0.2933,0.137,0.0,0.863,positive,0.15,0.4125,0,-0.07298379094739374,0.03327926009124613,Legacy Believers
Michael,MIC_0335,The sonic experience of this film is going to be unmatched. Pop history on screen. Can't wait.,Instagram,,2025-10-28,2025-10-28T05:20:00,101,11,5,44,10,the sonic experience of this film is going to be unmatched pop history on screen can't wait,sonic experience film unmatched pop history screen can't wait,4.973279507552487,17,94,5.529411764705882,0.0319,0.0,0.0,1.0,0.0,Tuesday,False,High,-0.0772,0.0,0.075,0.925,negative,0.0,0.0,0,-0.0911303042287886,-0.017497886069737817,Legacy Believers
Michael,MIC_0158,If they include the full Thriller sequence I will cry in the theater. Not a question. Can't wait.,YouTube comments,,2025-09-03,2025-09-03T05:35:00,172,14,10,36,9,if they include the full thriller sequence i will cry in the theater not a question can't wait,include full thriller sequence cry theater question can't wait,5.472270673671475,18,97,5.388888888888889,0.0515,0.0,0.0,1.0,0.0,Wednesday,False,High,-0.4019,0.068,0.151,0.78,negative,0.35,0.55,0,-0.053589468145688664,0.029587166109607987,Legacy Believers
Michael,MIC_0370,The sonic experience of this film is going to be unmatched. Pop history on screen. Thoughts?,TikTok comments,,2025-08-26,2025-08-26T12:57:00,284,23,32,35,8,the sonic experience of this film is going to be unmatched pop history on screen thoughts,sonic experience film unmatched pop history screen thoughts,6.083359811812238,16,92,5.75,0.0326,0.0,1.0,0.0,0.0,Tuesday,False,Viral,-0.0772,0.0,0.08,0.92,negative,0.0,0.0,0,-0.08164392559139524,-0.06140300540617765,Legacy Believers
Michael,MIC_0230,Celebrating MJ's artistry while ignoring the serious allegations feels irresponsible.,Twitter/X,,2025-08-11,2025-08-11T03:47:00,246,71,7,33,8,celebrating mj's artistry while ignoring the serious allegations feels irresponsible,celebrating mj's artistry while ignoring serious allegations feels irresponsible,6.099197246910864,10,85,8.5,0.0353,0.0,0.0,0.0,2.0,Monday,False,Viral,-0.296,0.223,0.416,0.361,negative,-0.3333,0.6667,2,-0.08305082797998274,0.0023736825087638464,Critical Observers
Michael,MIC_0200,The box office upside here is massive if they can navigate the controversy cleanly. Anyone else feel this way?,YouTube comments,,2025-09-28,2025-09-28T00:49:00,188,63,16,39,9,the box office upside here is massive if they can navigate the controversy cleanly anyone else feel this way,box office upside massive navigate controversy cleanly anyone else,5.977619140285929,19,110,5.7894736842105265,0.0182,0.0,1.0,0.0,0.0,Sunday,True,High,0.0,0.0,0.0,1.0,neutral,0.1833,0.85,0,-0.05768137101918677,-0.07009551283698841,Legacy Believers
Michael,MIC_0412,The music catalog alone makes this a theatrical experience. Needs to be seen on IMAX. Anyone else feel this way?,Twitter/X,,2025-10-02,2025-10-02T01:52:00,238,81,12,40,10,the music catalog alone makes this a theatrical experience needs to be seen on imax anyone else feel this way,music catalog alone makes theatrical experience needs seen imax anyone else,6.168564159920785,20,112,5.6,0.0625,0.0,1.0,0.0,0.0,Thursday,False,Viral,-0.25,0.0,0.095,0.905,negative,0.0,0.0,0,-0.12237907485903703,-0.2525638319394415,Legacy Believers
Michael,MIC_0407,Strong performance from Jaafar but the script carries all the risk. Hot take.,YouTube comments,,2025-09-19,2025-09-19T11:00:00,203,61,14,38,9,strong performance from jaafar but the script carries all the risk hot take,strong performance jaafar script carries risk hot take,5.98770749823027,13,77,5.923076923076923,0.039,0.0,0.0,0.0,0.0,Friday,False,High,-0.128,0.136,0.168,0.696,negative,0.3417,0.7917,0,-0.05420715363973419,-0.031949380797350664,Legacy Believers
Michael,MIC_0089,If they include the full Thriller sequence I will cry in the theater. Not a question. Can't wait.,YouTube comments,,2025-10-29,2025-10-29T23:49:00,193,16,16,44,10,if they include the full thriller sequence i will cry in the theater not a question can't wait,include full thriller sequence cry theater question can't wait,5.641907070938114,18,97,5.388888888888889,0.0515,0.0,0.0,1.0,0.0,Wednesday,False,High,-0.4019,0.068,0.151,0.78,negative,0.35,0.55,0,-0.053589468145688664,0.029587166109607987,Legacy Believers
Michael,MIC_0237,The music catalog alone makes this a theatrical experience. Needs to be seen on IMAX. Thoughts?,TikTok comments,,2025-08-24,2025-08-24T06:32:00,161,56,13,34,8,the music catalog alone makes this a theatrical experience needs to be seen on imax thoughts,music catalog alone makes theatrical experience needs seen imax thoughts,5.831882477283517,16,95,5.9375,0.0737,0.0,1.0,0.0,0.0,Sunday,True,High,-0.25,0.0,0.118,0.882,negative,0.0,0.0,0,-0.1208555675421463,-0.24239398322716202,Legacy Believers
Michael,MIC_0074,The runtime reportedly over 2.5 hours. They'll need every minute for this story. Can't wait.,Instagram,,2025-10-29,2025-10-29T09:44:00,292,38,34,44,10,the runtime reportedly over 2 5 hours they'll need every minute for this story can't wait,runtime reportedly over hours they'll every minute story can't wait,6.194405391104672,15,92,6.133333333333334,0.0326,0.0,0.0,1.0,0.0,Wednesday,False,Viral,0.0,0.0,0.0,1.0,neutral,0.0,0.0,0,0.028831331148152287,0.026270734958128972,Legacy Believers
Michael,MIC_0146,The King of Pop on the big screen with full music rights. This is a historic moment for music cinema. Thoughts?,Instagram,,2025-10-05,2025-10-05T08:56:00,162,27,4,40,10,the king of pop on the big screen with full music rights this is a historic moment for music cinema thoughts,king pop big screen full music rights historic moment music cinema thoughts,5.491001710377538,21,111,5.285714285714286,0.045,0.0,1.0,1.0,0.0,Sunday,True,High,0.0,0.0,0.0,1.0,neutral,0.1167,0.2167,0,-0.050380086462082176,-0.06462250933438671,Legacy Believers
Michael,MIC_0124,The box office upside here is massive if they can navigate the controversy cleanly. Genuinely can't stop thinking about this.,Twitter/X,,2025-10-16,2025-10-16T18:04:00,86,24,11,42,10,the box office upside here is massive if they can navigate the controversy cleanly genuinely can't stop thinking about this,box office upside massive navigate controversy cleanly genuinely can't stop thinking,5.19295685089021,20,125,6.25,0.016,0.0,0.0,0.0,0.0,Thursday,False,High,0.2235,0.09,0.0,0.91,positive,0.2,0.75,0,-0.058372454222067265,-0.003268249963436866,Legacy Believers
Michael,MIC_0231,"If they get the music and the movement right, this will be one of the most important biopics ever made. Can't wait.",Instagram,,2025-09-06,2025-09-06T00:21:00,178,18,22,36,9,if they get the music and the movement right this will be one of the most important biopics ever made can't wait,music movement right most important biopics ever made can't wait,5.66988092298052,22,115,5.2272727272727275,0.0174,0.0,0.0,1.0,0.0,Saturday,True,High,0.2716,0.091,0.0,0.909,positive,0.3952,0.6786,0,-0.05887024741583235,-0.02072866281731919,Legacy Believers
Michael,MIC_0211,If they include the full Thriller sequence I will cry in the theater. Not a question. Fight me.,YouTube comments,,2025-10-10,2025-10-10T12:32:00,284,24,34,41,10,if they include the full thriller sequence i will cry in the theater not a question fight me,include full thriller sequence cry theater question fight,6.102558594613569,18,95,5.277777777777778,0.0526,0.0,0.0,0.0,0.0,Friday,False,Viral,-0.1321,0.165,0.143,0.692,negative,0.35,0.55,0,-0.049467458419792894,-0.01045746836989128,Legacy Believers
Michael,MIC_0409,The decision to not address the allegations directly is a narrative choice with real consequences. Fight me.,YouTube comments,,2025-09-24,2025-09-24T23:57:00,155,31,5,39,9,the decision to not address the allegations directly is a narrative choice with real consequences fight me,decision address allegations directly narrative choice real consequences fight,5.5154428455366835,17,108,6.352941176470588,0.0185,0.0,0.0,0.0,1.0,Wednesday,False,High,-0.3818,0.0,0.14,0.86,negative,0.15,0.35,0,-0.03887626699221937,0.10137923872837878,Legacy Believers
Michael,MIC_0069,Strong performance from Jaafar but the script carries all the risk. Anyone else feel this way?,Twitter/X,,2025-10-30,2025-10-30T03:48:00,137,32,13,44,10,strong performance from jaafar but the script carries all the risk anyone else feel this way,strong performance jaafar script carries risk anyone else,5.54907608489522,16,94,5.875,0.0319,0.0,1.0,0.0,0.0,Thursday,False,High,-0.128,0.114,0.141,0.745,negative,0.4333,0.7333,0,-0.04159432852845758,-0.05715810857592615,Legacy Believers
Michael,MIC_0361,Watching Jaafar Jackson embody his father is genuinely moving. The resemblance is uncanny. Genuinely can't stop thinking about this.,YouTube comments,,2025-10-28,2025-10-28T04:13:00,107,35,12,44,10,watching jaafar jackson embody his father is genuinely moving the resemblance is uncanny genuinely can't stop thinking about this,watching jaafar jackson embody his father genuinely moving resemblance uncanny genuinely can't stop thinking,5.444579873526289,19,132,6.947368421052632,0.0379,0.0,0.0,0.0,0.0,Tuesday,False,High,0.2235,0.095,0.0,0.905,positive,0.4,0.5,0,0.015832350257757578,0.08121709825074168,Legacy Believers
Michael,MIC_0093,"Beat It, Billie Jean, Man in the Mirror — on a cinema screen with surround sound. Come on. Thoughts?",Instagram,,2025-10-04,2025-10-04T03:18:00,337,99,6,40,10,beat it billie jean man in the mirror on a cinema screen with surround sound come on thoughts,beat billie jean man mirror cinema screen surround sound come thoughts,6.402746040537586,19,100,5.2631578947368425,0.08,0.0,1.0,0.0,0.0,Saturday,True,Viral,0.0,0.0,0.0,1.0,neutral,0.4,0.4,0,-0.020764696948921055,-0.02271938418976528,Legacy Believers
Michael,MIC_0299,Leaving Neverland made it impossible for me to separate the art from the artist here. Real talk.,Twitter/X,,2025-09-11,2025-09-11T14:31:00,152,56,8,37,9,leaving neverland made it impossible for me to separate the art from the artist here real talk,leaving neverland made impossible separate art artist real talk,5.75890177387728,17,96,5.647058823529412,0.0312,0.0,0.0,0.0,0.0,Thursday,False,High,0.0,0.0,0.0,1.0,neutral,-0.2333,0.65,0,-0.033711107752693655,-0.02933876343437138,Legacy Believers
Michael,MIC_0291,Michael Jackson's story deserves to be told with this level of care. The trailer gave me chills. Genuinely can't stop thinking about this.,Twitter/X,,2025-10-08,2025-10-08T10:49:00,212,25,10,41,10,michael jackson's story deserves to be told with this level of care the trailer gave me chills genuinely can't stop thinking about this,michael jackson's story deserves told level care trailer gave chills genuinely can't stop thinking,5.72194977861165,23,138,6.0,0.029,0.0,0.0,1.0,0.0,Wednesday,False,High,0.6234,0.195,0.0,0.805,positive,0.4,0.5,3,0.8327927074825147,0.043705093098218906,Cultural Analysts
Michael,MIC_0418,The decision to cast his actual son is bold and beautiful. Can't imagine it going any other way. Anyone else feel this way?,Instagram,,2025-10-28,2025-10-28T04:22:00,150,15,11,44,10,the decision to cast his actual son is bold and beautiful can't imagine it going any other way anyone else feel this way,decision cast his actual son bold beautiful can't imagine other anyone else,5.40042258948519,23,123,5.3478260869565215,0.0244,0.0,1.0,0.0,0.0,Tuesday,False,High,0.7579,0.236,0.0,0.764,positive,0.2646,0.5354,0,-0.11601323888538585,0.8054445961949124,Legacy Believers
Michael,MIC_0309,If they include the full Thriller sequence I will cry in the theater. Not a question. Hot take.,TikTok comments,,2025-09-25,2025-09-25T22:58:00,272,89,28,39,9,if they include the full thriller sequence i will cry in the theater not a question hot take,include full thriller sequence cry theater question hot take,6.362165662779806,18,95,5.277777777777778,0.0526,0.0,0.0,0.0,0.0,Thursday,False,Viral,-0.4019,0.068,0.151,0.78,negative,0.3,0.7,0,-0.061096828629366884,-0.006159775010688448,Legacy Believers
Michael,MIC_0206,The marketing challenge for this film is one of the most complex in recent Hollywood history. Thoughts?,Reddit,r/Music,2025-08-11,2025-08-11T14:51:00,128,28,17,33,8,the marketing challenge for this film is one of the most complex in recent hollywood history thoughts,marketing challenge film most complex recent hollywood history thoughts,5.521460917862246,17,103,6.0588235294117645,0.0291,0.0,1.0,0.0,0.0,Monday,False,High,0.0772,0.075,0.0,0.925,positive,0.0667,0.3833,0,-0.07071051973483182,-0.01057760401836057,Legacy Believers
Michael,MIC_0028,The sonic experience of this film is going to be unmatched. Pop history on screen. Thoughts?,Twitter/X,,2025-09-24,2025-09-24T15:24:00,142,28,9,39,9,the sonic experience of this film is going to be unmatched pop history on screen thoughts,sonic experience film unmatched pop history screen thoughts,5.480638923341991,16,92,5.75,0.0326,0.0,1.0,0.0,0.0,Wednesday,False,High,-0.0772,0.0,0.08,0.92,negative,0.0,0.0,0,-0.08164392559139524,-0.06140300540617765,Legacy Believers
Michael,MIC_0072,If they include the full Thriller sequence I will cry in the theater. Not a question.,Twitter/X,,2025-09-06,2025-09-06T21:16:00,226,70,7,36,9,if they include the full thriller sequence i will cry in the theater not a question,include full thriller sequence cry theater question,6.0473721790462776,16,85,5.3125,0.0471,0.0,0.0,0.0,0.0,Saturday,True,Viral,-0.4019,0.076,0.168,0.757,negative,0.35,0.55,0,-0.05043930703971752,-0.006761933884591686,Legacy Believers
Michael,MIC_0039,The King of Pop on the big screen with full music rights. This is a historic moment for music cinema. Thoughts?,YouTube comments,,2025-10-06,2025-10-06T06:22:00,170,44,20,41,10,the king of pop on the big screen with full music rights this is a historic moment for music cinema thoughts,king pop big screen full music rights historic moment music cinema thoughts,5.831882477283517,21,111,5.285714285714286,0.045,0.0,1.0,1.0,0.0,Monday,False,High,0.0,0.0,0.0,1.0,neutral,0.1167,0.2167,0,-0.050380086462082176,-0.06462250933438671,Legacy Believers
Michael,MIC_0384,Graham King producing means serious awards intentions here. Not just a cash grab. Can't wait.,Reddit,r/TrueFilm,2025-10-05,2025-10-05T21:23:00,241,40,33,40,10,graham king producing means serious awards intentions here not just a cash grab can't wait,graham king producing means serious awards intentions cash grab can't wait,6.089044875446846,15,93,6.2,0.043,0.0,0.0,1.0,0.0,Sunday,True,Viral,0.4019,0.173,0.075,0.751,positive,-0.3333,0.6667,0,-0.04979943353122274,0.022588013758308812,Legacy Believers
Michael,MIC_0274,The marketing challenge for this film is one of the most complex in recent Hollywood history. Hot take.,TikTok comments,,2025-08-17,2025-08-17T19:36:00,150,37,14,33,8,the marketing challenge for this film is one of the most complex in recent hollywood history hot take,marketing challenge film most complex recent hollywood history hot take,5.654242029096065,18,103,5.722222222222222,0.0291,0.0,0.0,0.0,0.0,Sunday,True,High,0.0772,0.071,0.0,0.929,positive,0.1125,0.5,0,-0.0853740343394285,-0.006369722799698207,Legacy Believers
Michael,MIC_0132,The King of Pop on the big screen with full music rights. This is a historic moment for music cinema.,YouTube comments,,2025-09-22,2025-09-22T11:06:00,184,22,22,39,9,the king of pop on the big screen with full music rights this is a historic moment for music cinema,king pop big screen full music rights historic moment music cinema,5.723585101952381,20,101,5.05,0.0396,0.0,0.0,1.0,0.0,Monday,False,High,0.0,0.0,0.0,1.0,neutral,0.1167,0.2167,0,-0.05333662010133778,-0.0634917440548663,Legacy Believers
Michael,MIC_0116,The estate controlling the narrative is a legitimate concern for journalistic integrity. Can't wait.,Instagram,,2025-10-02,2025-10-02T15:56:00,242,41,31,40,10,the estate controlling the narrative is a legitimate concern for journalistic integrity can't wait,estate controlling narrative legitimate concern journalistic integrity can't wait,6.083359811812238,14,100,7.142857142857143,0.02,0.0,0.0,1.0,0.0,Thursday,False,Viral,0.3818,0.167,0.0,0.833,positive,0.0,0.0,0,-0.03358363468512911,0.027840769966521035,Legacy Believers
Michael,MIC_0379,The fan base will love it. Everyone else will have questions about editorial choices. Can't wait.,Reddit,r/TrueFilm,2025-08-28,2025-08-28T04:22:00,327,17,36,35,8,the fan base will love it everyone else will have questions about editorial choices can't wait,fan base love everyone else questions editorial choices can't wait,6.170656210893009,16,97,6.0625,0.0309,0.0,0.0,1.0,0.0,Thursday,False,Viral,0.7579,0.317,0.0,0.683,positive,-0.15,0.8,0,-0.09374598085919718,-0.17046681275872236,Legacy Believers
Michael,MIC_0007,The sonic experience of this film is going to be unmatched. Pop history on screen.,Twitter/X,,2025-08-08,2025-08-08T07:02:00,223,79,8,32,8,the sonic experience of this film is going to be unmatched pop history on screen,sonic experience film unmatched pop history screen,6.099197246910864,15,82,5.466666666666667,0.0244,0.0,0.0,0.0,0.0,Friday,False,Viral,-0.0772,0.0,0.085,0.915,negative,0.0,0.0,0,-0.08912787879658021,-0.06116412439764131,Legacy Believers
Michael,MIC_0403,Every music lover owes it to themselves to experience this in a theater. Fight me.,TikTok comments,,2025-08-06,2025-08-06T04:43:00,227,20,17,32,8,every music lover owes it to themselves to experience this in a theater fight me,every music lover owes themselves experience theater fight,5.796057750765372,15,82,5.466666666666667,0.0244,0.0,0.0,0.0,0.0,Wednesday,False,High,0.296,0.196,0.134,0.67,positive,0.0,0.0,0,-0.07405699910028117,-0.09012741756216382,Legacy Believers
Michael,MIC_0351,"Motown, Off the Wall, Thriller era all in one film? The scope is incredible.",Instagram,,2025-10-09,2025-10-09T20:19:00,128,28,2,41,10,motown off the wall thriller era all in one film the scope is incredible,motown off wall thriller era film scope incredible,5.3230099791384085,14,76,5.428571428571429,0.0658,0.0,1.0,1.0,0.0,Thursday,False,High,0.1027,0.097,0.0,0.903,positive,0.9,0.9,0,-0.03973190809022747,-0.010842535970579024,Legacy Believers
Michael,MIC_0156,The sonic experience of this film is going to be unmatched. Pop history on screen. Anyone else feel this way?,Reddit,r/TrueFilm,2025-08-05,2025-08-05T16:22:00,307,60,43,32,8,the sonic experience of this film is going to be unmatched pop history on screen anyone else feel this way,sonic experience film unmatched pop history screen anyone else,6.375024819828097,20,109,5.45,0.0275,0.0,1.0,0.0,0.0,Tuesday,False,Viral,-0.0772,0.0,0.064,0.936,negative,0.0,0.0,0,-0.08587953275648719,-0.0805102935178571,Legacy Believers
Michael,MIC_0011,Michael Jackson's story deserves to be told with this level of care. The trailer gave me chills. Real talk.,Reddit,r/Music,2025-08-29,2025-08-29T20:14:00,179,44,25,35,8,michael jackson's story deserves to be told with this level of care the trailer gave me chills real talk,michael jackson's story deserves told level care trailer gave chills real talk,5.8998973535824915,19,107,5.631578947368421,0.0374,0.0,0.0,1.0,0.0,Friday,False,High,0.4939,0.151,0.0,0.849,positive,0.2,0.3,3,0.8795645939286983,0.0164337060845523,Cultural Analysts
Michael,MIC_0165,Can't ignore the documentary accusations. This film feels like reputation rehabilitation. Genuinely can't stop thinking about this.,TikTok comments,,2025-09-02,2025-09-02T11:01:00,74,18,10,36,9,can't ignore the documentary accusations this film feels like reputation rehabilitation genuinely can't stop thinking about this,can't ignore documentary accusations film feels like reputation rehabilitation genuinely can't stop thinking,5.0106352940962555,17,131,7.705882352941177,0.0229,0.0,0.0,0.0,1.0,Tuesday,False,High,0.4936,0.298,0.106,0.596,positive,0.2,0.25,0,-0.06762618560041152,0.05367468385225298,Legacy Believers
Michael,MIC_0006,Leaving Neverland made it impossible for me to separate the art from the artist here.,Instagram,,2025-10-04,2025-10-04T12:08:00,293,30,15,40,10,leaving neverland made it impossible for me to separate the art from the artist here,leaving neverland made impossible separate art artist,6.025865973825314,15,85,5.666666666666667,0.0235,0.0,0.0,0.0,0.0,Saturday,True,Viral,0.0,0.0,0.0,1.0,neutral,-0.6667,1.0,0,-0.05162862455587689,-0.04693266659055637,Legacy Believers
Michael,MIC_0338,The decision to not address the allegations directly is a narrative choice with real consequences. Can't wait.,Instagram,,2025-08-12,2025-08-12T19:08:00,303,28,43,33,8,the decision to not address the allegations directly is a narrative choice with real consequences can't wait,decision address allegations directly narrative choice real consequences can't wait,6.220590170099739,17,110,6.470588235294118,0.0182,0.0,0.0,1.0,1.0,Tuesday,False,Viral,0.0,0.0,0.0,1.0,neutral,0.15,0.35,0,-0.042426856562158034,0.13678332248507227,Legacy Believers
Michael,MIC_0349,The sonic experience of this film is going to be unmatched. Pop history on screen. Genuinely can't stop thinking about this.,Twitter/X,,2025-10-24,2025-10-24T06:19:00,174,42,25,43,10,the sonic experience of this film is going to be unmatched pop history on screen genuinely can't stop thinking about this,sonic experience film unmatched pop history screen genuinely can't stop thinking,5.872117789475416,21,124,5.904761904761905,0.0242,0.0,0.0,0.0,0.0,Friday,False,High,0.1501,0.085,0.059,0.856,positive,0.4,0.5,0,-0.08425691998283968,-0.009556418466542144,Legacy Believers
Michael,MIC_0137,The estate controlling the narrative is a legitimate concern for journalistic integrity. Hot take.,Instagram,,2025-08-21,2025-08-21T12:40:00,159,46,17,34,8,the estate controlling the narrative is a legitimate concern for journalistic integrity hot take,estate controlling narrative legitimate concern journalistic integrity hot take,5.786897381366708,14,98,7.0,0.0204,0.0,0.0,0.0,0.0,Thursday,False,High,0.3818,0.167,0.0,0.833,positive,0.25,0.85,0,-0.04201664287782668,-0.006702877839410419,Legacy Believers
Michael,MIC_0310,Leaving Neverland made it impossible for me to separate the art from the artist here. Thoughts?,Instagram,,2025-08-17,2025-08-17T09:03:00,393,103,32,33,8,leaving neverland made it impossible for me to separate the art from the artist here thoughts,leaving neverland made impossible separate art artist thoughts,6.616734305264841,16,95,5.9375,0.0316,0.0,1.0,0.0,0.0,Sunday,True,Viral,0.0,0.0,0.0,1.0,neutral,-0.6667,1.0,0,-0.047751050691712704,-0.04898392460119057,Legacy Believers
Michael,MIC_0329,I want to love this but the controversy makes it complicated. Conflicted. Real talk.,Twitter/X,,2025-08-27,2025-08-27T18:46:00,94,19,9,35,8,i want to love this but the controversy makes it complicated conflicted real talk,want love controversy makes complicated conflicted real talk,5.1328529268205045,14,84,6.0,0.0357,0.0,0.0,0.0,2.0,Wednesday,False,High,0.4118,0.238,0.0,0.762,positive,0.0667,0.6333,1,-0.08400765706674142,-0.1882124878159126,Music Enthusiasts
Michael,MIC_0184,This is going to be emotionally overwhelming. I'm already not ready. Thoughts?,YouTube comments,,2025-10-02,2025-10-02T06:20:00,238,49,25,40,10,this is going to be emotionally overwhelming i'm already not ready thoughts,emotionally overwhelming i'm ready thoughts,6.0787883752796565,12,78,6.5,0.0385,0.0,1.0,3.0,0.0,Thursday,False,Viral,-0.2755,0.0,0.161,0.839,negative,0.2,0.75,0,-0.021974520897834127,-0.010218285976176559,Legacy Believers
Michael,MIC_0287,Watching Jaafar Jackson embody his father is genuinely moving. The resemblance is uncanny. Fight me.,Instagram,,2025-08-20,2025-08-20T06:21:00,292,96,39,34,8,watching jaafar jackson embody his father is genuinely moving the resemblance is uncanny fight me,watching jaafar jackson embody his father genuinely moving resemblance uncanny fight,6.476972362889683,15,100,6.666666666666667,0.05,0.0,0.0,0.0,0.0,Wednesday,False,Viral,-0.3818,0.0,0.157,0.843,negative,0.4,0.5,0,0.02207372406518458,0.04986015122958722,Legacy Believers
Michael,MIC_0280,Can't ignore the documentary accusations. This film feels like reputation rehabilitation. Hot take.,YouTube comments,,2025-08-18,2025-08-18T15:09:00,166,35,2,34,8,can't ignore the documentary accusations this film feels like reputation rehabilitation hot take,can't ignore documentary accusations film feels like reputation rehabilitation hot take,5.5626028611934215,13,99,7.615384615384615,0.0303,0.0,0.0,0.0,1.0,Monday,False,High,0.3204,0.273,0.136,0.591,positive,0.125,0.425,0,-0.07574350841986953,0.01612931492467153,Legacy Believers
Michael,MIC_0241,Michael Jackson's cultural impact is genuinely underrepresented in cinema. This is overdue. Anyone else feel this way?,TikTok comments,,2025-09-18,2025-09-18T16:43:00,121,22,3,38,9,michael jackson's cultural impact is genuinely underrepresented in cinema this is overdue anyone else feel this way,michael jackson's cultural impact genuinely underrepresented cinema overdue anyone else,5.225746673713202,17,118,6.9411764705882355,0.0339,0.0,1.0,0.0,0.0,Thursday,False,High,0.0,0.0,0.0,1.0,neutral,0.25,0.3,0,0.22837175615697203,-0.019600572841351093,Legacy Believers
Michael,MIC_0111,The sonic experience of this film is going to be unmatched. Pop history on screen. Anyone else feel this way?,YouTube comments,,2025-10-24,2025-10-24T04:47:00,164,18,23,43,10,the sonic experience of this film is going to be unmatched pop history on screen anyone else feel this way,sonic experience film unmatched pop history screen anyone else,5.631211781821365,20,109,5.45,0.0275,0.0,1.0,0.0,0.0,Friday,False,High,-0.0772,0.0,0.064,0.936,negative,0.0,0.0,0,-0.08587953275648719,-0.0805102935178571,Legacy Believers
Michael,MIC_0196,Michael Jackson's cultural impact is genuinely underrepresented in cinema. This is overdue. Hot take.,Instagram,,2025-09-26,2025-09-26T23:12:00,263,72,15,39,9,michael jackson's cultural impact is genuinely underrepresented in cinema this is overdue hot take,michael jackson's cultural impact genuinely underrepresented cinema overdue hot take,6.192362489474872,14,101,7.214285714285714,0.0396,0.0,0.0,0.0,0.0,Friday,False,Viral,0.0,0.0,0.0,1.0,neutral,0.25,0.4833,0,0.22004347364659485,0.004421890060120918,Legacy Believers
Michael,MIC_0113,Michael Jackson's cultural impact is genuinely underrepresented in cinema. This is overdue.,Twitter/X,,2025-09-30,2025-09-30T14:56:00,83,30,5,40,9,michael jackson's cultural impact is genuinely underrepresented in cinema this is overdue,michael jackson's cultural impact genuinely underrepresented cinema overdue,5.159055299214529,12,91,7.583333333333333,0.033,0.0,0.0,0.0,0.0,Tuesday,False,High,0.0,0.0,0.0,1.0,neutral,0.25,0.3,0,0.2523006806418918,0.004325690428033121,Legacy Believers
Michael,MIC_0022,Music biopics have a very specific commercial formula. MJ is the ultimate subject. Anyone else feel this way?,TikTok comments,,2025-09-09,2025-09-09T13:50:00,88,7,5,37,9,music biopics have a very specific commercial formula mj is the ultimate subject anyone else feel this way,music biopics specific commercial formula ultimate subject anyone else,4.799914262780603,18,109,6.055555555555555,0.0367,0.0,1.0,0.0,0.0,Tuesday,False,High,0.0,0.0,0.0,1.0,neutral,-0.0417,0.374,0,-0.10295756693547659,-0.13696951126366858,Legacy Believers
Michael,MIC_0259,I want to love this but the controversy makes it complicated. Conflicted. Hot take.,YouTube comments,,2025-08-26,2025-08-26T14:05:00,401,45,37,35,8,i want to love this but the controversy makes it complicated conflicted hot take,want love controversy makes complicated conflicted hot take,6.438551329906966,14,83,5.928571428571429,0.0361,0.0,0.0,0.0,2.0,Tuesday,False,Viral,0.4118,0.238,0.0,0.762,positive,0.0833,0.8167,1,-0.11996748736605627,-0.2074353405339557,Music Enthusiasts
Michael,MIC_0262,The estate controlling the narrative is a legitimate concern for journalistic integrity. Real talk.,Reddit,r/Music,2025-08-20,2025-08-20T05:55:00,124,20,16,34,8,the estate controlling the narrative is a legitimate concern for journalistic integrity real talk,estate controlling narrative legitimate concern journalistic integrity real talk,5.407171771460119,14,99,7.071428571428571,0.0202,0.0,0.0,0.0,0.0,Wednesday,False,High,0.3818,0.167,0.0,0.833,positive,0.2,0.3,0,-0.014361457497230733,0.0051779486038596575,Legacy Believers
Michael,MIC_0096,This is a marketing and cultural experiment as much as it is a film. Anyone else feel this way?,TikTok comments,,2025-10-22,2025-10-22T11:00:00,133,47,19,43,10,this is a marketing and cultural experiment as much as it is a film anyone else feel this way,marketing cultural experiment film anyone else,5.731721843345443,19,95,5.0,0.0211,0.0,1.0,0.0,0.0,Wednesday,False,High,0.0,0.0,0.0,1.0,neutral,0.15,0.15,0,-0.040012326534610725,-0.03579780294252205,Legacy Believers
Michael,MIC_0016,The marketing challenge for this film is one of the most complex in recent Hollywood history. Genuinely can't stop thinking about this.,TikTok comments,,2025-09-05,2025-09-05T20:20:00,77,6,1,36,9,the marketing challenge for this film is one of the most complex in recent hollywood history genuinely can't stop thinking about this,marketing challenge film most complex recent hollywood history genuinely can't stop thinking,4.564348191467836,22,135,6.136363636363637,0.0222,0.0,0.0,0.0,0.0,Friday,False,High,0.2933,0.137,0.0,0.863,positive,0.15,0.4125,0,-0.07298379094739374,0.03327926009124613,Legacy Believers
Michael,MIC_0238,This is a marketing and cultural experiment as much as it is a film. Fight me.,Instagram,,2025-10-07,2025-10-07T09:21:00,376,112,5,41,10,this is a marketing and cultural experiment as much as it is a film fight me,marketing cultural experiment film fight,6.51025834052315,16,78,4.875,0.0256,0.0,0.0,0.0,0.0,Tuesday,False,Viral,-0.3818,0.0,0.148,0.852,negative,0.15,0.15,0,-0.03615060017943746,-0.007588824322916726,Legacy Believers
Michael,MIC_0319,Leaving Neverland made it impossible for me to separate the art from the artist here. Thoughts?,Instagram,,2025-10-07,2025-10-07T08:29:00,20,7,0,41,10,leaving neverland made it impossible for me to separate the art from the artist here thoughts,leaving neverland made impossible separate art artist thoughts,3.6506582412937383,16,95,5.9375,0.0316,0.0,1.0,0.0,0.0,Tuesday,False,Medium,0.0,0.0,0.0,1.0,neutral,-0.6667,1.0,0,-0.047751050691712704,-0.04898392460119057,Legacy Believers
Michael,MIC_0272,The runtime reportedly over 2.5 hours. They'll need every minute for this story. Genuinely can't stop thinking about this.,TikTok comments,,2025-08-27,2025-08-27T19:03:00,90,17,3,35,8,the runtime reportedly over 2 5 hours they'll need every minute for this story genuinely can't stop thinking about this,runtime reportedly over hours they'll every minute story genuinely can't stop thinking,4.959341999708705,19,122,6.421052631578948,0.0246,0.0,0.0,0.0,0.0,Wednesday,False,High,0.2235,0.09,0.0,0.91,positive,0.4,0.5,0,0.0252835791791079,0.029867138337080067,Legacy Believers
Michael,MIC_0414,Michael Jackson's story deserves to be told with this level of care. The trailer gave me chills. Anyone else feel this way?,TikTok comments,,2025-09-30,2025-09-30T03:41:00,297,114,37,40,9,michael jackson's story deserves to be told with this level of care the trailer gave me chills anyone else feel this way,michael jackson's story deserves told level care trailer gave chills anyone else,6.542471960506805,22,123,5.590909090909091,0.0325,0.0,1.0,1.0,0.0,Tuesday,False,Viral,0.4939,0.132,0.0,0.868,positive,0.0,0.0,3,0.8588103012248738,-0.018439636911755177,Cultural Analysts
Michael,MIC_0374,The runtime reportedly over 2.5 hours. They'll need every minute for this story. Fight me.,YouTube comments,,2025-09-07,2025-09-07T19:10:00,324,35,18,36,9,the runtime reportedly over 2 5 hours they'll need every minute for this story fight me,runtime reportedly over hours they'll every minute story fight,6.1452580202873985,15,90,6.0,0.0333,0.0,0.0,0.0,0.0,Sunday,True,Viral,-0.3818,0.0,0.148,0.852,negative,0.0,0.0,0,0.03391091679320576,-0.009494297878014988,Legacy Believers
Michael,MIC_0380,This is going to be emotionally overwhelming. I'm already not ready. Can't wait.,Reddit,r/movies,2025-09-28,2025-09-28T18:47:00,159,45,5,39,9,this is going to be emotionally overwhelming i'm already not ready can't wait,emotionally overwhelming i'm ready can't wait,5.661222860237405,13,80,6.153846153846154,0.0375,0.0,0.0,4.0,0.0,Sunday,True,High,-0.2755,0.0,0.15,0.85,negative,0.2,0.75,0,-0.03211007186105606,0.04375891791400232,Legacy Believers
Michael,MIC_0342,The decision to cast his actual son is bold and beautiful. Can't imagine it going any other way. Anyone else feel this way?,YouTube comments,,2025-10-18,2025-10-18T12:11:00,333,73,46,42,10,the decision to cast his actual son is bold and beautiful can't imagine it going any other way anyone else feel this way,decision cast his actual son bold beautiful can't imagine other anyone else,6.483871585349955,23,123,5.3478260869565215,0.0244,0.0,1.0,0.0,0.0,Saturday,True,Viral,0.7579,0.236,0.0,0.764,positive,0.2646,0.5354,0,-0.11601323888538585,0.8054445961949124,Legacy Believers
Michael,MIC_0263,I grew up listening to MJ. This film feels like a love letter to an entire generation. Anyone else feel this way?,Reddit,r/boxoffice,2025-09-27,2025-09-27T09:40:00,179,28,21,39,9,i grew up listening to mj this film feels like a love letter to an entire generation anyone else feel this way,grew listening film feels like love letter entire generation anyone else,5.746203190540153,22,113,5.136363636363637,0.0442,0.0,1.0,0.0,0.0,Saturday,True,High,0.7717,0.251,0.0,0.749,positive,0.25,0.6125,0,-0.07451398961681797,-0.06681359245087681,Legacy Believers
Michael,MIC_0343,How this performs internationally will be fascinating. MJ's global brand is unprecedented. Fight me.,Reddit,r/Music,2025-10-22,2025-10-22T03:58:00,97,30,3,43,10,how this performs internationally will be fascinating mj's global brand is unprecedented fight me,performs internationally fascinating mj's global brand unprecedented fight,5.204006687076795,14,100,7.142857142857143,0.04,0.0,0.0,0.0,0.0,Wednesday,False,High,0.2263,0.193,0.144,0.663,positive,0.325,0.4375,0,-0.0711602823394434,-0.06766997434107028,Legacy Believers
Michael,MIC_0104,How this performs internationally will be fascinating. MJ's global brand is unprecedented. Real talk.,TikTok comments,,2025-09-12,2025-09-12T15:29:00,393,69,41,37,9,how this performs internationally will be fascinating mj's global brand is unprecedented real talk,performs internationally fascinating mj's global brand unprecedented real talk,6.5359666972333565,14,101,7.214285714285714,0.0396,0.0,0.0,0.0,0.0,Friday,False,Viral,0.5423,0.212,0.0,0.788,positive,0.3,0.41,0,-0.05413727783182414,-0.049008811835234235,Legacy Believers
Michael,MIC_0356,Biopic storytelling is hard. MJ's life is extraordinarily complex. Hoping they don't simplify. Thoughts?,Reddit,r/boxoffice,2025-08-26,2025-08-26T13:21:00,98,32,4,35,8,biopic storytelling is hard mj's life is extraordinarily complex hoping they don't simplify thoughts,biopic storytelling hard mj's life extraordinarily complex hoping don't simplify thoughts,5.25227342804663,14,104,7.428571428571429,0.0481,0.0,1.0,0.0,0.0,Tuesday,False,High,0.34,0.173,0.086,0.741,positive,-0.2958,0.4708,0,-0.03558143460904325,-0.008945901812828765,Legacy Believers
Michael,MIC_0336,Music biopics have a very specific commercial formula. MJ is the ultimate subject.,Reddit,r/movies,2025-10-27,2025-10-27T14:22:00,173,33,14,44,10,music biopics have a very specific commercial formula mj is the ultimate subject,music biopics specific commercial formula ultimate subject,5.698769932832657,13,82,6.3076923076923075,0.0366,0.0,0.0,0.0,0.0,Monday,False,High,0.0,0.0,0.0,1.0,neutral,-0.0417,0.374,0,-0.10692059846615813,-0.12192078180166867,Legacy Believers
Michael,MIC_0222,How this performs internationally will be fascinating. MJ's global brand is unprecedented.,YouTube comments,,2025-10-09,2025-10-09T18:09:00,172,26,2,41,10,how this performs internationally will be fascinating mj's global brand is unprecedented,performs internationally fascinating mj's global brand unprecedented,5.497168225293202,12,90,7.5,0.0333,0.0,0.0,0.0,0.0,Thursday,False,High,0.5423,0.241,0.0,0.759,positive,0.325,0.4375,0,-0.07421412781946046,-0.0685763902300151,Legacy Believers
Michael,MIC_0250,The estate controlling the narrative is a legitimate concern for journalistic integrity. Fight me.,YouTube comments,,2025-09-22,2025-09-22T00:59:00,216,23,9,39,9,the estate controlling the narrative is a legitimate concern for journalistic integrity fight me,estate controlling narrative legitimate concern journalistic integrity fight,5.70877001616724,14,98,7.0,0.0204,0.0,0.0,0.0,0.0,Monday,False,High,0.0,0.151,0.151,0.698,neutral,0.0,0.0,0,-0.029756528249990605,-0.010948023201349761,Legacy Believers
Michael,MIC_0024,The runtime reportedly over 2.5 hours. They'll need every minute for this story. Thoughts?,YouTube comments,,2025-10-27,2025-10-27T12:33:00,265,31,7,44,10,the runtime reportedly over 2 5 hours they'll need every minute for this story thoughts,runtime reportedly over hours they'll every minute story thoughts,5.898526551448713,14,90,6.428571428571429,0.0333,0.0,1.0,0.0,0.0,Monday,False,High,0.0,0.0,0.0,1.0,neutral,0.0,0.0,0,0.037481157426766845,-0.00931038507982645,Legacy Believers
Michael,MIC_0302,How this performs internationally will be fascinating. MJ's global brand is unprecedented. Thoughts?,TikTok comments,,2025-08-31,2025-08-31T19:15:00,108,22,10,35,8,how this performs internationally will be fascinating mj's global brand is unprecedented thoughts,performs internationally fascinating mj's global brand unprecedented thoughts,5.267858159063328,13,100,7.6923076923076925,0.04,0.0,1.0,0.0,0.0,Sunday,True,High,0.5423,0.226,0.0,0.774,positive,0.325,0.4375,0,-0.06796197664041373,-0.06840703730273756,Legacy Believers
Michael,MIC_0192,The decision to not address the allegations directly is a narrative choice with real consequences.,Twitter/X,,2025-08-02,2025-08-02T05:50:00,126,16,8,31,8,the decision to not address the allegations directly is a narrative choice with real consequences,decision address allegations directly narrative choice real consequences,5.25227342804663,15,98,6.533333333333333,0.0102,0.0,0.0,0.0,1.0,Saturday,True,High,0.0,0.0,0.0,1.0,neutral,0.15,0.35,0,-0.037873883627998574,0.10678002779680328,Legacy Believers
Michael,MIC_0099,Michael Jackson's cultural impact is genuinely underrepresented in cinema. This is overdue. Genuinely can't stop thinking about this.,Twitter/X,,2025-08-07,2025-08-07T17:29:00,316,35,38,32,8,michael jackson's cultural impact is genuinely underrepresented in cinema this is overdue genuinely can't stop thinking about this,michael jackson's cultural impact genuinely underrepresented cinema overdue genuinely can't stop thinking,6.250940027669582,18,133,7.388888888888889,0.0301,0.0,0.0,0.0,0.0,Thursday,False,Viral,0.2235,0.1,0.0,0.9,positive,0.3,0.3667,0,0.20463427603267298,0.0427564913469024,Legacy Believers
Michael,MIC_0079,The decision to cast his actual son is bold and beautiful. Can't imagine it going any other way. Genuinely can't stop thinking about this.,Twitter/X,,2025-09-12,2025-09-12T14:45:00,219,55,10,37,9,the decision to cast his actual son is bold and beautiful can't imagine it going any other way genuinely can't stop thinking about this,decision cast his actual son bold beautiful can't imagine other genuinely can't stop thinking,5.959715848793402,24,138,5.75,0.0217,0.0,0.0,0.0,0.0,Friday,False,High,0.812,0.285,0.0,0.715,positive,0.2917,0.5283,0,-0.11518353112716789,0.836397398791889,Legacy Believers
Michael,MIC_0035,Music biopics have a very specific commercial formula. MJ is the ultimate subject.,Instagram,,2025-08-03,2025-08-03T01:44:00,218,61,22,31,8,music biopics have a very specific commercial formula mj is the ultimate subject,music biopics specific commercial formula ultimate subject,6.081076705797669,13,82,6.3076923076923075,0.0366,0.0,0.0,0.0,0.0,Sunday,True,Viral,0.0,0.0,0.0,1.0,neutral,-0.0417,0.374,0,-0.10692059846615813,-0.12192078180166867,Legacy Believers
Michael,MIC_0387,The King of Pop on the big screen with full music rights. This is a historic moment for music cinema. Fight me.,Instagram,,2025-08-29,2025-08-29T10:22:00,145,55,5,35,8,the king of pop on the big screen with full music rights this is a historic moment for music cinema fight me,king pop big screen full music rights historic moment music cinema fight,5.698769932832657,22,111,5.045454545454546,0.045,0.0,0.0,1.0,0.0,Friday,False,High,-0.3818,0.0,0.11,0.89,negative,0.1167,0.2167,0,-0.05286022371784103,-0.0639293018761888,Legacy Believers
Michael,MIC_0172,This is a marketing and cultural experiment as much as it is a film. Thoughts?,Twitter/X,,2025-09-30,2025-09-30T17:03:00,121,22,2,40,9,this is a marketing and cultural experiment as much as it is a film thoughts,marketing cultural experiment film thoughts,5.209486152841421,15,78,5.2,0.0256,0.0,1.0,0.0,0.0,Tuesday,False,High,0.0,0.0,0.0,1.0,neutral,0.15,0.15,0,-0.03177461895310367,-0.007436390351674179,Legacy Believers
Michael,MIC_0141,Michael Jackson's story deserves to be told with this level of care. The trailer gave me chills. Can't wait.,Instagram,,2025-10-05,2025-10-05T16:44:00,114,13,13,40,10,michael jackson's story deserves to be told with this level of care the trailer gave me chills can't wait,michael jackson's story deserves told level care trailer gave chills can't wait,5.2284312390838705,19,108,5.684210526315789,0.037,0.0,0.0,2.0,0.0,Sunday,True,High,0.4939,0.151,0.0,0.849,positive,0.0,0.0,3,0.8364882719928168,0.03719329764865133,Cultural Analysts
Michael,MIC_0283,If they include the full Thriller sequence I will cry in the theater. Not a question. Hot take.,TikTok comments,,2025-08-04,2025-08-04T10:24:00,371,144,18,32,8,if they include the full thriller sequence i will cry in the theater not a question hot take,include full thriller sequence cry theater question hot take,6.666956792429207,18,95,5.277777777777778,0.0526,0.0,0.0,0.0,0.0,Monday,False,Viral,-0.4019,0.068,0.151,0.78,negative,0.3,0.7,0,-0.061096828629366884,-0.006159775010688448,Legacy Believers
Michael,MIC_0098,"Motown, Off the Wall, Thriller era all in one film? The scope is incredible. Hot take.",Twitter/X,,2025-08-19,2025-08-19T05:11:00,53,19,6,34,8,motown off the wall thriller era all in one film the scope is incredible hot take,motown off wall thriller era film scope incredible hot take,4.783316371371566,16,86,5.375,0.0698,0.0,1.0,1.0,0.0,Tuesday,False,High,0.1027,0.085,0.0,0.915,positive,0.575,0.875,0,-0.05186552651802588,-0.009926792730761731,Legacy Believers
Michael,MIC_0110,The box office upside here is massive if they can navigate the controversy cleanly. Thoughts?,YouTube comments,,2025-10-18,2025-10-18T21:10:00,273,61,28,42,10,the box office upside here is massive if they can navigate the controversy cleanly thoughts,box office upside massive navigate controversy cleanly thoughts,6.23539063760472,15,93,6.2,0.0215,0.0,1.0,0.0,0.0,Saturday,True,Viral,0.0,0.0,0.0,1.0,neutral,0.1833,0.85,0,-0.05325751934466124,-0.05213309786115037,Legacy Believers
Michael,MIC_0071,Biopic storytelling is hard. MJ's life is extraordinarily complex. Hoping they don't simplify. Genuinely can't stop thinking about this.,YouTube comments,,2025-09-18,2025-09-18T04:03:00,159,8,3,38,9,biopic storytelling is hard mj's life is extraordinarily complex hoping they don't simplify genuinely can't stop thinking about this,biopic storytelling hard mj's life extraordinarily complex hoping don't simplify genuinely can't stop thinking,5.241747015059643,19,136,7.157894736842105,0.0368,0.0,0.0,0.0,0.0,Thursday,False,High,0.5086,0.212,0.063,0.724,positive,-0.0639,0.4806,0,-0.04089976670110032,0.02695842472314233,Legacy Believers
Michael,MIC_0194,The music catalog alone makes this a theatrical experience. Needs to be seen on IMAX. Anyone else feel this way?,TikTok comments,,2025-08-12,2025-08-12T21:39:00,87,7,2,33,8,the music catalog alone makes this a theatrical experience needs to be seen on imax anyone else feel this way,music catalog alone makes theatrical experience needs seen imax anyone else,4.7140245909001735,20,112,5.6,0.0625,0.0,1.0,0.0,0.0,Tuesday,False,High,-0.25,0.0,0.095,0.905,negative,0.0,0.0,0,-0.12237907485903703,-0.2525638319394415,Legacy Believers
Michael,MIC_0152,If they include the full Thriller sequence I will cry in the theater. Not a question. Can't wait.,YouTube comments,,2025-09-03,2025-09-03T06:14:00,187,22,21,36,9,if they include the full thriller sequence i will cry in the theater not a question can't wait,include full thriller sequence cry theater question can't wait,5.723585101952381,18,97,5.388888888888889,0.0515,0.0,0.0,1.0,0.0,Wednesday,False,High,-0.4019,0.068,0.151,0.78,negative,0.35,0.55,0,-0.053589468145688664,0.029587166109607987,Legacy Believers
Michael,MIC_0115,Graham King producing means serious awards intentions here. Not just a cash grab. Anyone else feel this way?,YouTube comments,,2025-08-10,2025-08-10T16:16:00,155,28,14,32,8,graham king producing means serious awards intentions here not just a cash grab anyone else feel this way,graham king producing means serious awards intentions cash grab anyone else,5.5909869805108565,18,108,6.0,0.037,0.0,1.0,0.0,0.0,Sunday,True,High,0.4019,0.148,0.064,0.788,positive,-0.3333,0.6667,0,-0.04756932935957519,-0.02950162768081988,Legacy Believers
Michael,MIC_0005,I want to love this but the controversy makes it complicated. Conflicted. Thoughts?,Twitter/X,,2025-10-02,2025-10-02T16:55:00,110,13,13,40,10,i want to love this but the controversy makes it complicated conflicted thoughts,want love controversy makes complicated conflicted thoughts,5.206750173022546,13,83,6.384615384615385,0.0361,0.0,1.0,0.0,2.0,Thursday,False,High,0.4118,0.254,0.0,0.746,positive,0.0,0.8,1,-0.10036121913768943,-0.2142638612388627,Music Enthusiasts
Michael,MIC_0227,The marketing challenge for this film is one of the most complex in recent Hollywood history. Can't wait.,Twitter/X,,2025-10-27,2025-10-27T18:05:00,51,7,3,44,10,the marketing challenge for this film is one of the most complex in recent hollywood history can't wait,marketing challenge film most complex recent hollywood history can't wait,4.363098624788363,18,105,5.833333333333333,0.0286,0.0,0.0,1.0,0.0,Monday,False,High,0.0772,0.071,0.0,0.929,positive,0.0667,0.3833,0,-0.07431196522995322,0.027773192038797315,Legacy Believers
Michael,MIC_0179,The box office upside here is massive if they can navigate the controversy cleanly. Anyone else feel this way?,TikTok comments,,2025-10-02,2025-10-02T15:19:00,141,30,1,40,10,the box office upside here is massive if they can navigate the controversy cleanly anyone else feel this way,box office upside massive navigate controversy cleanly anyone else,5.393627546352362,19,110,5.7894736842105265,0.0182,0.0,1.0,0.0,0.0,Thursday,False,High,0.0,0.0,0.0,1.0,neutral,0.1833,0.85,0,-0.05768137101918677,-0.07009551283698841,Legacy Believers
Michael,MIC_0095,If they include the full Thriller sequence I will cry in the theater. Not a question.,YouTube comments,,2025-09-20,2025-09-20T17:18:00,216,51,6,38,9,if they include the full thriller sequence i will cry in the theater not a question,include full thriller sequence cry theater question,5.893024474294729,16,85,5.3125,0.0471,0.0,0.0,0.0,0.0,Saturday,True,High,-0.4019,0.076,0.168,0.757,negative,0.35,0.55,0,-0.05043930703971752,-0.006761933884591686,Legacy Believers
Michael,MIC_0128,I want to love this but the controversy makes it complicated. Conflicted. Real talk.,TikTok comments,,2025-08-30,2025-08-30T15:50:00,443,28,37,35,8,i want to love this but the controversy makes it complicated conflicted real talk,want love controversy makes complicated conflicted real talk,6.437751649736401,14,84,6.0,0.0357,0.0,0.0,0.0,2.0,Saturday,True,Viral,0.4118,0.238,0.0,0.762,positive,0.0667,0.6333,1,-0.08400765706674142,-0.1882124878159126,Music Enthusiasts
Michael,MIC_0224,The box office upside here is massive if they can navigate the controversy cleanly. Thoughts?,Twitter/X,,2025-08-17,2025-08-17T10:05:00,123,18,8,33,8,the box office upside here is massive if they can navigate the controversy cleanly thoughts,box office upside massive navigate controversy cleanly thoughts,5.262690188904886,15,93,6.2,0.0215,0.0,1.0,0.0,0.0,Sunday,True,High,0.0,0.0,0.0,1.0,neutral,0.1833,0.85,0,-0.05325751934466124,-0.05213309786115037,Legacy Believers
Michael,MIC_0417,The runtime reportedly over 2.5 hours. They'll need every minute for this story. Genuinely can't stop thinking about this.,YouTube comments,,2025-10-13,2025-10-13T00:54:00,71,23,4,42,10,the runtime reportedly over 2 5 hours they'll need every minute for this story genuinely can't stop thinking about this,runtime reportedly over hours they'll every minute story genuinely can't stop thinking,4.952299717083292,19,122,6.421052631578948,0.0246,0.0,0.0,0.0,0.0,Monday,False,High,0.2235,0.09,0.0,0.91,positive,0.4,0.5,0,0.0252835791791079,0.029867138337080067,Legacy Believers
Michael,MIC_0108,Strong performance from Jaafar but the script carries all the risk.,Instagram,,2025-09-30,2025-09-30T20:49:00,290,69,43,40,9,strong performance from jaafar but the script carries all the risk,strong performance jaafar script carries risk,6.384350873009287,11,67,6.090909090909091,0.0299,0.0,0.0,0.0,0.0,Tuesday,False,Viral,-0.128,0.156,0.192,0.652,negative,0.4333,0.7333,0,-0.039840619790357884,-0.03485174371560139,Legacy Believers
Michael,MIC_0001,I want to love this but the controversy makes it complicated. Conflicted. Genuinely can't stop thinking about this.,YouTube comments,,2025-08-05,2025-08-05T05:17:00,208,45,19,32,8,i want to love this but the controversy makes it complicated conflicted genuinely can't stop thinking about this,want love controversy makes complicated conflicted genuinely can't stop thinking,5.936216072877503,18,115,6.388888888888889,0.0261,0.0,0.0,0.0,2.0,Tuesday,False,High,0.6227,0.288,0.0,0.712,positive,0.1333,0.7,1,-0.10465612044499512,-0.14861538420441853,Music Enthusiasts
Michael,MIC_0191,Can't ignore the documentary accusations. This film feels like reputation rehabilitation. Anyone else feel this way?,Reddit,r/TrueFilm,2025-09-08,2025-09-08T06:23:00,162,15,12,37,9,can't ignore the documentary accusations this film feels like reputation rehabilitation anyone else feel this way,can't ignore documentary accusations film feels like reputation rehabilitation anyone else,5.465948207931988,16,116,7.25,0.0259,0.0,1.0,0.0,1.0,Monday,False,High,0.3204,0.232,0.116,0.653,positive,0.0,0.0,0,-0.06684306227303266,-0.004586249766484423,Legacy Believers
Michael,MIC_0043,Celebrating MJ's artistry while ignoring the serious allegations feels irresponsible. Genuinely can't stop thinking about this.,TikTok comments,,2025-08-06,2025-08-06T09:23:00,233,15,28,32,8,celebrating mj's artistry while ignoring the serious allegations feels irresponsible genuinely can't stop thinking about this,celebrating mj's artistry while ignoring serious allegations feels irresponsible genuinely can't stop thinking,5.873525249243295,16,127,7.9375,0.0315,0.0,0.0,0.0,2.0,Wednesday,False,High,-0.0803,0.238,0.294,0.468,negative,0.0333,0.5833,2,-0.08120894648678292,0.04015049128224233,Critical Observers
Michael,MIC_0307,How this performs internationally will be fascinating. MJ's global brand is unprecedented.,Reddit,r/Music,2025-10-21,2025-10-21T00:48:00,217,21,19,43,10,how this performs internationally will be fascinating mj's global brand is unprecedented,performs internationally fascinating mj's global brand unprecedented,5.791488055075306,12,90,7.5,0.0333,0.0,0.0,0.0,0.0,Tuesday,False,High,0.5423,0.241,0.0,0.759,positive,0.325,0.4375,0,-0.07421412781946046,-0.0685763902300151,Legacy Believers
Michael,MIC_0009,How this performs internationally will be fascinating. MJ's global brand is unprecedented. Thoughts?,Reddit,r/Music,2025-09-30,2025-09-30T18:35:00,139,30,10,40,9,how this performs internationally will be fascinating mj's global brand is unprecedented thoughts,performs internationally fascinating mj's global brand unprecedented thoughts,5.501258210544727,13,100,7.6923076923076925,0.04,0.0,1.0,0.0,0.0,Tuesday,False,High,0.5423,0.226,0.0,0.774,positive,0.325,0.4375,0,-0.06796197664041373,-0.06840703730273756,Legacy Believers
Michael,MIC_0149,Every music lover owes it to themselves to experience this in a theater. Can't wait.,Twitter/X,,2025-10-06,2025-10-06T17:00:00,282,45,40,41,10,every music lover owes it to themselves to experience this in a theater can't wait,every music lover owes themselves experience theater can't wait,6.245137303457015,15,84,5.6,0.0238,0.0,0.0,1.0,0.0,Monday,False,Viral,0.5859,0.213,0.0,0.787,positive,0.0,0.0,0,-0.07926925180493684,-0.04749917225768194,Legacy Believers
Michael,MIC_0305,Watching Jaafar Jackson embody his father is genuinely moving. The resemblance is uncanny. Fight me.,Reddit,r/TrueFilm,2025-09-26,2025-09-26T05:19:00,180,38,15,39,9,watching jaafar jackson embody his father is genuinely moving the resemblance is uncanny fight me,watching jaafar jackson embody his father genuinely moving resemblance uncanny fight,5.771441123130016,15,100,6.666666666666667,0.05,0.0,0.0,0.0,0.0,Friday,False,High,-0.3818,0.0,0.157,0.843,negative,0.4,0.5,0,0.02207372406518458,0.04986015122958722,Legacy Believers
Michael,MIC_0258,The box office upside here is massive if they can navigate the controversy cleanly. Thoughts?,Twitter/X,,2025-10-09,2025-10-09T04:25:00,211,53,28,41,10,the box office upside here is massive if they can navigate the controversy cleanly thoughts,box office upside massive navigate controversy cleanly thoughts,6.060290738037835,15,93,6.2,0.0215,0.0,1.0,0.0,0.0,Thursday,False,Viral,0.0,0.0,0.0,1.0,neutral,0.1833,0.85,0,-0.05325751934466124,-0.05213309786115037,Legacy Believers
Michael,MIC_0244,The music catalog alone makes this a theatrical experience. Needs to be seen on IMAX. Anyone else feel this way?,YouTube comments,,2025-10-12,2025-10-12T05:20:00,197,77,5,41,10,the music catalog alone makes this a theatrical experience needs to be seen on imax anyone else feel this way,music catalog alone makes theatrical experience needs seen imax anyone else,6.005120873555468,20,112,5.6,0.0625,0.0,1.0,0.0,0.0,Sunday,True,Viral,-0.25,0.0,0.095,0.905,negative,0.0,0.0,0,-0.12237907485903703,-0.2525638319394415,Legacy Believers
Michael,MIC_0350,The music catalog alone makes this a theatrical experience. Needs to be seen on IMAX. Real talk.,Reddit,r/MichaelJackson,2025-08-25,2025-08-25T04:02:00,144,11,14,35,8,the music catalog alone makes this a theatrical experience needs to be seen on imax real talk,music catalog alone makes theatrical experience needs seen imax real talk,5.368309738368072,17,96,5.647058823529412,0.0729,0.0,0.0,0.0,0.0,Monday,False,High,-0.25,0.0,0.111,0.889,negative,0.1,0.15,0,-0.10601988362822139,-0.2186692807399137,Legacy Believers
Michael,MIC_0144,Watching Jaafar Jackson embody his father is genuinely moving. The resemblance is uncanny. Genuinely can't stop thinking about this.,Instagram,,2025-09-05,2025-09-05T07:38:00,164,41,9,36,9,watching jaafar jackson embody his father is genuinely moving the resemblance is uncanny genuinely can't stop thinking about this,watching jaafar jackson embody his father genuinely moving resemblance uncanny genuinely can't stop thinking,5.685279003091641,19,132,6.947368421052632,0.0379,0.0,0.0,0.0,0.0,Friday,False,High,0.2235,0.095,0.0,0.905,positive,0.4,0.5,0,0.015832350257757578,0.08121709825074168,Legacy Believers
Michael,MIC_0171,The box office upside here is massive if they can navigate the controversy cleanly. Fight me.,YouTube comments,,2025-08-31,2025-08-31T21:16:00,136,15,1,35,8,the box office upside here is massive if they can navigate the controversy cleanly fight me,box office upside massive navigate controversy cleanly fight,5.178970608915471,16,93,5.8125,0.0215,0.0,0.0,0.0,0.0,Sunday,True,High,-0.3818,0.0,0.148,0.852,negative,0.1833,0.85,0,-0.058360902291191244,-0.053487600966570244,Legacy Believers
Michael,MIC_0029,Michael Jackson's story deserves to be told with this level of care. The trailer gave me chills.,Instagram,,2025-09-11,2025-09-11T16:12:00,267,81,38,37,9,michael jackson's story deserves to be told with this level of care the trailer gave me chills,michael jackson's story deserves told level care trailer gave chills,6.3707567809121235,17,96,5.647058823529412,0.0312,0.0,0.0,1.0,0.0,Thursday,False,Viral,0.4939,0.167,0.0,0.833,positive,0.0,0.0,3,0.9259049024441566,0.004126393473791651,Cultural Analysts
Michael,MIC_0245,Watching Jaafar Jackson embody his father is genuinely moving. The resemblance is uncanny. Thoughts?,Twitter/X,,2025-08-04,2025-08-04T10:56:00,147,50,4,32,8,watching jaafar jackson embody his father is genuinely moving the resemblance is uncanny thoughts,watching jaafar jackson embody his father genuinely moving resemblance uncanny thoughts,5.652489180268651,14,100,7.142857142857143,0.05,0.0,1.0,0.0,0.0,Monday,False,High,0.0,0.0,0.0,1.0,neutral,0.4,0.5,0,0.02644403382532463,0.05169239984602273,Legacy Believers
Michael,MIC_0148,Celebrating MJ's artistry while ignoring the serious allegations feels irresponsible. Fight me.,Instagram,,2025-08-09,2025-08-09T12:40:00,273,16,7,32,8,celebrating mj's artistry while ignoring the serious allegations feels irresponsible fight me,celebrating mj's artistry while ignoring serious allegations feels irresponsible fight,5.814130531825066,12,95,7.916666666666667,0.0421,0.0,0.0,0.0,2.0,Saturday,True,High,-0.5859,0.183,0.47,0.347,negative,-0.3333,0.6667,2,-0.08327069095910182,-0.0012160584993413828,Critical Observers
Michael,MIC_0064,"Beat It, Billie Jean, Man in the Mirror — on a cinema screen with surround sound. Come on.",Instagram,,2025-10-05,2025-10-05T05:44:00,158,31,14,40,10,beat it billie jean man in the mirror on a cinema screen with surround sound come on,beat billie jean man mirror cinema screen surround sound come,5.629418059367339,18,90,5.0,0.0778,0.0,0.0,0.0,0.0,Sunday,True,High,0.0,0.0,0.0,1.0,neutral,0.4,0.4,0,-0.022818893116518295,-0.020440340203216886,Legacy Believers
Michael,MIC_0376,"Motown, Off the Wall, Thriller era all in one film? The scope is incredible. Fight me.",YouTube comments,,2025-09-01,2025-09-01T07:20:00,175,9,12,36,9,motown off the wall thriller era all in one film the scope is incredible fight me,motown off wall thriller era film scope incredible fight,5.457455587886334,16,86,5.375,0.0698,0.0,1.0,1.0,0.0,Monday,False,High,-0.3597,0.077,0.158,0.765,negative,0.9,0.9,0,-0.04067110412767079,-0.014017932676474608,Legacy Believers
Michael,MIC_0180,Michael Jackson's story deserves to be told with this level of care. The trailer gave me chills. Real talk.,TikTok comments,,2025-09-17,2025-09-17T06:26:00,118,15,1,38,9,michael jackson's story deserves to be told with this level of care the trailer gave me chills real talk,michael jackson's story deserves told level care trailer gave chills real talk,5.072043922224899,19,107,5.631578947368421,0.0374,0.0,0.0,1.0,0.0,Wednesday,False,High,0.4939,0.151,0.0,0.849,positive,0.2,0.3,3,0.8795645939286983,0.0164337060845523,Cultural Analysts
Michael,MIC_0366,Every music lover owes it to themselves to experience this in a theater. Anyone else feel this way?,YouTube comments,,2025-08-06,2025-08-06T01:41:00,161,17,16,32,8,every music lover owes it to themselves to experience this in a theater anyone else feel this way,every music lover owes themselves experience theater anyone else,5.531411248715415,18,99,5.5,0.0202,0.0,1.0,0.0,0.0,Wednesday,False,High,0.5859,0.183,0.0,0.817,positive,0.0,0.0,0,-0.07462961399236864,-0.10804651447875167,Legacy Believers
Michael,MIC_0408,This is going to be emotionally overwhelming. I'm already not ready. Hot take.,TikTok comments,,2025-08-12,2025-08-12T06:46:00,201,78,26,33,8,this is going to be emotionally overwhelming i'm already not ready hot take,emotionally overwhelming i'm ready hot take,6.163314804034641,13,78,6.0,0.0385,0.0,0.0,3.0,0.0,Tuesday,False,Viral,-0.2755,0.0,0.15,0.85,negative,0.2167,0.7833,0,-0.04627694657020863,-0.004025297323533297,Legacy Believers
Michael,MIC_0213,The runtime reportedly over 2.5 hours. They'll need every minute for this story. Hot take.,YouTube comments,,2025-09-11,2025-09-11T19:15:00,230,62,28,37,9,the runtime reportedly over 2 5 hours they'll need every minute for this story hot take,runtime reportedly over hours they'll every minute story hot take,6.152732694704104,15,90,6.0,0.0333,0.0,0.0,0.0,0.0,Thursday,False,Viral,0.0,0.0,0.0,1.0,neutral,0.25,0.85,0,0.01921592878740095,-0.005803720439519661,Legacy Believers
Michael,MIC_0300,Michael Jackson's story deserves to be told with this level of care. The trailer gave me chills. Thoughts?,YouTube comments,,2025-08-22,2025-08-22T09:49:00,233,40,17,34,8,michael jackson's story deserves to be told with this level of care the trailer gave me chills thoughts,michael jackson's story deserves told level care trailer gave chills thoughts,5.953243334287785,18,106,5.888888888888889,0.0377,0.0,1.0,1.0,0.0,Friday,False,High,0.4939,0.158,0.0,0.842,positive,0.0,0.0,3,0.890241865551722,0.0002586056723317469,Cultural Analysts
Michael,MIC_0107,The decision to not address the allegations directly is a narrative choice with real consequences.,Instagram,,2025-09-21,2025-09-21T18:13:00,161,9,14,38,9,the decision to not address the allegations directly is a narrative choice with real consequences,decision address allegations directly narrative choice real consequences,5.422744944923089,15,98,6.533333333333333,0.0102,0.0,0.0,0.0,1.0,Sunday,True,High,0.0,0.0,0.0,1.0,neutral,0.15,0.35,0,-0.037873883627998574,0.10678002779680328,Legacy Believers
Michael,MIC_0070,Leaving Neverland made it impossible for me to separate the art from the artist here. Fight me.,Instagram,,2025-10-26,2025-10-26T23:57:00,126,47,13,43,10,leaving neverland made it impossible for me to separate the art from the artist here fight me,leaving neverland made impossible separate art artist fight,5.647212123167807,17,95,5.588235294117647,0.0316,0.0,0.0,0.0,0.0,Sunday,True,High,-0.3818,0.0,0.14,0.86,negative,-0.6667,1.0,0,-0.05049295477378178,-0.047771502358426206,Legacy Believers
Michael,MIC_0212,Can't ignore the documentary accusations. This film feels like reputation rehabilitation. Anyone else feel this way?,Instagram,,2025-09-10,2025-09-10T17:20:00,56,11,3,37,9,can't ignore the documentary accusations this film feels like reputation rehabilitation anyone else feel this way,can't ignore documentary accusations film feels like reputation rehabilitation anyone else,4.537961436294641,16,116,7.25,0.0259,0.0,1.0,0.0,1.0,Wednesday,False,High,0.3204,0.232,0.116,0.653,positive,0.0,0.0,0,-0.06684306227303266,-0.004586249766484423,Legacy Believers
Michael,MIC_0208,Biopic storytelling is hard. MJ's life is extraordinarily complex. Hoping they don't simplify. Genuinely can't stop thinking about this.,Instagram,,2025-08-10,2025-08-10T06:33:00,200,61,25,32,8,biopic storytelling is hard mj's life is extraordinarily complex hoping they don't simplify genuinely can't stop thinking about this,biopic storytelling hard mj's life extraordinarily complex hoping don't simplify genuinely can't stop thinking,6.060290738037835,19,136,7.157894736842105,0.0368,0.0,0.0,0.0,0.0,Sunday,True,Viral,0.5086,0.212,0.063,0.724,positive,-0.0639,0.4806,0,-0.04089976670110032,0.02695842472314233,Legacy Believers
Michael,MIC_0185,Michael Jackson's story deserves to be told with this level of care. The trailer gave me chills. Anyone else feel this way?,Reddit,r/TrueFilm,2025-09-04,2025-09-04T04:45:00,389,44,9,36,9,michael jackson's story deserves to be told with this level of care the trailer gave me chills anyone else feel this way,michael jackson's story deserves told level care trailer gave chills anyone else,6.267200548541362,22,123,5.590909090909091,0.0325,0.0,1.0,1.0,0.0,Thursday,False,Viral,0.4939,0.132,0.0,0.868,positive,0.0,0.0,3,0.8588103012248738,-0.018439636911755177,Cultural Analysts
Michael,MIC_0147,Music biopics have a very specific commercial formula. MJ is the ultimate subject. Genuinely can't stop thinking about this.,YouTube comments,,2025-09-01,2025-09-01T10:49:00,385,70,29,36,9,music biopics have a very specific commercial formula mj is the ultimate subject genuinely can't stop thinking about this,music biopics specific commercial formula ultimate subject genuinely can't stop thinking,6.473890696352274,19,124,6.526315789473684,0.0323,0.0,0.0,0.0,0.0,Monday,False,Viral,0.2235,0.095,0.0,0.905,positive,0.0467,0.3992,0,-0.10085961965484821,-0.06257329692879988,Legacy Believers
Michael,MIC_0209,The King of Pop on the big screen with full music rights. This is a historic moment for music cinema. Thoughts?,Twitter/X,,2025-10-24,2025-10-24T07:36:00,136,25,5,43,10,the king of pop on the big screen with full music rights this is a historic moment for music cinema thoughts,king pop big screen full music rights historic moment music cinema thoughts,5.368309738368072,21,111,5.285714285714286,0.045,0.0,1.0,1.0,0.0,Friday,False,High,0.0,0.0,0.0,1.0,neutral,0.1167,0.2167,0,-0.050380086462082176,-0.06462250933438671,Legacy Believers
Michael,MIC_0013,Strong performance from Jaafar but the script carries all the risk. Anyone else feel this way?,Twitter/X,,2025-10-17,2025-10-17T09:45:00,184,60,7,42,10,strong performance from jaafar but the script carries all the risk anyone else feel this way,strong performance jaafar script carries risk anyone else,5.87493073085203,16,94,5.875,0.0319,0.0,1.0,0.0,0.0,Friday,False,High,-0.128,0.114,0.141,0.745,negative,0.4333,0.7333,0,-0.04159432852845758,-0.05715810857592615,Legacy Believers
Michael,MIC_0188,The decision to cast his actual son is bold and beautiful. Can't imagine it going any other way. Real talk.,Reddit,r/TrueFilm,2025-09-02,2025-09-02T12:53:00,234,26,31,36,9,the decision to cast his actual son is bold and beautiful can't imagine it going any other way real talk,decision cast his actual son bold beautiful can't imagine other real talk,5.973809611869261,20,107,5.35,0.028,0.0,0.0,0.0,0.0,Tuesday,False,High,0.7579,0.265,0.0,0.735,positive,0.2517,0.4883,0,-0.10038414083529815,0.8449203714424813,Legacy Believers
Michael,MIC_0345,The fan base will love it. Everyone else will have questions about editorial choices. Anyone else feel this way?,Reddit,r/movies,2025-09-12,2025-09-12T12:36:00,26,4,0,37,9,the fan base will love it everyone else will have questions about editorial choices anyone else feel this way,fan base love everyone else questions editorial choices anyone else,3.610917912644224,19,112,5.894736842105263,0.0268,0.0,1.0,0.0,0.0,Friday,False,Medium,0.7579,0.277,0.0,0.723,positive,-0.15,0.8,0,-0.08784698882058702,-0.22133994569471852,Legacy Believers
Michael,MIC_0176,Music biopics have a very specific commercial formula. MJ is the ultimate subject. Genuinely can't stop thinking about this.,Instagram,,2025-10-09,2025-10-09T05:37:00,191,18,27,41,10,music biopics have a very specific commercial formula mj is the ultimate subject genuinely can't stop thinking about this,music biopics specific commercial formula ultimate subject genuinely can't stop thinking,5.762051382780177,19,124,6.526315789473684,0.0323,0.0,0.0,0.0,0.0,Thursday,False,High,0.2235,0.095,0.0,0.905,positive,0.0467,0.3992,0,-0.10085961965484821,-0.06257329692879988,Legacy Believers
Michael,MIC_0170,The decision to cast his actual son is bold and beautiful. Can't imagine it going any other way. Real talk.,TikTok comments,,2025-09-16,2025-09-16T23:37:00,246,50,32,38,9,the decision to cast his actual son is bold and beautiful can't imagine it going any other way real talk,decision cast his actual son bold beautiful can't imagine other real talk,6.148468295917647,20,107,5.35,0.028,0.0,0.0,0.0,0.0,Tuesday,False,Viral,0.7579,0.265,0.0,0.735,positive,0.2517,0.4883,0,-0.10038414083529815,0.8449203714424813,Legacy Believers
Michael,MIC_0008,Celebrating MJ's artistry while ignoring the serious allegations feels irresponsible.,TikTok comments,,2025-09-29,2025-09-29T16:25:00,156,18,9,40,9,celebrating mj's artistry while ignoring the serious allegations feels irresponsible,celebrating mj's artistry while ignoring serious allegations feels irresponsible,5.43372200355424,10,85,8.5,0.0353,0.0,0.0,0.0,2.0,Monday,False,High,-0.296,0.223,0.416,0.361,negative,-0.3333,0.6667,2,-0.08305082797998274,0.0023736825087638464,Critical Observers
Michael,MIC_0265,The fan base will love it. Everyone else will have questions about editorial choices. Fight me.,Instagram,,2025-08-31,2025-08-31T06:37:00,244,12,32,35,8,the fan base will love it everyone else will have questions about editorial choices fight me,fan base love everyone else questions editorial choices fight,5.916202062607435,16,95,5.9375,0.0316,0.0,0.0,0.0,0.0,Sunday,True,High,0.5994,0.294,0.118,0.588,positive,-0.15,0.8,0,-0.08934744825571043,-0.21190388636410523,Legacy Believers
Michael,MIC_0174,How this performs internationally will be fascinating. MJ's global brand is unprecedented. Real talk.,TikTok comments,,2025-10-20,2025-10-20T04:08:00,111,15,5,43,10,how this performs internationally will be fascinating mj's global brand is unprecedented real talk,performs internationally fascinating mj's global brand unprecedented real talk,5.1029105702054265,14,101,7.214285714285714,0.0396,0.0,0.0,0.0,0.0,Monday,False,High,0.5423,0.212,0.0,0.788,positive,0.3,0.41,0,-0.05413727783182414,-0.049008811835234235,Legacy Believers
Michael,MIC_0205,Graham King producing means serious awards intentions here. Not just a cash grab. Real talk.,YouTube comments,,2025-08-07,2025-08-07T11:14:00,133,35,12,32,8,graham king producing means serious awards intentions here not just a cash grab real talk,graham king producing means serious awards intentions cash grab real talk,5.551019720103791,15,92,6.133333333333334,0.0435,0.0,0.0,0.0,0.0,Thursday,False,High,0.4019,0.173,0.075,0.751,positive,-0.0667,0.4833,0,-0.03232529727822622,0.002840056918700697,Legacy Believers
Michael,MIC_0277,I want to love this but the controversy makes it complicated. Conflicted.,TikTok comments,,2025-08-02,2025-08-02T20:12:00,83,20,8,31,8,i want to love this but the controversy makes it complicated conflicted,want love controversy makes complicated conflicted,5.062595033026967,12,73,6.083333333333333,0.0274,0.0,0.0,0.0,2.0,Saturday,True,High,0.4118,0.273,0.0,0.727,positive,0.0,0.8,1,-0.11069809673054425,-0.2273156402178609,Music Enthusiasts
Michael,MIC_0332,The box office upside here is massive if they can navigate the controversy cleanly. Real talk.,Reddit,r/MichaelJackson,2025-09-10,2025-09-10T16:43:00,204,67,12,37,9,the box office upside here is massive if they can navigate the controversy cleanly real talk,box office upside massive navigate controversy cleanly real talk,6.012491914300058,16,94,5.875,0.0213,0.0,0.0,0.0,0.0,Wednesday,False,Viral,0.0,0.0,0.0,1.0,neutral,0.1,0.65,0,-0.040500386787364374,-0.034004855678380526,Legacy Believers
Michael,MIC_0187,Every music lover owes it to themselves to experience this in a theater. Fight me.,TikTok comments,,2025-08-11,2025-08-11T04:03:00,179,52,2,33,8,every music lover owes it to themselves to experience this in a theater fight me,every music lover owes themselves experience theater fight,5.755742213586912,15,82,5.466666666666667,0.0244,0.0,0.0,0.0,0.0,Monday,False,High,0.296,0.196,0.134,0.67,positive,0.0,0.0,0,-0.07405699910028117,-0.09012741756216382,Legacy Believers
Michael,MIC_0130,I want to love this but the controversy makes it complicated. Conflicted. Anyone else feel this way?,TikTok comments,,2025-08-11,2025-08-11T09:38:00,348,110,47,33,8,i want to love this but the controversy makes it complicated conflicted anyone else feel this way,want love controversy makes complicated conflicted anyone else,6.639875833826536,17,100,5.882352941176471,0.03,0.0,1.0,0.0,2.0,Monday,False,Viral,0.4118,0.2,0.0,0.8,positive,0.0,0.8,1,-0.10415719210655847,-0.22975346562482374,Music Enthusiasts
Michael,MIC_0121,"If they get the music and the movement right, this will be one of the most important biopics ever made. Anyone else feel this way?",Reddit,r/Music,2025-09-21,2025-09-21T19:36:00,187,69,15,38,9,if they get the music and the movement right this will be one of the most important biopics ever made anyone else feel this way,music movement right most important biopics ever made anyone else,6.005120873555468,25,130,5.2,0.0154,0.0,1.0,0.0,0.0,Sunday,True,Viral,0.2716,0.08,0.0,0.92,positive,0.3952,0.6786,0,-0.05559738570941372,-0.07457590643162988,Legacy Believers
Michael,MIC_0234,Michael Jackson's story deserves to be told with this level of care. The trailer gave me chills. Real talk.,Instagram,,2025-08-22,2025-08-22T01:18:00,194,54,3,34,8,michael jackson's story deserves to be told with this level of care the trailer gave me chills real talk,michael jackson's story deserves told level care trailer gave chills real talk,5.82600010738045,19,107,5.631578947368421,0.0374,0.0,0.0,1.0,0.0,Friday,False,High,0.4939,0.151,0.0,0.849,positive,0.2,0.3,3,0.8795645939286983,0.0164337060845523,Cultural Analysts
Michael,MIC_0047,The runtime reportedly over 2.5 hours. They'll need every minute for this story. Fight me.,YouTube comments,,2025-08-17,2025-08-17T22:46:00,180,64,6,33,8,the runtime reportedly over 2 5 hours they'll need every minute for this story fight me,runtime reportedly over hours they'll every minute story fight,5.883322388488279,15,90,6.0,0.0333,0.0,0.0,0.0,0.0,Sunday,True,High,-0.3818,0.0,0.148,0.852,negative,0.0,0.0,0,0.03391091679320576,-0.009494297878014988,Legacy Believers
Michael,MIC_0243,Celebrating MJ's artistry while ignoring the serious allegations feels irresponsible. Anyone else feel this way?,Twitter/X,,2025-08-26,2025-08-26T04:19:00,156,15,13,35,8,celebrating mj's artistry while ignoring the serious allegations feels irresponsible anyone else feel this way,celebrating mj's artistry while ignoring serious allegations feels irresponsible anyone else,5.453182077108952,15,112,7.466666666666667,0.0357,0.0,1.0,0.0,2.0,Tuesday,False,High,-0.296,0.171,0.319,0.509,negative,-0.3333,0.6667,2,-0.08371439437920934,-0.019785556983062284,Critical Observers
Michael,MIC_0131,The decision to not address the allegations directly is a narrative choice with real consequences. Real talk.,TikTok comments,,2025-08-01,2025-08-01T18:33:00,74,3,8,31,8,the decision to not address the allegations directly is a narrative choice with real consequences real talk,decision address allegations directly narrative choice real consequences real talk,4.66814498514948,17,109,6.411764705882353,0.0183,0.0,0.0,0.0,1.0,Friday,False,High,0.0,0.0,0.0,1.0,neutral,0.1667,0.3333,0,-0.022900118537635846,0.11162865631845614,Legacy Believers
Michael,MIC_0289,I grew up listening to MJ. This film feels like a love letter to an entire generation. Can't wait.,Reddit,r/boxoffice,2025-08-01,2025-08-01T09:59:00,87,26,7,31,8,i grew up listening to mj this film feels like a love letter to an entire generation can't wait,grew listening film feels like love letter entire generation can't wait,5.159055299214529,19,98,5.157894736842105,0.051,0.0,0.0,1.0,0.0,Friday,False,High,0.7717,0.283,0.0,0.717,positive,0.25,0.6125,0,-0.07580332150457245,-0.012707874669064367,Legacy Believers
Michael,MIC_0397,This is going to be emotionally overwhelming. I'm already not ready. Fight me.,Twitter/X,,2025-09-06,2025-09-06T05:11:00,213,79,23,36,9,this is going to be emotionally overwhelming i'm already not ready fight me,emotionally overwhelming i'm ready fight,6.174827228410347,13,78,6.0,0.0385,0.0,0.0,3.0,0.0,Saturday,True,Viral,0.0191,0.143,0.138,0.719,neutral,0.2,0.75,0,-0.026886030063849795,-0.010487677397542276,Legacy Believers
Michael,MIC_0294,Michael Jackson's cultural impact is genuinely underrepresented in cinema. This is overdue. Anyone else feel this way?,Reddit,r/MichaelJackson,2025-08-07,2025-08-07T04:01:00,288,104,24,32,8,michael jackson's cultural impact is genuinely underrepresented in cinema this is overdue anyone else feel this way,michael jackson's cultural impact genuinely underrepresented cinema overdue anyone else,6.431331081933479,17,118,6.9411764705882355,0.0339,0.0,1.0,0.0,0.0,Thursday,False,Viral,0.0,0.0,0.0,1.0,neutral,0.25,0.3,0,0.22837175615697203,-0.019600572841351093,Legacy Believers
Michael,MIC_0410,I want to love this but the controversy makes it complicated. Conflicted. Anyone else feel this way?,Instagram,,2025-09-30,2025-09-30T16:21:00,108,8,4,40,9,i want to love this but the controversy makes it complicated conflicted anyone else feel this way,want love controversy makes complicated conflicted anyone else,4.948759890378168,17,100,5.882352941176471,0.03,0.0,1.0,0.0,2.0,Tuesday,False,High,0.4118,0.2,0.0,0.8,positive,0.0,0.8,1,-0.10415719210655847,-0.22975346562482374,Music Enthusiasts
Michael,MIC_0038,The music catalog alone makes this a theatrical experience. Needs to be seen on IMAX. Anyone else feel this way?,YouTube comments,,2025-10-19,2025-10-19T03:18:00,66,24,5,42,10,the music catalog alone makes this a theatrical experience needs to be seen on imax anyone else feel this way,music catalog alone makes theatrical experience needs seen imax anyone else,4.955827057601261,20,112,5.6,0.0625,0.0,1.0,0.0,0.0,Sunday,True,High,-0.25,0.0,0.095,0.905,negative,0.0,0.0,0,-0.12237907485903703,-0.2525638319394415,Legacy Believers
Michael,MIC_0346,Michael Jackson's story deserves to be told with this level of care. The trailer gave me chills. Fight me.,YouTube comments,,2025-08-09,2025-08-09T17:14:00,188,35,21,32,8,michael jackson's story deserves to be told with this level of care the trailer gave me chills fight me,michael jackson's story deserves told level care trailer gave chills fight,5.827473946998751,19,106,5.578947368421052,0.0377,0.0,0.0,1.0,0.0,Saturday,True,High,0.1531,0.14,0.114,0.746,positive,0.0,0.0,3,0.8635118087820055,-6.098409650238789e-05,Cultural Analysts
Michael,MIC_0355,Michael Jackson's story deserves to be told with this level of care. The trailer gave me chills. Anyone else feel this way?,Reddit,r/MichaelJackson,2025-08-22,2025-08-22T18:04:00,124,40,9,34,8,michael jackson's story deserves to be told with this level of care the trailer gave me chills anyone else feel this way,michael jackson's story deserves told level care trailer gave chills anyone else,5.529429087511423,22,123,5.590909090909091,0.0325,0.0,1.0,1.0,0.0,Friday,False,High,0.4939,0.132,0.0,0.868,positive,0.0,0.0,3,0.8588103012248738,-0.018439636911755177,Cultural Analysts
Michael,MIC_0284,How this performs internationally will be fascinating. MJ's global brand is unprecedented. Anyone else feel this way?,Instagram,,2025-09-09,2025-09-09T22:54:00,220,40,20,37,9,how this performs internationally will be fascinating mj's global brand is unprecedented anyone else feel this way,performs internationally fascinating mj's global brand unprecedented anyone else,5.942799375126701,17,117,6.882352941176471,0.0342,0.0,1.0,0.0,0.0,Tuesday,False,High,0.5423,0.179,0.0,0.821,positive,0.325,0.4375,0,-0.07252210740477742,-0.08700828093333052,Legacy Believers
Michael,MIC_0135,Music biopics have a very specific commercial formula. MJ is the ultimate subject. Fight me.,TikTok comments,,2025-09-20,2025-09-20T23:08:00,227,57,26,38,9,music biopics have a very specific commercial formula mj is the ultimate subject fight me,music biopics specific commercial formula ultimate subject fight,6.105908681498851,15,92,6.133333333333334,0.0435,0.0,0.0,0.0,0.0,Saturday,True,Viral,-0.3818,0.0,0.157,0.843,negative,-0.0417,0.374,0,-0.10640132609715088,-0.12321856857962696,Legacy Believers
Michael,MIC_0040,The music catalog alone makes this a theatrical experience. Needs to be seen on IMAX. Real talk.,TikTok comments,,2025-08-27,2025-08-27T22:59:00,290,18,23,35,8,the music catalog alone makes this a theatrical experience needs to be seen on imax real talk,music catalog alone makes theatrical experience needs seen imax real talk,6.003887067106539,17,96,5.647058823529412,0.0729,0.0,0.0,0.0,0.0,Wednesday,False,Viral,-0.25,0.0,0.111,0.889,negative,0.1,0.15,0,-0.10601988362822139,-0.2186692807399137,Legacy Believers
Michael,MIC_0392,This is a marketing and cultural experiment as much as it is a film.,TikTok comments,,2025-08-17,2025-08-17T15:22:00,168,65,14,33,8,this is a marketing and cultural experiment as much as it is a film,marketing cultural experiment film,5.922918004572872,14,68,4.857142857142857,0.0147,0.0,0.0,0.0,0.0,Sunday,True,High,0.0,0.0,0.0,1.0,neutral,0.15,0.15,0,-0.0370914735465455,-0.0015877119263728802,Legacy Believers
Michael,MIC_0083,Watching Jaafar Jackson embody his father is genuinely moving. The resemblance is uncanny. Hot take.,Twitter/X,,2025-09-16,2025-09-16T09:13:00,409,50,23,38,9,watching jaafar jackson embody his father is genuinely moving the resemblance is uncanny hot take,watching jaafar jackson embody his father genuinely moving resemblance uncanny hot take,6.403574197934815,15,100,6.666666666666667,0.05,0.0,0.0,0.0,0.0,Tuesday,False,Viral,0.0,0.0,0.0,1.0,neutral,0.325,0.675,0,0.011350374260492083,0.053293165727997284,Legacy Believers
Michael,MIC_0218,Michael Jackson's cultural impact is genuinely underrepresented in cinema. This is overdue. Genuinely can't stop thinking about this.,TikTok comments,,2025-08-28,2025-08-28T23:04:00,208,51,18,35,8,michael jackson's cultural impact is genuinely underrepresented in cinema this is overdue genuinely can't stop thinking about this,michael jackson's cultural impact genuinely underrepresented cinema overdue genuinely can't stop thinking,5.967427969279741,18,133,7.388888888888889,0.0301,0.0,0.0,0.0,0.0,Thursday,False,High,0.2235,0.1,0.0,0.9,positive,0.3,0.3667,0,0.20463427603267298,0.0427564913469024,Legacy Believers
Michael,MIC_0210,How this performs internationally will be fascinating. MJ's global brand is unprecedented. Anyone else feel this way?,Instagram,,2025-10-21,2025-10-21T18:22:00,213,52,24,43,10,how this performs internationally will be fascinating mj's global brand is unprecedented anyone else feel this way,performs internationally fascinating mj's global brand unprecedented anyone else,6.030685260261263,17,117,6.882352941176471,0.0342,0.0,1.0,0.0,0.0,Tuesday,False,Viral,0.5423,0.179,0.0,0.821,positive,0.325,0.4375,0,-0.07252210740477742,-0.08700828093333052,Legacy Believers
Michael,MIC_0235,"Motown, Off the Wall, Thriller era all in one film? The scope is incredible. Genuinely can't stop thinking about this.",Reddit,r/boxoffice,2025-10-24,2025-10-24T08:42:00,242,92,4,43,10,motown off the wall thriller era all in one film the scope is incredible genuinely can't stop thinking about this,motown off wall thriller era film scope incredible genuinely can't stop thinking,6.184148890937483,20,118,5.9,0.0508,0.0,1.0,1.0,0.0,Friday,False,Viral,0.3719,0.165,0.0,0.835,positive,0.65,0.7,0,-0.04322094746412824,0.027433389680858813,Legacy Believers
Michael,MIC_0246,I want to love this but the controversy makes it complicated. Conflicted. Real talk.,TikTok comments,,2025-10-21,2025-10-21T23:17:00,216,67,27,43,10,i want to love this but the controversy makes it complicated conflicted real talk,want love controversy makes complicated conflicted real talk,6.143112096717122,14,84,6.0,0.0357,0.0,0.0,0.0,2.0,Tuesday,False,Viral,0.4118,0.238,0.0,0.762,positive,0.0667,0.6333,1,-0.08400765706674142,-0.1882124878159126,Music Enthusiasts
Michael,MIC_0207,How this performs internationally will be fascinating. MJ's global brand is unprecedented.,TikTok comments,,2025-09-17,2025-09-17T22:03:00,70,21,9,38,9,how this performs internationally will be fascinating mj's global brand is unprecedented,performs internationally fascinating mj's global brand unprecedented,5.01396308418893,12,90,7.5,0.0333,0.0,0.0,0.0,0.0,Wednesday,False,High,0.5423,0.241,0.0,0.759,positive,0.325,0.4375,0,-0.07421412781946046,-0.0685763902300151,Legacy Believers
Michael,MIC_0386,Music biopics have a very specific commercial formula. MJ is the ultimate subject. Thoughts?,Instagram,,2025-09-12,2025-09-12T07:34:00,139,44,4,37,9,music biopics have a very specific commercial formula mj is the ultimate subject thoughts,music biopics specific commercial formula ultimate subject thoughts,5.568344503761097,14,92,6.571428571428571,0.0435,0.0,1.0,0.0,0.0,Friday,False,High,0.0,0.0,0.0,1.0,neutral,-0.0417,0.374,0,-0.10231756492657897,-0.12331585445657918,Legacy Believers
Michael,MIC_0278,The music catalog alone makes this a theatrical experience. Needs to be seen on IMAX. Genuinely can't stop thinking about this.,TikTok comments,,2025-10-10,2025-10-10T10:49:00,196,14,10,41,10,the music catalog alone makes this a theatrical experience needs to be seen on imax genuinely can't stop thinking about this,music catalog alone makes theatrical experience needs seen imax genuinely can't stop thinking,5.568344503761097,21,127,6.0476190476190474,0.0551,0.0,0.0,0.0,0.0,Friday,False,High,-0.0289,0.082,0.087,0.83,neutral,0.2,0.25,0,-0.12071548740652839,-0.18083150418139637,Legacy Believers
Michael,MIC_0252,Strong performance from Jaafar but the script carries all the risk. Fight me.,Instagram,,2025-09-01,2025-09-01T13:25:00,116,33,15,36,9,strong performance from jaafar but the script carries all the risk fight me,strong performance jaafar script carries risk fight,5.499215308914927,13,77,5.923076923076923,0.039,0.0,0.0,0.0,0.0,Monday,False,High,-0.5994,0.118,0.332,0.549,negative,0.4333,0.7333,0,-0.039864566428123006,-0.036978771650871226,Legacy Believers
Michael,MIC_0202,"Beat It, Billie Jean, Man in the Mirror — on a cinema screen with surround sound. Come on. Thoughts?",Instagram,,2025-10-03,2025-10-03T17:09:00,144,26,12,40,10,beat it billie jean man in the mirror on a cinema screen with surround sound come on thoughts,beat billie jean man mirror cinema screen surround sound come thoughts,5.5053315359323625,19,100,5.2631578947368425,0.08,0.0,1.0,0.0,0.0,Friday,False,High,0.0,0.0,0.0,1.0,neutral,0.4,0.4,0,-0.020764696948921055,-0.02271938418976528,Legacy Believers
Michael,MIC_0389,The fan base will love it. Everyone else will have questions about editorial choices. Thoughts?,YouTube comments,,2025-09-07,2025-09-07T14:39:00,113,26,14,36,9,the fan base will love it everyone else will have questions about editorial choices thoughts,fan base love everyone else questions editorial choices thoughts,5.3981627015177525,15,95,6.333333333333333,0.0316,0.0,1.0,0.0,0.0,Sunday,True,High,0.7579,0.333,0.0,0.667,positive,-0.15,0.8,0,-0.08782452757722553,-0.21845781089832034,Legacy Believers
Michael,MIC_0261,Leaving Neverland made it impossible for me to separate the art from the artist here. Thoughts?,Instagram,,2025-10-05,2025-10-05T19:10:00,143,26,17,40,10,leaving neverland made it impossible for me to separate the art from the artist here thoughts,leaving neverland made impossible separate art artist thoughts,5.560681631015528,16,95,5.9375,0.0316,0.0,1.0,0.0,0.0,Sunday,True,High,0.0,0.0,0.0,1.0,neutral,-0.6667,1.0,0,-0.047751050691712704,-0.04898392460119057,Legacy Believers
Michael,MIC_0327,Graham King producing means serious awards intentions here. Not just a cash grab. Anyone else feel this way?,YouTube comments,,2025-10-29,2025-10-29T07:31:00,157,52,7,44,10,graham king producing means serious awards intentions here not just a cash grab anyone else feel this way,graham king producing means serious awards intentions cash grab anyone else,5.733341276897746,18,108,6.0,0.037,0.0,1.0,0.0,0.0,Wednesday,False,High,0.4019,0.148,0.064,0.788,positive,-0.3333,0.6667,0,-0.04756932935957519,-0.02950162768081988,Legacy Believers
Michael,MIC_0348,This is going to be emotionally overwhelming. I'm already not ready. Real talk.,Reddit,r/movies,2025-08-11,2025-08-11T14:48:00,291,69,42,33,8,this is going to be emotionally overwhelming i'm already not ready real talk,emotionally overwhelming i'm ready real talk,6.380969635637417,13,79,6.076923076923077,0.038,0.0,0.0,3.0,0.0,Monday,False,Viral,-0.2755,0.0,0.15,0.85,negative,0.2,0.6,0,-0.0049846213064847125,0.01325277443454973,Legacy Believers
Michael,MIC_0048,"If they get the music and the movement right, this will be one of the most important biopics ever made. Anyone else feel this way?",Reddit,r/boxoffice,2025-10-26,2025-10-26T14:11:00,209,53,25,43,10,if they get the music and the movement right this will be one of the most important biopics ever made anyone else feel this way,music movement right most important biopics ever made anyone else,6.0342845442909105,25,130,5.2,0.0154,0.0,1.0,0.0,0.0,Sunday,True,Viral,0.2716,0.08,0.0,0.92,positive,0.3952,0.6786,0,-0.05559738570941372,-0.07457590643162988,Legacy Believers
Michael,MIC_0377,I want to love this but the controversy makes it complicated. Conflicted. Can't wait.,Instagram,,2025-08-01,2025-08-01T13:02:00,230,23,20,31,8,i want to love this but the controversy makes it complicated conflicted can't wait,want love controversy makes complicated conflicted can't wait,5.853638230200579,14,85,6.071428571428571,0.0353,0.0,0.0,1.0,2.0,Friday,False,High,0.4118,0.238,0.0,0.762,positive,0.0,0.8,1,-0.11091366145326334,-0.16795784765293728,Music Enthusiasts
Michael,MIC_0186,Celebrating MJ's artistry while ignoring the serious allegations feels irresponsible.,Twitter/X,,2025-09-13,2025-09-13T13:19:00,187,19,14,37,9,celebrating mj's artistry while ignoring the serious allegations feels irresponsible,celebrating mj's artistry while ignoring serious allegations feels irresponsible,5.625820933186489,10,85,8.5,0.0353,0.0,0.0,0.0,2.0,Saturday,True,High,-0.296,0.223,0.416,0.361,negative,-0.3333,0.6667,2,-0.08305082797998274,0.0023736825087638464,Critical Observers
Michael,MIC_0058,This is going to be emotionally overwhelming. I'm already not ready. Can't wait.,YouTube comments,,2025-08-29,2025-08-29T14:21:00,254,43,31,35,8,this is going to be emotionally overwhelming i'm already not ready can't wait,emotionally overwhelming i'm ready can't wait,6.121395716700013,13,80,6.153846153846154,0.0375,0.0,0.0,4.0,0.0,Friday,False,Viral,-0.2755,0.0,0.15,0.85,negative,0.2,0.75,0,-0.03211007186105606,0.04375891791400232,Legacy Believers
Michael,MIC_0301,Leaving Neverland made it impossible for me to separate the art from the artist here. Anyone else feel this way?,Instagram,,2025-08-14,2025-08-14T10:35:00,208,39,22,33,8,leaving neverland made it impossible for me to separate the art from the artist here anyone else feel this way,leaving neverland made impossible separate art artist anyone else,5.920237037819614,20,112,5.6,0.0268,0.0,1.0,0.0,0.0,Thursday,False,High,0.0,0.0,0.0,1.0,neutral,-0.6667,1.0,0,-0.051624831275308175,-0.0661152133263111,Legacy Believers
Michael,MIC_0050,The fan base will love it. Everyone else will have questions about editorial choices. Thoughts?,YouTube comments,,2025-09-10,2025-09-10T00:45:00,230,15,10,37,9,the fan base will love it everyone else will have questions about editorial choices thoughts,fan base love everyone else questions editorial choices thoughts,5.698769932832657,15,95,6.333333333333333,0.0316,0.0,1.0,0.0,0.0,Wednesday,False,High,0.7579,0.333,0.0,0.667,positive,-0.15,0.8,0,-0.08782452757722553,-0.21845781089832034,Legacy Believers
Michael,MIC_0404,Music biopics have a very specific commercial formula. MJ is the ultimate subject. Thoughts?,TikTok comments,,2025-09-27,2025-09-27T11:05:00,193,36,24,39,9,music biopics have a very specific commercial formula mj is the ultimate subject thoughts,music biopics specific commercial formula ultimate subject thoughts,5.87493073085203,14,92,6.571428571428571,0.0435,0.0,1.0,0.0,0.0,Saturday,True,High,0.0,0.0,0.0,1.0,neutral,-0.0417,0.374,0,-0.10231756492657897,-0.12331585445657918,Legacy Believers
Michael,MIC_0365,The sonic experience of this film is going to be unmatched. Pop history on screen. Can't wait.,YouTube comments,,2025-08-07,2025-08-07T06:07:00,131,35,5,32,8,the sonic experience of this film is going to be unmatched pop history on screen can't wait,sonic experience film unmatched pop history screen can't wait,5.457455587886334,17,94,5.529411764705882,0.0319,0.0,0.0,1.0,0.0,Thursday,False,High,-0.0772,0.0,0.075,0.925,negative,0.0,0.0,0,-0.0911303042287886,-0.017497886069737817,Legacy Believers
Michael,MIC_0340,Strong performance from Jaafar but the script carries all the risk. Genuinely can't stop thinking about this.,YouTube comments,,2025-09-11,2025-09-11T08:10:00,223,81,26,37,9,strong performance from jaafar but the script carries all the risk genuinely can't stop thinking about this,strong performance jaafar script carries risk genuinely can't stop thinking,6.223567839793664,17,109,6.411764705882353,0.0275,0.0,0.0,0.0,0.0,Thursday,False,Viral,0.21,0.212,0.125,0.663,positive,0.4167,0.6167,0,-0.04346541541361789,0.013752389273425866,Legacy Believers
Michael,MIC_0084,This is a marketing and cultural experiment as much as it is a film. Fight me.,Instagram,,2025-08-15,2025-08-15T21:22:00,268,83,27,33,8,this is a marketing and cultural experiment as much as it is a film fight me,marketing cultural experiment film fight,6.323462503334274,16,78,4.875,0.0256,0.0,0.0,0.0,0.0,Friday,False,Viral,-0.3818,0.0,0.148,0.852,negative,0.15,0.15,0,-0.03615060017943746,-0.007588824322916726,Legacy Believers
Michael,MIC_0077,How this performs internationally will be fascinating. MJ's global brand is unprecedented. Hot take.,Instagram,,2025-08-25,2025-08-25T09:28:00,113,34,4,35,8,how this performs internationally will be fascinating mj's global brand is unprecedented hot take,performs internationally fascinating mj's global brand unprecedented hot take,5.351858133476067,14,100,7.142857142857143,0.04,0.0,0.0,0.0,0.0,Monday,False,High,0.5423,0.212,0.0,0.788,positive,0.31,0.52,0,-0.08593767154215105,-0.06339860055137596,Legacy Believers
Michael,MIC_0360,Every music lover owes it to themselves to experience this in a theater. Real talk.,Twitter/X,,2025-08-01,2025-08-01T05:59:00,162,57,3,31,8,every music lover owes it to themselves to experience this in a theater real talk,every music lover owes themselves experience theater real talk,5.750984076140496,15,83,5.533333333333333,0.0241,0.0,0.0,0.0,0.0,Friday,False,High,0.5859,0.213,0.0,0.787,positive,0.2,0.3,0,-0.05591773621975285,-0.06964648574447595,Legacy Believers
Michael,MIC_0308,I grew up listening to MJ. This film feels like a love letter to an entire generation. Anyone else feel this way?,YouTube comments,,2025-09-27,2025-09-27T06:13:00,179,27,17,39,9,i grew up listening to mj this film feels like a love letter to an entire generation anyone else feel this way,grew listening film feels like love letter entire generation anyone else,5.698769932832657,22,113,5.136363636363637,0.0442,0.0,1.0,0.0,0.0,Saturday,True,High,0.7717,0.251,0.0,0.749,positive,0.25,0.6125,0,-0.07451398961681797,-0.06681359245087681,Legacy Believers
Michael,MIC_0129,The sonic experience of this film is going to be unmatched. Pop history on screen. Real talk.,TikTok comments,,2025-10-29,2025-10-29T18:06:00,103,34,14,44,10,the sonic experience of this film is going to be unmatched pop history on screen real talk,sonic experience film unmatched pop history screen real talk,5.442417710521793,17,93,5.470588235294118,0.0323,0.0,0.0,0.0,0.0,Wednesday,False,High,-0.0772,0.0,0.075,0.925,negative,0.2,0.3,0,-0.06884575627240298,-0.04275570024518528,Legacy Believers
Michael,MIC_0118,The decision to cast his actual son is bold and beautiful. Can't imagine it going any other way. Can't wait.,Twitter/X,,2025-08-16,2025-08-16T21:14:00,174,18,16,33,8,the decision to cast his actual son is bold and beautiful can't imagine it going any other way can't wait,decision cast his actual son bold beautiful can't imagine other can't wait,5.5909869805108565,20,108,5.4,0.0278,0.0,0.0,1.0,0.0,Saturday,True,High,0.7579,0.265,0.0,0.735,positive,0.2646,0.5354,0,-0.11684781240705619,0.8479766106844507,Legacy Believers
Michael,MIC_0296,Graham King producing means serious awards intentions here. Not just a cash grab. Fight me.,Instagram,,2025-10-25,2025-10-25T17:05:00,133,21,16,43,10,graham king producing means serious awards intentions here not just a cash grab fight me,graham king producing means serious awards intentions cash grab fight,5.457455587886334,15,91,6.066666666666666,0.044,0.0,0.0,0.0,0.0,Saturday,True,High,0.0258,0.159,0.206,0.635,neutral,-0.3333,0.6667,0,-0.04730107835196491,-0.0128010357927692,Legacy Believers
Michael,MIC_0381,Graham King producing means serious awards intentions here. Not just a cash grab.,YouTube comments,,2025-09-21,2025-09-21T05:50:00,145,46,19,38,9,graham king producing means serious awards intentions here not just a cash grab,graham king producing means serious awards intentions cash grab,5.762051382780177,13,81,6.230769230769231,0.037,0.0,0.0,0.0,0.0,Sunday,True,High,0.4019,0.196,0.085,0.719,positive,-0.3333,0.6667,0,-0.046468040023617145,-0.009628678794008002,Legacy Believers
Michael,MIC_0226,The sonic experience of this film is going to be unmatched. Pop history on screen. Anyone else feel this way?,YouTube comments,,2025-10-13,2025-10-13T06:35:00,131,15,8,42,10,the sonic experience of this film is going to be unmatched pop history on screen anyone else feel this way,sonic experience film unmatched pop history screen anyone else,5.2652775124698366,20,109,5.45,0.0275,0.0,1.0,0.0,0.0,Monday,False,High,-0.0772,0.0,0.064,0.936,negative,0.0,0.0,0,-0.08587953275648719,-0.0805102935178571,Legacy Believers
Michael,MIC_0169,How this performs internationally will be fascinating. MJ's global brand is unprecedented. Real talk.,Reddit,r/movies,2025-10-23,2025-10-23T09:45:00,368,62,19,43,10,how this performs internationally will be fascinating mj's global brand is unprecedented real talk,performs internationally fascinating mj's global brand unprecedented real talk,6.364750756851911,14,101,7.214285714285714,0.0396,0.0,0.0,0.0,0.0,Thursday,False,Viral,0.5423,0.212,0.0,0.788,positive,0.3,0.41,0,-0.05413727783182414,-0.049008811835234235,Legacy Believers
Michael,MIC_0267,Music biopics have a very specific commercial formula. MJ is the ultimate subject. Genuinely can't stop thinking about this.,Instagram,,2025-08-07,2025-08-07T05:09:00,173,42,21,32,8,music biopics have a very specific commercial formula mj is the ultimate subject genuinely can't stop thinking about this,music biopics specific commercial formula ultimate subject genuinely can't stop thinking,5.834810737062605,19,124,6.526315789473684,0.0323,0.0,0.0,0.0,0.0,Thursday,False,High,0.2235,0.095,0.0,0.905,positive,0.0467,0.3992,0,-0.10085961965484821,-0.06257329692879988,Legacy Believers
Michael,MIC_0337,Michael Jackson's cultural impact is genuinely underrepresented in cinema. This is overdue. Genuinely can't stop thinking about this.,TikTok comments,,2025-08-08,2025-08-08T19:42:00,228,14,22,32,8,michael jackson's cultural impact is genuinely underrepresented in cinema this is overdue genuinely can't stop thinking about this,michael jackson's cultural impact genuinely underrepresented cinema overdue genuinely can't stop thinking,5.799092654460526,18,133,7.388888888888889,0.0301,0.0,0.0,0.0,0.0,Friday,False,High,0.2235,0.1,0.0,0.9,positive,0.3,0.3667,0,0.20463427603267298,0.0427564913469024,Legacy Believers
Michael,MIC_0056,The fan base will love it. Everyone else will have questions about editorial choices. Fight me.,TikTok comments,,2025-08-03,2025-08-03T03:25:00,268,105,30,31,8,the fan base will love it everyone else will have questions about editorial choices fight me,fan base love everyone else questions editorial choices fight,6.432135910950766,16,95,5.9375,0.0316,0.0,0.0,0.0,0.0,Sunday,True,Viral,0.5994,0.294,0.118,0.588,positive,-0.15,0.8,0,-0.08934744825571043,-0.21190388636410523,Legacy Believers
Michael,MIC_0068,The music catalog alone makes this a theatrical experience. Needs to be seen on IMAX. Hot take.,Instagram,,2025-09-07,2025-09-07T21:22:00,116,14,4,36,9,the music catalog alone makes this a theatrical experience needs to be seen on imax hot take,music catalog alone makes theatrical experience needs seen imax hot take,5.099866427824199,17,95,5.588235294117647,0.0737,0.0,0.0,0.0,0.0,Sunday,True,High,-0.25,0.0,0.111,0.889,negative,0.125,0.425,0,-0.12908613152633394,-0.22166393549358923,Legacy Believers
Michael,MIC_0189,Michael Jackson's story deserves to be told with this level of care. The trailer gave me chills. Thoughts?,Twitter/X,,2025-08-05,2025-08-05T06:29:00,135,43,9,32,8,michael jackson's story deserves to be told with this level of care the trailer gave me chills thoughts,michael jackson's story deserves told level care trailer gave chills thoughts,5.600272098286537,18,106,5.888888888888889,0.0377,0.0,1.0,1.0,0.0,Tuesday,False,High,0.4939,0.158,0.0,0.842,positive,0.0,0.0,3,0.890241865551722,0.0002586056723317469,Cultural Analysts
Michael,MIC_0031,The box office upside here is massive if they can navigate the controversy cleanly. Genuinely can't stop thinking about this.,Twitter/X,,2025-09-07,2025-09-07T14:46:00,322,108,16,36,9,the box office upside here is massive if they can navigate the controversy cleanly genuinely can't stop thinking about this,box office upside massive navigate controversy cleanly genuinely can't stop thinking,6.46302945692067,20,125,6.25,0.016,0.0,0.0,0.0,0.0,Sunday,True,Viral,0.2235,0.09,0.0,0.91,positive,0.2,0.75,0,-0.058372454222067265,-0.003268249963436866,Legacy Believers
Michael,MIC_0102,Celebrating MJ's artistry while ignoring the serious allegations feels irresponsible. Hot take.,Instagram,,2025-10-12,2025-10-12T18:23:00,78,12,7,41,10,celebrating mj's artistry while ignoring the serious allegations feels irresponsible hot take,celebrating mj's artistry while ignoring serious allegations feels irresponsible hot take,4.867534450455582,12,95,7.916666666666667,0.0421,0.0,0.0,0.0,2.0,Sunday,True,High,-0.296,0.199,0.371,0.43,negative,-0.0417,0.7583,2,-0.09019180103909216,0.0020989230954284767,Critical Observers
Michael,MIC_0229,The sonic experience of this film is going to be unmatched. Pop history on screen. Genuinely can't stop thinking about this.,Twitter/X,,2025-09-26,2025-09-26T19:09:00,120,31,17,39,9,the sonic experience of this film is going to be unmatched pop history on screen genuinely can't stop thinking about this,sonic experience film unmatched pop history screen genuinely can't stop thinking,5.519458915191573,21,124,5.904761904761905,0.0242,0.0,0.0,0.0,0.0,Friday,False,High,0.1501,0.085,0.059,0.856,positive,0.4,0.5,0,-0.08425691998283968,-0.009556418466542144,Legacy Believers
Michael,MIC_0155,The decision to not address the allegations directly is a narrative choice with real consequences. Genuinely can't stop thinking about this.,YouTube comments,,2025-09-05,2025-09-05T12:14:00,131,51,18,36,9,the decision to not address the allegations directly is a narrative choice with real consequences genuinely can't stop thinking about this,decision address allegations directly narrative choice real consequences genuinely can't stop thinking,5.7477993600729755,21,140,6.666666666666667,0.0143,0.0,0.0,0.0,1.0,Friday,False,High,0.2235,0.086,0.0,0.914,positive,0.2333,0.4,0,-0.04158788856604137,0.1365221736371016,Legacy Believers
Michael,MIC_0248,Graham King producing means serious awards intentions here. Not just a cash grab. Can't wait.,Instagram,,2025-08-11,2025-08-11T22:49:00,97,12,1,33,8,graham king producing means serious awards intentions here not just a cash grab can't wait,graham king producing means serious awards intentions cash grab can't wait,4.875197323201151,15,93,6.2,0.043,0.0,0.0,1.0,0.0,Monday,False,High,0.4019,0.173,0.075,0.751,positive,-0.3333,0.6667,0,-0.04979943353122274,0.022588013758308812,Legacy Believers
Michael,MIC_0049,The marketing challenge for this film is one of the most complex in recent Hollywood history. Real talk.,TikTok comments,,2025-08-17,2025-08-17T15:58:00,194,11,20,33,8,the marketing challenge for this film is one of the most complex in recent hollywood history real talk,marketing challenge film most complex recent hollywood history real talk,5.643678550586496,18,104,5.777777777777778,0.0288,0.0,0.0,0.0,0.0,Sunday,True,High,0.0772,0.071,0.0,0.929,positive,0.1,0.3625,0,-0.05687643955529586,0.006615678256374151,Legacy Believers
Michael,MIC_0232,The music catalog alone makes this a theatrical experience. Needs to be seen on IMAX. Thoughts?,TikTok comments,,2025-10-08,2025-10-08T06:13:00,163,35,9,41,10,the music catalog alone makes this a theatrical experience needs to be seen on imax thoughts,music catalog alone makes theatrical experience needs seen imax thoughts,5.629418059367339,16,95,5.9375,0.0737,0.0,1.0,0.0,0.0,Wednesday,False,High,-0.25,0.0,0.118,0.882,negative,0.0,0.0,0,-0.1208555675421463,-0.24239398322716202,Legacy Believers
Michael,MIC_0175,The box office upside here is massive if they can navigate the controversy cleanly. Anyone else feel this way?,Reddit,r/movies,2025-09-30,2025-09-30T14:55:00,186,32,25,40,9,the box office upside here is massive if they can navigate the controversy cleanly anyone else feel this way,box office upside massive navigate controversy cleanly anyone else,5.834810737062605,19,110,5.7894736842105265,0.0182,0.0,1.0,0.0,0.0,Tuesday,False,High,0.0,0.0,0.0,1.0,neutral,0.1833,0.85,0,-0.05768137101918677,-0.07009551283698841,Legacy Believers
Michael,MIC_0321,This is a marketing and cultural experiment as much as it is a film. Thoughts?,Instagram,,2025-09-13,2025-09-13T17:49:00,116,29,11,37,9,this is a marketing and cultural experiment as much as it is a film thoughts,marketing cultural experiment film thoughts,5.404927101606295,15,78,5.2,0.0256,0.0,1.0,0.0,0.0,Saturday,True,High,0.0,0.0,0.0,1.0,neutral,0.15,0.15,0,-0.03177461895310367,-0.007436390351674179,Legacy Believers
Michael,MIC_0219,"Beat It, Billie Jean, Man in the Mirror — on a cinema screen with surround sound. Come on. Hot take.",YouTube comments,,2025-10-29,2025-10-29T18:52:00,214,47,29,44,10,beat it billie jean man in the mirror on a cinema screen with surround sound come on hot take,beat billie jean man mirror cinema screen surround sound come hot take,6.0390635259072605,20,100,5.0,0.08,0.0,0.0,0.0,0.0,Wednesday,False,Viral,0.0,0.0,0.0,1.0,neutral,0.325,0.625,0,-0.0343893599731287,-0.019270508639634327,Legacy Believers
Michael,MIC_0306,This is a marketing and cultural experiment as much as it is a film. Real talk.,Reddit,r/TrueFilm,2025-09-18,2025-09-18T10:31:00,93,26,8,38,9,this is a marketing and cultural experiment as much as it is a film real talk,marketing cultural experiment film real talk,5.209486152841421,16,79,4.9375,0.0253,0.0,0.0,0.0,0.0,Thursday,False,High,0.0,0.0,0.0,1.0,neutral,0.1667,0.2,0,-0.014083174164451503,0.015351010528252648,Legacy Believers
Michael,MIC_0242,The marketing challenge for this film is one of the most complex in recent Hollywood history. Can't wait.,YouTube comments,,2025-09-09,2025-09-09T19:21:00,252,63,17,37,9,the marketing challenge for this film is one of the most complex in recent hollywood history can't wait,marketing challenge film most complex recent hollywood history can't wait,6.134482053942907,18,105,5.833333333333333,0.0286,0.0,0.0,1.0,0.0,Tuesday,False,Viral,0.0772,0.071,0.0,0.929,positive,0.0667,0.3833,0,-0.07431196522995322,0.027773192038797315,Legacy Believers
Michael,MIC_0317,The choreography in the trailer already looks stunning. They clearly invested in getting it right. Real talk.,Instagram,,2025-08-31,2025-08-31T22:32:00,135,34,17,35,8,the choreography in the trailer already looks stunning they clearly invested in getting it right real talk,choreography trailer looks stunning clearly invested getting right real talk,5.605802066295998,17,109,6.411764705882353,0.0275,0.0,0.0,2.0,0.0,Sunday,True,High,0.6486,0.261,0.0,0.739,positive,0.2714,0.5548,0,0.045474146661278775,0.0005983766738812067,Legacy Believers
Michael,MIC_0020,"Motown, Off the Wall, Thriller era all in one film? The scope is incredible. Hot take.",Twitter/X,,2025-10-25,2025-10-25T11:32:00,279,66,33,43,10,motown off the wall thriller era all in one film the scope is incredible hot take,motown off wall thriller era film scope incredible hot take,6.298949246855942,16,86,5.375,0.0698,0.0,1.0,1.0,0.0,Saturday,True,Viral,0.1027,0.085,0.0,0.915,positive,0.575,0.875,0,-0.05186552651802588,-0.009926792730761731,Legacy Believers
Michael,MIC_0003,Michael Jackson's cultural impact is genuinely underrepresented in cinema. This is overdue.,YouTube comments,,2025-09-13,2025-09-13T09:19:00,389,56,24,37,9,michael jackson's cultural impact is genuinely underrepresented in cinema this is overdue,michael jackson's cultural impact genuinely underrepresented cinema overdue,6.400257445308821,12,91,7.583333333333333,0.033,0.0,0.0,0.0,0.0,Saturday,True,Viral,0.0,0.0,0.0,1.0,neutral,0.25,0.3,0,0.2523006806418918,0.004325690428033121,Legacy Believers
Michael,MIC_0010,Leaving Neverland made it impossible for me to separate the art from the artist here. Hot take.,Twitter/X,,2025-10-28,2025-10-28T02:18:00,120,43,13,44,10,leaving neverland made it impossible for me to separate the art from the artist here hot take,leaving neverland made impossible separate art artist hot take,5.589119566336061,17,95,5.588235294117647,0.0316,0.0,0.0,0.0,0.0,Tuesday,False,High,0.0,0.0,0.0,1.0,neutral,-0.2083,0.925,0,-0.06227004149191058,-0.04184549087817376,Legacy Believers
Michael,MIC_0311,Leaving Neverland made it impossible for me to separate the art from the artist here.,Reddit,r/TrueFilm,2025-09-06,2025-09-06T00:15:00,165,64,4,36,9,leaving neverland made it impossible for me to separate the art from the artist here,leaving neverland made impossible separate art artist,5.823045895483019,15,85,5.666666666666667,0.0235,0.0,0.0,0.0,0.0,Saturday,True,High,0.0,0.0,0.0,1.0,neutral,-0.6667,1.0,0,-0.05162862455587689,-0.04693266659055637,Legacy Believers
Michael,MIC_0109,I grew up listening to MJ. This film feels like a love letter to an entire generation. Hot take.,YouTube comments,,2025-09-07,2025-09-07T04:29:00,273,98,25,36,9,i grew up listening to mj this film feels like a love letter to an entire generation hot take,grew listening film feels like love letter entire generation hot take,6.386879319362645,19,96,5.052631578947368,0.0521,0.0,0.0,0.0,0.0,Sunday,True,Viral,0.7717,0.283,0.0,0.717,positive,0.25,0.6917,0,-0.08604126745116916,-0.045886136508929205,Legacy Believers
Michael,MIC_0103,Every music lover owes it to themselves to experience this in a theater. Hot take.,YouTube comments,,2025-08-29,2025-08-29T22:47:00,170,8,7,35,8,every music lover owes it to themselves to experience this in a theater hot take,every music lover owes themselves experience theater hot take,5.356586274672012,15,82,5.466666666666667,0.0244,0.0,0.0,0.0,0.0,Friday,False,High,0.5859,0.213,0.0,0.787,positive,0.25,0.85,0,-0.08801121730860424,-0.08498785784468056,Legacy Believers
Michael,MIC_0105,Celebrating MJ's artistry while ignoring the serious allegations feels irresponsible. Hot take.,TikTok comments,,2025-10-17,2025-10-17T02:53:00,109,26,3,42,10,celebrating mj's artistry while ignoring the serious allegations feels irresponsible hot take,celebrating mj's artistry while ignoring serious allegations feels irresponsible hot take,5.214935757608986,12,95,7.916666666666667,0.0421,0.0,0.0,0.0,2.0,Friday,False,High,-0.296,0.199,0.371,0.43,negative,-0.0417,0.7583,2,-0.09019180103909216,0.0020989230954284767,Critical Observers
Michael,MIC_0372,The marketing challenge for this film is one of the most complex in recent Hollywood history. Fight me.,Twitter/X,,2025-08-25,2025-08-25T20:22:00,120,21,8,35,8,the marketing challenge for this film is one of the most complex in recent hollywood history fight me,marketing challenge film most complex recent hollywood history fight,5.285738584341177,18,103,5.722222222222222,0.0291,0.0,0.0,0.0,0.0,Monday,False,High,-0.3182,0.065,0.131,0.804,negative,0.0667,0.3833,0,-0.07452258616084868,-0.010783025900679592,Legacy Believers
Michael,MIC_0052,"Beat It, Billie Jean, Man in the Mirror — on a cinema screen with surround sound. Come on. Can't wait.",YouTube comments,,2025-08-20,2025-08-20T17:57:00,205,57,20,34,8,beat it billie jean man in the mirror on a cinema screen with surround sound come on can't wait,beat billie jean man mirror cinema screen surround sound come can't wait,6.012491914300058,20,102,5.1,0.0784,0.0,0.0,1.0,0.0,Wednesday,False,Viral,0.0,0.0,0.0,1.0,neutral,0.4,0.4,0,-0.027257216631498587,0.009432918931260439,Legacy Believers
Michael,MIC_0286,This is a marketing and cultural experiment as much as it is a film. Genuinely can't stop thinking about this.,Twitter/X,,2025-08-05,2025-08-05T06:58:00,112,17,2,32,8,this is a marketing and cultural experiment as much as it is a film genuinely can't stop thinking about this,marketing cultural experiment film genuinely can't stop thinking,5.084505142662711,20,110,5.5,0.0182,0.0,0.0,0.0,0.0,Tuesday,False,High,0.2235,0.09,0.0,0.91,positive,0.2333,0.2667,0,-0.039677446106180014,0.05089953260296202,Legacy Believers
Michael,MIC_0249,The fan base will love it. Everyone else will have questions about editorial choices. Anyone else feel this way?,Instagram,,2025-09-17,2025-09-17T05:54:00,144,37,15,38,9,the fan base will love it everyone else will have questions about editorial choices anyone else feel this way,fan base love everyone else questions editorial choices anyone else,5.643678550586496,19,112,5.894736842105263,0.0268,0.0,1.0,0.0,0.0,Wednesday,False,High,0.7579,0.277,0.0,0.723,positive,-0.15,0.8,0,-0.08784698882058702,-0.22133994569471852,Legacy Believers
Michael,MIC_0054,The fan base will love it. Everyone else will have questions about editorial choices. Hot take.,Twitter/X,,2025-08-29,2025-08-29T17:41:00,177,68,3,35,8,the fan base will love it everyone else will have questions about editorial choices hot take,fan base love everyone else questions editorial choices hot take,5.877735781779639,16,95,5.9375,0.0316,0.0,0.0,0.0,0.0,Friday,False,High,0.7579,0.317,0.0,0.683,positive,-0.0167,0.8167,0,-0.10192607635263425,-0.20464563800222035,Legacy Believers
Michael,MIC_0247,I grew up listening to MJ. This film feels like a love letter to an entire generation. Can't wait.,Reddit,r/Music,2025-10-18,2025-10-18T08:38:00,216,12,31,42,10,i grew up listening to mj this film feels like a love letter to an entire generation can't wait,grew listening film feels like love letter entire generation can't wait,5.8289456176102075,19,98,5.157894736842105,0.051,0.0,0.0,1.0,0.0,Saturday,True,High,0.7717,0.283,0.0,0.717,positive,0.25,0.6125,0,-0.07580332150457245,-0.012707874669064367,Legacy Believers
Michael,MIC_0359,The music catalog alone makes this a theatrical experience. Needs to be seen on IMAX. Hot take.,Instagram,,2025-08-06,2025-08-06T04:06:00,272,55,37,32,8,the music catalog alone makes this a theatrical experience needs to be seen on imax hot take,music catalog alone makes theatrical experience needs seen imax hot take,6.256709274440827,17,95,5.588235294117647,0.0737,0.0,0.0,0.0,0.0,Wednesday,False,Viral,-0.25,0.0,0.111,0.889,negative,0.125,0.425,0,-0.12908613152633394,-0.22166393549358923,Legacy Believers
Michael,MIC_0304,Every music lover owes it to themselves to experience this in a theater. Real talk.,Instagram,,2025-08-23,2025-08-23T21:42:00,297,50,31,34,8,every music lover owes it to themselves to experience this in a theater real talk,every music lover owes themselves experience theater real talk,6.246106765481563,15,83,5.533333333333333,0.0241,0.0,0.0,0.0,0.0,Saturday,True,Viral,0.5859,0.213,0.0,0.787,positive,0.2,0.3,0,-0.05591773621975285,-0.06964648574447595,Legacy Believers
Michael,MIC_0221,The sonic experience of this film is going to be unmatched. Pop history on screen.,TikTok comments,,2025-08-16,2025-08-16T07:47:00,233,83,16,33,8,the sonic experience of this film is going to be unmatched pop history on screen,sonic experience film unmatched pop history screen,6.193384461970565,15,82,5.466666666666667,0.0244,0.0,0.0,0.0,0.0,Saturday,True,Viral,-0.0772,0.0,0.085,0.915,negative,0.0,0.0,0,-0.08912787879658021,-0.06116412439764131,Legacy Believers
Michael,MIC_0060,Can't ignore the documentary accusations. This film feels like reputation rehabilitation. Hot take.,TikTok comments,,2025-08-06,2025-08-06T05:31:00,87,20,9,32,8,can't ignore the documentary accusations this film feels like reputation rehabilitation hot take,can't ignore documentary accusations film feels like reputation rehabilitation hot take,5.10594547390058,13,99,7.615384615384615,0.0303,0.0,0.0,0.0,1.0,Wednesday,False,High,0.3204,0.273,0.136,0.591,positive,0.125,0.425,0,-0.07574350841986953,0.01612931492467153,Legacy Believers
Michael,MIC_0282,Biopic storytelling is hard. MJ's life is extraordinarily complex. Hoping they don't simplify. Genuinely can't stop thinking about this.,Instagram,,2025-08-03,2025-08-03T06:36:00,250,71,21,31,8,biopic storytelling is hard mj's life is extraordinarily complex hoping they don't simplify genuinely can't stop thinking about this,biopic storytelling hard mj's life extraordinarily complex hoping don't simplify genuinely can't stop thinking,6.197461939587221,19,136,7.157894736842105,0.0368,0.0,0.0,0.0,0.0,Sunday,True,Viral,0.5086,0.212,0.063,0.724,positive,-0.0639,0.4806,0,-0.04089976670110032,0.02695842472314233,Legacy Believers
Michael,MIC_0271,Leaving Neverland made it impossible for me to separate the art from the artist here. Real talk.,Reddit,r/boxoffice,2025-08-18,2025-08-18T03:44:00,130,31,6,34,8,leaving neverland made it impossible for me to separate the art from the artist here real talk,leaving neverland made impossible separate art artist real talk,5.422744944923089,17,96,5.647058823529412,0.0312,0.0,0.0,0.0,0.0,Monday,False,High,0.0,0.0,0.0,1.0,neutral,-0.2333,0.65,0,-0.033711107752693655,-0.02933876343437138,Legacy Believers
Michael,MIC_0059,Music biopics have a very specific commercial formula. MJ is the ultimate subject. Fight me.,TikTok comments,,2025-10-24,2025-10-24T07:00:00,214,44,5,43,10,music biopics have a very specific commercial formula mj is the ultimate subject fight me,music biopics specific commercial formula ultimate subject fight,5.8289456176102075,15,92,6.133333333333334,0.0435,0.0,0.0,0.0,0.0,Friday,False,High,-0.3818,0.0,0.157,0.843,negative,-0.0417,0.374,0,-0.10640132609715088,-0.12321856857962696,Legacy Believers
Michael,MIC_0051,The runtime reportedly over 2.5 hours. They'll need every minute for this story. Can't wait.,TikTok comments,,2025-08-13,2025-08-13T13:42:00,83,19,8,33,8,the runtime reportedly over 2 5 hours they'll need every minute for this story can't wait,runtime reportedly over hours they'll every minute story can't wait,5.0466457316192885,15,92,6.133333333333334,0.0326,0.0,0.0,1.0,0.0,Wednesday,False,High,0.0,0.0,0.0,1.0,neutral,0.0,0.0,0,0.028831331148152287,0.026270734958128972,Legacy Believers
Michael,MIC_0199,"Beat It, Billie Jean, Man in the Mirror — on a cinema screen with surround sound. Come on. Fight me.",TikTok comments,,2025-10-10,2025-10-10T05:04:00,242,82,33,41,10,beat it billie jean man in the mirror on a cinema screen with surround sound come on fight me,beat billie jean man mirror cinema screen surround sound come fight,6.304448802421981,20,100,5.0,0.08,0.0,0.0,0.0,0.0,Friday,False,Viral,-0.3818,0.0,0.126,0.874,negative,0.4,0.4,0,-0.023891728187232775,-0.023133030997364225,Legacy Believers
Michael,MIC_0318,The decision to cast his actual son is bold and beautiful. Can't imagine it going any other way. Real talk.,Instagram,,2025-10-12,2025-10-12T15:45:00,88,15,12,41,10,the decision to cast his actual son is bold and beautiful can't imagine it going any other way real talk,decision cast his actual son bold beautiful can't imagine other real talk,5.090678001769792,20,107,5.35,0.028,0.0,0.0,0.0,0.0,Sunday,True,High,0.7579,0.265,0.0,0.735,positive,0.2517,0.4883,0,-0.10038414083529815,0.8449203714424813,Legacy Believers
Michael,MIC_0015,This is going to be emotionally overwhelming. I'm already not ready. Real talk.,Instagram,,2025-09-17,2025-09-17T17:41:00,344,18,51,38,9,this is going to be emotionally overwhelming i'm already not ready real talk,emotionally overwhelming i'm ready real talk,6.297109319933935,13,79,6.076923076923077,0.038,0.0,0.0,3.0,0.0,Wednesday,False,Viral,-0.2755,0.0,0.15,0.85,negative,0.2,0.6,0,-0.0049846213064847125,0.01325277443454973,Legacy Believers
Michael,MIC_0195,Can't ignore the documentary accusations. This film feels like reputation rehabilitation.,Reddit,r/MichaelJackson,2025-08-14,2025-08-14T04:31:00,235,24,19,33,8,can't ignore the documentary accusations this film feels like reputation rehabilitation,can't ignore documentary accusations film feels like reputation rehabilitation,5.8664680569332965,11,89,8.090909090909092,0.0225,0.0,0.0,0.0,1.0,Thursday,False,High,0.3204,0.309,0.154,0.537,positive,0.0,0.0,0,-0.06718066288124724,0.0177300770598183,Legacy Believers
Michael,MIC_0073,I grew up listening to MJ. This film feels like a love letter to an entire generation.,TikTok comments,,2025-09-27,2025-09-27T03:39:00,126,39,1,39,9,i grew up listening to mj this film feels like a love letter to an entire generation,grew listening film feels like love letter entire generation,5.427150238391005,17,86,5.0588235294117645,0.0465,0.0,0.0,0.0,0.0,Saturday,True,High,0.7717,0.309,0.0,0.691,positive,0.25,0.6125,0,-0.07543474720524673,-0.048816731685630936,Legacy Believers
Michael,MIC_0382,The runtime reportedly over 2.5 hours. They'll need every minute for this story. Hot take.,YouTube comments,,2025-08-10,2025-08-10T12:57:00,116,31,15,32,8,the runtime reportedly over 2 5 hours they'll need every minute for this story hot take,runtime reportedly over hours they'll every minute story hot take,5.4785534168509695,15,90,6.0,0.0333,0.0,0.0,0.0,0.0,Sunday,True,High,0.0,0.0,0.0,1.0,neutral,0.25,0.85,0,0.01921592878740095,-0.005803720439519661,Legacy Believers
Michael,MIC_0167,How this performs internationally will be fascinating. MJ's global brand is unprecedented. Anyone else feel this way?,TikTok comments,,2025-09-27,2025-09-27T02:24:00,173,28,14,39,9,how this performs internationally will be fascinating mj's global brand is unprecedented anyone else feel this way,performs internationally fascinating mj's global brand unprecedented anyone else,5.655991810819852,17,117,6.882352941176471,0.0342,0.0,1.0,0.0,0.0,Saturday,True,High,0.5423,0.179,0.0,0.821,positive,0.325,0.4375,0,-0.07252210740477742,-0.08700828093333052,Legacy Believers
Michael,MIC_0223,Can't ignore the documentary accusations. This film feels like reputation rehabilitation. Can't wait.,Twitter/X,,2025-09-27,2025-09-27T19:36:00,196,56,29,39,9,can't ignore the documentary accusations this film feels like reputation rehabilitation can't wait,can't ignore documentary accusations film feels like reputation rehabilitation can't wait,6.049733455231958,13,101,7.769230769230769,0.0297,0.0,0.0,1.0,1.0,Saturday,True,Viral,0.3204,0.273,0.136,0.591,positive,0.0,0.0,0,-0.069559017515827,0.049885404123520244,Legacy Believers
Michael,MIC_0314,This is going to be emotionally overwhelming. I'm already not ready. Anyone else feel this way?,Twitter/X,,2025-10-02,2025-10-02T21:27:00,171,12,2,40,10,this is going to be emotionally overwhelming i'm already not ready anyone else feel this way,emotionally overwhelming i'm ready anyone else,5.337538079701318,16,95,5.9375,0.0316,0.0,1.0,3.0,0.0,Thursday,False,High,-0.2755,0.0,0.123,0.877,negative,0.2,0.75,0,-0.028992575070985342,-0.036515124065413566,Legacy Believers
Michael,MIC_0145,This is a marketing and cultural experiment as much as it is a film. Can't wait.,YouTube comments,,2025-08-23,2025-08-23T13:32:00,151,28,1,34,8,this is a marketing and cultural experiment as much as it is a film can't wait,marketing cultural experiment film can't wait,5.41610040220442,16,80,5.0,0.025,0.0,0.0,1.0,0.0,Saturday,True,High,0.0,0.0,0.0,1.0,neutral,0.15,0.15,0,-0.04082293883677605,0.04582788995466,Legacy Believers
Michael,MIC_0061,I grew up listening to MJ. This film feels like a love letter to an entire generation. Real talk.,Reddit,r/MichaelJackson,2025-09-20,2025-09-20T06:29:00,232,27,6,38,9,i grew up listening to mj this film feels like a love letter to an entire generation real talk,grew listening film feels like love letter entire generation real talk,5.763622475012218,19,97,5.105263157894737,0.0515,0.0,0.0,0.0,0.0,Saturday,True,High,0.7717,0.283,0.0,0.717,positive,0.2333,0.5083,0,-0.05773135759913699,-0.03323635691133403,Legacy Believers
Michael,MIC_0326,The marketing challenge for this film is one of the most complex in recent Hollywood history. Genuinely can't stop thinking about this.,TikTok comments,,2025-10-17,2025-10-17T05:58:00,205,28,23,42,10,the marketing challenge for this film is one of the most complex in recent hollywood history genuinely can't stop thinking about this,marketing challenge film most complex recent hollywood history genuinely can't stop thinking,5.84354441703136,22,135,6.136363636363637,0.0222,0.0,0.0,0.0,0.0,Friday,False,High,0.2933,0.137,0.0,0.863,positive,0.15,0.4125,0,-0.07298379094739374,0.03327926009124613,Legacy Believers
Michael,MIC_0159,The decision to cast his actual son is bold and beautiful. Can't imagine it going any other way. Can't wait.,TikTok comments,,2025-08-24,2025-08-24T15:27:00,216,83,12,34,8,the decision to cast his actual son is bold and beautiful can't imagine it going any other way can't wait,decision cast his actual son bold beautiful can't imagine other can't wait,6.132312855695361,20,108,5.4,0.0278,0.0,0.0,1.0,0.0,Sunday,True,Viral,0.7579,0.265,0.0,0.735,positive,0.2646,0.5354,0,-0.11684781240705619,0.8479766106844507,Legacy Believers
Michael,MIC_0378,"If they get the music and the movement right, this will be one of the most important biopics ever made. Fight me.",Instagram,,2025-10-29,2025-10-29T03:28:00,385,76,25,44,10,if they get the music and the movement right this will be one of the most important biopics ever made fight me,music movement right most important biopics ever made fight,6.478509642208569,22,113,5.136363636363637,0.0177,0.0,0.0,0.0,0.0,Wednesday,False,Viral,-0.1298,0.085,0.105,0.81,negative,0.3952,0.6786,0,-0.05583104748131243,-0.05963868505477182,Legacy Believers
Michael,MIC_0154,The fan base will love it. Everyone else will have questions about editorial choices.,Instagram,,2025-10-19,2025-10-19T10:31:00,505,32,39,42,10,the fan base will love it everyone else will have questions about editorial choices,fan base love everyone else questions editorial choices,6.555356891810665,14,85,6.071428571428571,0.0235,0.0,0.0,0.0,0.0,Sunday,True,Viral,0.7579,0.351,0.0,0.649,positive,-0.15,0.8,0,-0.09170103706160994,-0.2187043439827549,Legacy Believers
Michael,MIC_0383,The music catalog alone makes this a theatrical experience. Needs to be seen on IMAX. Hot take.,Instagram,,2025-10-29,2025-10-29T19:34:00,189,29,21,44,10,the music catalog alone makes this a theatrical experience needs to be seen on imax hot take,music catalog alone makes theatrical experience needs seen imax hot take,5.785362461648624,17,95,5.588235294117647,0.0737,0.0,0.0,0.0,0.0,Wednesday,False,High,-0.25,0.0,0.111,0.889,negative,0.125,0.425,0,-0.12908613152633394,-0.22166393549358923,Legacy Believers
Michael,MIC_0053,The marketing challenge for this film is one of the most complex in recent Hollywood history.,Reddit,r/Music,2025-08-22,2025-08-22T02:48:00,160,55,20,34,8,the marketing challenge for this film is one of the most complex in recent hollywood history,marketing challenge film most complex recent hollywood history,5.881928660039675,16,93,5.8125,0.0215,0.0,0.0,0.0,0.0,Friday,False,High,0.0772,0.08,0.0,0.92,positive,0.0667,0.3833,0,-0.07418771580830566,-0.007179139749941148,Legacy Believers
Michael,MIC_0388,The decision to not address the allegations directly is a narrative choice with real consequences. Genuinely can't stop thinking about this.,Instagram,,2025-09-17,2025-09-17T11:28:00,158,31,2,38,9,the decision to not address the allegations directly is a narrative choice with real consequences genuinely can't stop thinking about this,decision address allegations directly narrative choice real consequences genuinely can't stop thinking,5.491001710377538,21,140,6.666666666666667,0.0143,0.0,0.0,0.0,1.0,Wednesday,False,High,0.2235,0.086,0.0,0.914,positive,0.2333,0.4,0,-0.04158788856604137,0.1365221736371016,Legacy Believers
Michael,MIC_0037,The music catalog alone makes this a theatrical experience. Needs to be seen on IMAX.,TikTok comments,,2025-09-04,2025-09-04T19:38:00,47,13,4,36,9,the music catalog alone makes this a theatrical experience needs to be seen on imax,music catalog alone makes theatrical experience needs seen imax,4.52720864451838,15,85,5.666666666666667,0.0706,0.0,0.0,0.0,0.0,Thursday,False,High,-0.25,0.0,0.125,0.875,negative,0.0,0.0,0,-0.12496306917056278,-0.24280535429782926,Legacy Believers
Michael,MIC_0253,The sonic experience of this film is going to be unmatched. Pop history on screen.,Instagram,,2025-09-20,2025-09-20T19:47:00,364,123,40,38,9,the sonic experience of this film is going to be unmatched pop history on screen,sonic experience film unmatched pop history screen,6.675192505751435,15,82,5.466666666666667,0.0244,0.0,0.0,0.0,0.0,Saturday,True,Viral,-0.0772,0.0,0.085,0.915,negative,0.0,0.0,0,-0.08912787879658021,-0.06116412439764131,Legacy Believers
Michael,MIC_0117,The marketing challenge for this film is one of the most complex in recent Hollywood history.,Instagram,,2025-08-10,2025-08-10T16:41:00,330,32,10,32,8,the marketing challenge for this film is one of the most complex in recent hollywood history,marketing challenge film most complex recent hollywood history,6.089044875446846,16,93,5.8125,0.0215,0.0,0.0,0.0,0.0,Sunday,True,Viral,0.0772,0.08,0.0,0.92,positive,0.0667,0.3833,0,-0.07418771580830566,-0.007179139749941148,Legacy Believers
Michael,MIC_0004,The decision to cast his actual son is bold and beautiful. Can't imagine it going any other way. Fight me.,Reddit,r/Music,2025-09-11,2025-09-11T08:46:00,433,67,49,37,9,the decision to cast his actual son is bold and beautiful can't imagine it going any other way fight me,decision cast his actual son bold beautiful can't imagine other fight,6.618071203859683,20,106,5.3,0.0283,0.0,0.0,0.0,0.0,Thursday,False,Viral,0.5994,0.249,0.1,0.651,positive,0.2646,0.5354,0,-0.11972456507577933,0.8686937030253649,Legacy Believers
Michael,MIC_0353,"Motown, Off the Wall, Thriller era all in one film? The scope is incredible. Fight me.",Instagram,,2025-08-10,2025-08-10T01:47:00,355,109,15,32,8,motown off the wall thriller era all in one film the scope is incredible fight me,motown off wall thriller era film scope incredible fight,6.512487995850418,16,86,5.375,0.0698,0.0,1.0,1.0,0.0,Sunday,True,Viral,-0.3597,0.077,0.158,0.765,negative,0.9,0.9,0,-0.04067110412767079,-0.014017932676474608,Legacy Believers
Michael,MIC_0164,The music catalog alone makes this a theatrical experience. Needs to be seen on IMAX. Anyone else feel this way?,Reddit,r/Music,2025-08-13,2025-08-13T14:47:00,296,41,37,33,8,the music catalog alone makes this a theatrical experience needs to be seen on imax anyone else feel this way,music catalog alone makes theatrical experience needs seen imax anyone else,6.23539063760472,20,112,5.6,0.0625,0.0,1.0,0.0,0.0,Wednesday,False,Viral,-0.25,0.0,0.095,0.905,negative,0.0,0.0,0,-0.12237907485903703,-0.2525638319394415,Legacy Believers
Michael,MIC_0017,The runtime reportedly over 2.5 hours. They'll need every minute for this story. Genuinely can't stop thinking about this.,TikTok comments,,2025-09-08,2025-09-08T06:09:00,112,33,15,37,9,the runtime reportedly over 2 5 hours they'll need every minute for this story genuinely can't stop thinking about this,runtime reportedly over hours they'll every minute story genuinely can't stop thinking,5.482720089545816,19,122,6.421052631578948,0.0246,0.0,0.0,0.0,0.0,Monday,False,High,0.2235,0.09,0.0,0.91,positive,0.4,0.5,0,0.0252835791791079,0.029867138337080067,Legacy Believers
Michael,MIC_0055,The estate controlling the narrative is a legitimate concern for journalistic integrity. Real talk.,Twitter/X,,2025-09-27,2025-09-27T02:54:00,334,70,40,39,9,the estate controlling the narrative is a legitimate concern for journalistic integrity real talk,estate controlling narrative legitimate concern journalistic integrity real talk,6.4457198193855785,14,99,7.071428571428571,0.0202,0.0,0.0,0.0,0.0,Saturday,True,Viral,0.3818,0.167,0.0,0.833,positive,0.2,0.3,0,-0.014361457497230733,0.0051779486038596575,Legacy Believers
Michael,MIC_0120,I want to love this but the controversy makes it complicated. Conflicted.,Twitter/X,,2025-08-18,2025-08-18T20:32:00,360,34,33,34,8,i want to love this but the controversy makes it complicated conflicted,want love controversy makes complicated conflicted,6.300785794663244,12,73,6.083333333333333,0.0274,0.0,0.0,0.0,2.0,Monday,False,Viral,0.4118,0.273,0.0,0.727,positive,0.0,0.8,1,-0.11069809673054425,-0.2273156402178609,Music Enthusiasts
Michael,MIC_0057,I want to love this but the controversy makes it complicated. Conflicted.,Instagram,,2025-10-17,2025-10-17T19:40:00,170,8,3,42,10,i want to love this but the controversy makes it complicated conflicted,want love controversy makes complicated conflicted,5.298317366548036,12,73,6.083333333333333,0.0274,0.0,0.0,0.0,2.0,Friday,False,High,0.4118,0.273,0.0,0.727,positive,0.0,0.8,1,-0.11069809673054425,-0.2273156402178609,Music Enthusiasts
Michael,MIC_0082,Michael Jackson's cultural impact is genuinely underrepresented in cinema. This is overdue. Anyone else feel this way?,Instagram,,2025-10-09,2025-10-09T17:25:00,159,51,5,41,10,michael jackson's cultural impact is genuinely underrepresented in cinema this is overdue anyone else feel this way,michael jackson's cultural impact genuinely underrepresented cinema overdue anyone else,5.712081277470896,17,118,6.9411764705882355,0.0339,0.0,1.0,0.0,0.0,Thursday,False,High,0.0,0.0,0.0,1.0,neutral,0.25,0.3,0,0.22837175615697203,-0.019600572841351093,Legacy Believers
Michael,MIC_0027,Celebrating MJ's artistry while ignoring the serious allegations feels irresponsible. Genuinely can't stop thinking about this.,Twitter/X,,2025-08-21,2025-08-21T15:50:00,270,86,24,34,8,celebrating mj's artistry while ignoring the serious allegations feels irresponsible genuinely can't stop thinking about this,celebrating mj's artistry while ignoring serious allegations feels irresponsible genuinely can't stop thinking,6.324358962381311,16,127,7.9375,0.0315,0.0,0.0,0.0,2.0,Thursday,False,Viral,-0.0803,0.238,0.294,0.468,negative,0.0333,0.5833,2,-0.08120894648678292,0.04015049128224233,Critical Observers
Michael,MIC_0303,Music biopics have a very specific commercial formula. MJ is the ultimate subject. Anyone else feel this way?,YouTube comments,,2025-10-28,2025-10-28T18:27:00,221,16,8,44,10,music biopics have a very specific commercial formula mj is the ultimate subject anyone else feel this way,music biopics specific commercial formula ultimate subject anyone else,5.655991810819852,18,109,6.055555555555555,0.0367,0.0,1.0,0.0,0.0,Tuesday,False,High,0.0,0.0,0.0,1.0,neutral,-0.0417,0.374,0,-0.10295756693547659,-0.13696951126366858,Legacy Believers
Michael,MIC_0415,If they include the full Thriller sequence I will cry in the theater. Not a question. Genuinely can't stop thinking about this.,YouTube comments,,2025-09-01,2025-09-01T00:07:00,189,41,20,36,9,if they include the full thriller sequence i will cry in the theater not a question genuinely can't stop thinking about this,include full thriller sequence cry theater question genuinely can't stop thinking,5.8650506222523235,22,127,5.7727272727272725,0.0394,0.0,0.0,0.0,0.0,Monday,False,High,-0.2052,0.13,0.122,0.748,negative,0.375,0.525,0,-0.05137230500514481,0.033824072826830615,Legacy Believers
Michael,MIC_0270,The music catalog alone makes this a theatrical experience. Needs to be seen on IMAX. Anyone else feel this way?,YouTube comments,,2025-08-12,2025-08-12T09:20:00,212,53,29,33,8,the music catalog alone makes this a theatrical experience needs to be seen on imax anyone else feel this way,music catalog alone makes theatrical experience needs seen imax anyone else,6.069582326371934,20,112,5.6,0.0625,0.0,1.0,0.0,0.0,Tuesday,False,Viral,-0.25,0.0,0.095,0.905,negative,0.0,0.0,0,-0.12237907485903703,-0.2525638319394415,Legacy Believers
Michael,MIC_0239,The fan base will love it. Everyone else will have questions about editorial choices. Real talk.,Twitter/X,,2025-10-20,2025-10-20T09:15:00,391,67,23,43,10,the fan base will love it everyone else will have questions about editorial choices real talk,fan base love everyone else questions editorial choices real talk,6.443336028030302,16,96,6.0,0.0312,0.0,0.0,0.0,0.0,Monday,False,Viral,0.7579,0.317,0.0,0.683,positive,-0.0333,0.6333,0,-0.07310447496162666,-0.1938083388978911,Legacy Believers
Michael,MIC_0000,Graham King producing means serious awards intentions here. Not just a cash grab. Thoughts?,Reddit,r/TrueFilm,2025-10-08,2025-10-08T11:56:00,160,13,8,41,10,graham king producing means serious awards intentions here not just a cash grab thoughts,graham king producing means serious awards intentions cash grab thoughts,5.382198850528739,14,91,6.5,0.044,0.0,1.0,0.0,0.0,Wednesday,False,High,0.4019,0.184,0.08,0.736,positive,-0.3333,0.6667,0,-0.04384108401569555,-0.012621239031371993,Legacy Believers
Michael,MIC_0298,Celebrating MJ's artistry while ignoring the serious allegations feels irresponsible. Genuinely can't stop thinking about this.,YouTube comments,,2025-10-18,2025-10-18T08:58:00,270,35,11,42,10,celebrating mj's artistry while ignoring the serious allegations feels irresponsible genuinely can't stop thinking about this,celebrating mj's artistry while ignoring serious allegations feels irresponsible genuinely can't stop thinking,5.969985515430857,16,127,7.9375,0.0315,0.0,0.0,0.0,2.0,Saturday,True,High,-0.0803,0.238,0.294,0.468,negative,0.0333,0.5833,2,-0.08120894648678292,0.04015049128224233,Critical Observers
Michael,MIC_0153,"Motown, Off the Wall, Thriller era all in one film? The scope is incredible. Can't wait.",Instagram,,2025-08-11,2025-08-11T21:42:00,96,10,2,33,8,motown off the wall thriller era all in one film the scope is incredible can't wait,motown off wall thriller era film scope incredible can't wait,4.852030263919617,16,88,5.5,0.0682,0.0,1.0,2.0,0.0,Monday,False,High,0.1027,0.085,0.0,0.915,positive,0.9,0.9,0,-0.04402230525096596,0.022492493438126947,Legacy Believers
Michael,MIC_0402,How this performs internationally will be fascinating. MJ's global brand is unprecedented. Genuinely can't stop thinking about this.,YouTube comments,,2025-10-13,2025-10-13T21:09:00,210,31,29,42,10,how this performs internationally will be fascinating mj's global brand is unprecedented genuinely can't stop thinking about this,performs internationally fascinating mj's global brand unprecedented genuinely can't stop thinking,5.928258471204189,18,132,7.333333333333333,0.0303,0.0,0.0,0.0,0.0,Monday,False,High,0.6584,0.252,0.0,0.748,positive,0.34,0.45,0,-0.0739494234582109,-0.017039079316849195,Legacy Believers
Michael,MIC_0036,The King of Pop on the big screen with full music rights. This is a historic moment for music cinema. Real talk.,YouTube comments,,2025-10-29,2025-10-29T04:13:00,143,13,6,44,10,the king of pop on the big screen with full music rights this is a historic moment for music cinema real talk,king pop big screen full music rights historic moment music cinema real talk,5.270432163058501,22,112,5.090909090909091,0.0446,0.0,0.0,1.0,0.0,Wednesday,False,High,0.0,0.0,0.0,1.0,neutral,0.1375,0.2375,0,-0.039827673586655815,-0.0493746128809726,Legacy Believers
Michael,MIC_0066,The estate controlling the narrative is a legitimate concern for journalistic integrity. Real talk.,Instagram,,2025-09-20,2025-09-20T10:18:00,285,83,12,38,9,the estate controlling the narrative is a legitimate concern for journalistic integrity real talk,estate controlling narrative legitimate concern journalistic integrity real talk,6.271933165041461,14,99,7.071428571428571,0.0202,0.0,0.0,0.0,0.0,Saturday,True,Viral,0.3818,0.167,0.0,0.833,positive,0.2,0.3,0,-0.014361457497230733,0.0051779486038596575,Legacy Believers
Michael,MIC_0281,How this performs internationally will be fascinating. MJ's global brand is unprecedented. Fight me.,Instagram,,2025-09-22,2025-09-22T23:03:00,189,31,22,39,9,how this performs internationally will be fascinating mj's global brand is unprecedented fight me,performs internationally fascinating mj's global brand unprecedented fight,5.809642865355678,14,100,7.142857142857143,0.04,0.0,0.0,0.0,0.0,Monday,False,High,0.2263,0.193,0.144,0.663,positive,0.325,0.4375,0,-0.0711602823394434,-0.06766997434107028,Legacy Believers
Michael,MIC_0100,How this performs internationally will be fascinating. MJ's global brand is unprecedented. Thoughts?,TikTok comments,,2025-10-14,2025-10-14T15:21:00,15,1,0,42,10,how this performs internationally will be fascinating mj's global brand is unprecedented thoughts,performs internationally fascinating mj's global brand unprecedented thoughts,2.917770732084279,13,100,7.6923076923076925,0.04,0.0,1.0,0.0,0.0,Tuesday,False,Medium,0.5423,0.226,0.0,0.774,positive,0.325,0.4375,0,-0.06796197664041373,-0.06840703730273756,Legacy Believers
Michael,MIC_0385,The decision to not address the allegations directly is a narrative choice with real consequences.,Reddit,r/boxoffice,2025-09-16,2025-09-16T05:41:00,125,26,1,38,9,the decision to not address the allegations directly is a narrative choice with real consequences,decision address allegations directly narrative choice real consequences,5.267858159063328,15,98,6.533333333333333,0.0102,0.0,0.0,0.0,1.0,Tuesday,False,High,0.0,0.0,0.0,1.0,neutral,0.15,0.35,0,-0.037873883627998574,0.10678002779680328,Legacy Believers
Michael,MIC_0091,The choreography in the trailer already looks stunning. They clearly invested in getting it right. Genuinely can't stop thinking about this.,Instagram,,2025-09-03,2025-09-03T13:24:00,393,98,16,36,9,the choreography in the trailer already looks stunning they clearly invested in getting it right genuinely can't stop thinking about this,choreography trailer looks stunning clearly invested getting right genuinely can't stop thinking,6.532334292222349,21,140,6.666666666666667,0.0214,0.0,0.0,2.0,0.0,Wednesday,False,Viral,0.7342,0.285,0.0,0.715,positive,0.3214,0.6048,0,0.026050553458307344,0.025166612404327462,Legacy Believers
Michael,MIC_0142,Michael Jackson's cultural impact is genuinely underrepresented in cinema. This is overdue. Anyone else feel this way?,Reddit,r/MichaelJackson,2025-08-12,2025-08-12T08:49:00,197,55,28,33,8,michael jackson's cultural impact is genuinely underrepresented in cinema this is overdue anyone else feel this way,michael jackson's cultural impact genuinely underrepresented cinema overdue anyone else,6.0390635259072605,17,118,6.9411764705882355,0.0339,0.0,1.0,0.0,0.0,Tuesday,False,Viral,0.0,0.0,0.0,1.0,neutral,0.25,0.3,0,0.22837175615697203,-0.019600572841351093,Legacy Believers
Michael,MIC_0133,I grew up listening to MJ. This film feels like a love letter to an entire generation. Real talk.,Instagram,,2025-10-12,2025-10-12T11:39:00,291,41,24,41,10,i grew up listening to mj this film feels like a love letter to an entire generation real talk,grew listening film feels like love letter entire generation real talk,6.1452580202873985,19,97,5.105263157894737,0.0515,0.0,0.0,0.0,0.0,Sunday,True,Viral,0.7717,0.283,0.0,0.717,positive,0.2333,0.5083,0,-0.05773135759913699,-0.03323635691133403,Legacy Believers
Michael,MIC_0067,Celebrating MJ's artistry while ignoring the serious allegations feels irresponsible. Anyone else feel this way?,Twitter/X,,2025-10-05,2025-10-05T09:53:00,157,40,21,40,10,celebrating mj's artistry while ignoring the serious allegations feels irresponsible anyone else feel this way,celebrating mj's artistry while ignoring serious allegations feels irresponsible anyone else,5.771441123130016,15,112,7.466666666666667,0.0357,0.0,1.0,0.0,2.0,Sunday,True,High,-0.296,0.171,0.319,0.509,negative,-0.3333,0.6667,2,-0.08371439437920934,-0.019785556983062284,Critical Observers
Michael,MIC_0177,The marketing challenge for this film is one of the most complex in recent Hollywood history. Fight me.,Instagram,,2025-09-09,2025-09-09T11:30:00,117,27,11,37,9,the marketing challenge for this film is one of the most complex in recent hollywood history fight me,marketing challenge film most complex recent hollywood history fight,5.3867860145356445,18,103,5.722222222222222,0.0291,0.0,0.0,0.0,0.0,Tuesday,False,High,-0.3182,0.065,0.131,0.804,negative,0.0667,0.3833,0,-0.07452258616084868,-0.010783025900679592,Legacy Believers
Michael,MIC_0062,Biopic storytelling is hard. MJ's life is extraordinarily complex. Hoping they don't simplify. Can't wait.,TikTok comments,,2025-10-21,2025-10-21T21:37:00,365,114,6,43,10,biopic storytelling is hard mj's life is extraordinarily complex hoping they don't simplify can't wait,biopic storytelling hard mj's life extraordinarily complex hoping don't simplify can't wait,6.505784060128229,15,106,7.066666666666666,0.0472,0.0,0.0,1.0,0.0,Tuesday,False,Viral,0.34,0.163,0.081,0.756,positive,-0.2958,0.4708,0,-0.0417468812432286,0.023144158880814242,Legacy Believers
Michael,MIC_0390,Leaving Neverland made it impossible for me to separate the art from the artist here. Thoughts?,Twitter/X,,2025-09-20,2025-09-20T05:18:00,225,80,5,38,9,leaving neverland made it impossible for me to separate the art from the artist here thoughts,leaving neverland made impossible separate art artist thoughts,6.089044875446846,16,95,5.9375,0.0316,0.0,1.0,0.0,0.0,Saturday,True,Viral,0.0,0.0,0.0,1.0,neutral,-0.6667,1.0,0,-0.047751050691712704,-0.04898392460119057,Legacy Believers
Michael,MIC_0354,I grew up listening to MJ. This film feels like a love letter to an entire generation. Fight me.,Reddit,r/boxoffice,2025-10-29,2025-10-29T20:08:00,223,82,3,44,10,i grew up listening to mj this film feels like a love letter to an entire generation fight me,grew listening film feels like love letter entire generation fight,6.082218910376446,19,96,5.052631578947368,0.0521,0.0,0.0,0.0,0.0,Wednesday,False,Viral,0.6249,0.265,0.103,0.632,positive,0.25,0.6125,0,-0.07580346782055836,-0.051471303406352975,Legacy Believers
Michael,MIC_0391,This is a marketing and cultural experiment as much as it is a film. Thoughts?,Reddit,r/Music,2025-08-20,2025-08-20T06:33:00,160,14,4,34,8,this is a marketing and cultural experiment as much as it is a film thoughts,marketing cultural experiment film thoughts,5.337538079701318,15,78,5.2,0.0256,0.0,1.0,0.0,0.0,Wednesday,False,High,0.0,0.0,0.0,1.0,neutral,0.15,0.15,0,-0.03177461895310367,-0.007436390351674179,Legacy Believers
Michael,MIC_0341,The sonic experience of this film is going to be unmatched. Pop history on screen. Thoughts?,TikTok comments,,2025-08-08,2025-08-08T08:52:00,248,17,15,32,8,the sonic experience of this film is going to be unmatched pop history on screen thoughts,sonic experience film unmatched pop history screen thoughts,5.8185981490847825,16,92,5.75,0.0326,0.0,1.0,0.0,0.0,Friday,False,High,-0.0772,0.0,0.08,0.92,negative,0.0,0.0,0,-0.08164392559139524,-0.06140300540617765,Legacy Believers
Michael,MIC_0236,The runtime reportedly over 2.5 hours. They'll need every minute for this story. Hot take.,Reddit,r/movies,2025-08-30,2025-08-30T12:32:00,58,20,5,35,8,the runtime reportedly over 2 5 hours they'll need every minute for this story hot take,runtime reportedly over hours they'll every minute story hot take,4.820281565605037,15,90,6.0,0.0333,0.0,0.0,0.0,0.0,Saturday,True,High,0.0,0.0,0.0,1.0,neutral,0.25,0.85,0,0.01921592878740095,-0.005803720439519661,Legacy Believers
Michael,MIC_0151,Strong performance from Jaafar but the script carries all the risk. Anyone else feel this way?,YouTube comments,,2025-09-04,2025-09-04T05:47:00,196,34,26,36,9,strong performance from jaafar but the script carries all the risk anyone else feel this way,strong performance jaafar script carries risk anyone else,5.886104031450156,16,94,5.875,0.0319,0.0,1.0,0.0,0.0,Thursday,False,High,-0.128,0.114,0.141,0.745,negative,0.4333,0.7333,0,-0.04159432852845758,-0.05715810857592615,Legacy Believers
Michael,MIC_0166,I want to love this but the controversy makes it complicated. Conflicted. Thoughts?,TikTok comments,,2025-10-13,2025-10-13T18:41:00,421,121,39,42,10,i want to love this but the controversy makes it complicated conflicted thoughts,want love controversy makes complicated conflicted thoughts,6.735186013630861,13,83,6.384615384615385,0.0361,0.0,1.0,0.0,2.0,Monday,False,Viral,0.4118,0.254,0.0,0.746,positive,0.0,0.8,1,-0.10036121913768943,-0.2142638612388627,Music Enthusiasts
Michael,MIC_0393,I want to love this but the controversy makes it complicated. Conflicted. Fight me.,Reddit,r/MichaelJackson,2025-08-30,2025-08-30T16:41:00,200,14,26,35,8,i want to love this but the controversy makes it complicated conflicted fight me,want love controversy makes complicated conflicted fight,5.749392985908253,14,83,5.928571428571429,0.0361,0.0,0.0,0.0,2.0,Saturday,True,High,-0.1655,0.207,0.187,0.606,negative,0.0,0.8,1,-0.10977663946417099,-0.22547364930559238,Music Enthusiasts
Michael,MIC_0233,Music biopics have a very specific commercial formula. MJ is the ultimate subject. Genuinely can't stop thinking about this.,Instagram,,2025-10-28,2025-10-28T22:42:00,75,20,11,44,10,music biopics have a very specific commercial formula mj is the ultimate subject genuinely can't stop thinking about this,music biopics specific commercial formula ultimate subject genuinely can't stop thinking,5.0689042022202315,19,124,6.526315789473684,0.0323,0.0,0.0,0.0,0.0,Tuesday,False,High,0.2235,0.095,0.0,0.905,positive,0.0467,0.3992,0,-0.10085961965484821,-0.06257329692879988,Legacy Believers
Michael,MIC_0399,The decision to cast his actual son is bold and beautiful. Can't imagine it going any other way. Hot take.,Twitter/X,,2025-09-10,2025-09-10T11:09:00,246,60,3,37,9,the decision to cast his actual son is bold and beautiful can't imagine it going any other way hot take,decision cast his actual son bold beautiful can't imagine other hot take,6.0063531596017325,20,106,5.3,0.0283,0.0,0.0,0.0,0.0,Wednesday,False,Viral,0.7579,0.265,0.0,0.735,positive,0.2617,0.5983,0,-0.12479602211345127,0.8135156839231231,Legacy Believers
Michael,MIC_0339,The estate controlling the narrative is a legitimate concern for journalistic integrity. Anyone else feel this way?,Reddit,r/Music,2025-08-10,2025-08-10T20:29:00,116,17,11,32,8,the estate controlling the narrative is a legitimate concern for journalistic integrity anyone else feel this way,estate controlling narrative legitimate concern journalistic integrity anyone else,5.260096153727839,17,115,6.764705882352941,0.0174,0.0,1.0,0.0,0.0,Sunday,True,High,0.3818,0.14,0.0,0.86,positive,0.0,0.0,0,-0.030919473280155343,-0.028871697027118486,Legacy Believers
Michael,MIC_0030,Michael Jackson's story deserves to be told with this level of care. The trailer gave me chills.,Twitter/X,,2025-08-17,2025-08-17T03:24:00,318,93,18,33,8,michael jackson's story deserves to be told with this level of care the trailer gave me chills,michael jackson's story deserves told level care trailer gave chills,6.406054562993147,17,96,5.647058823529412,0.0312,0.0,0.0,1.0,0.0,Sunday,True,Viral,0.4939,0.167,0.0,0.833,positive,0.0,0.0,3,0.9259049024441566,0.004126393473791651,Cultural Analysts
Michael,MIC_0157,The estate controlling the narrative is a legitimate concern for journalistic integrity. Anyone else feel this way?,YouTube comments,,2025-10-28,2025-10-28T00:00:00,318,93,23,44,10,the estate controlling the narrative is a legitimate concern for journalistic integrity anyone else feel this way,estate controlling narrative legitimate concern journalistic integrity anyone else,6.430525604644662,17,115,6.764705882352941,0.0174,0.0,1.0,0.0,0.0,Tuesday,False,Viral,0.3818,0.14,0.0,0.86,positive,0.0,0.0,0,-0.030919473280155343,-0.028871697027118486,Legacy Believers
Michael,MIC_0075,If they include the full Thriller sequence I will cry in the theater. Not a question.,YouTube comments,,2025-10-27,2025-10-27T10:35:00,125,24,15,44,10,if they include the full thriller sequence i will cry in the theater not a question,include full thriller sequence cry theater question,5.442417710521793,16,85,5.3125,0.0471,0.0,0.0,0.0,0.0,Monday,False,High,-0.4019,0.076,0.168,0.757,negative,0.35,0.55,0,-0.05043930703971752,-0.006761933884591686,Legacy Believers
Michael,MIC_0225,The fan base will love it. Everyone else will have questions about editorial choices.,Instagram,,2025-09-25,2025-09-25T22:08:00,51,7,3,39,9,the fan base will love it everyone else will have questions about editorial choices,fan base love everyone else questions editorial choices,4.363098624788363,14,85,6.071428571428571,0.0235,0.0,0.0,0.0,0.0,Thursday,False,High,0.7579,0.351,0.0,0.649,positive,-0.15,0.8,0,-0.09170103706160994,-0.2187043439827549,Legacy Believers
Michael,MIC_0045,I grew up listening to MJ. This film feels like a love letter to an entire generation. Anyone else feel this way?,TikTok comments,,2025-09-04,2025-09-04T23:05:00,62,22,8,36,9,i grew up listening to mj this film feels like a love letter to an entire generation anyone else feel this way,grew listening film feels like love letter entire generation anyone else,4.955827057601261,22,113,5.136363636363637,0.0442,0.0,1.0,0.0,0.0,Thursday,False,High,0.7717,0.251,0.0,0.749,positive,0.25,0.6125,0,-0.07451398961681797,-0.06681359245087681,Legacy Believers
Michael,MIC_0352,The fan base will love it. Everyone else will have questions about editorial choices. Fight me.,Reddit,r/movies,2025-08-06,2025-08-06T12:07:00,101,7,12,32,8,the fan base will love it everyone else will have questions about editorial choices fight me,fan base love everyone else questions editorial choices fight,5.0466457316192885,16,95,5.9375,0.0316,0.0,0.0,0.0,0.0,Wednesday,False,High,0.5994,0.294,0.118,0.588,positive,-0.15,0.8,0,-0.08934744825571043,-0.21190388636410523,Legacy Believers
Michael,MIC_0395,The music catalog alone makes this a theatrical experience. Needs to be seen on IMAX. Fight me.,YouTube comments,,2025-09-09,2025-09-09T05:50:00,173,42,23,37,9,the music catalog alone makes this a theatrical experience needs to be seen on imax fight me,music catalog alone makes theatrical experience needs seen imax fight,5.8522024797744745,17,95,5.588235294117647,0.0737,0.0,0.0,0.0,0.0,Tuesday,False,High,-0.5574,0.0,0.235,0.765,negative,0.0,0.0,0,-0.12442294870940603,-0.2420826921958837,Legacy Believers
Michael,MIC_0260,The decision to cast his actual son is bold and beautiful. Can't imagine it going any other way. Hot take.,Twitter/X,,2025-10-30,2025-10-30T14:40:00,199,61,4,44,10,the decision to cast his actual son is bold and beautiful can't imagine it going any other way hot take,decision cast his actual son bold beautiful can't imagine other hot take,5.898526551448713,20,106,5.3,0.0283,0.0,0.0,0.0,0.0,Thursday,False,High,0.7579,0.265,0.0,0.735,positive,0.2617,0.5983,0,-0.12479602211345127,0.8135156839231231,Legacy Believers
Michael,MIC_0312,I want to love this but the controversy makes it complicated. Conflicted. Real talk.,TikTok comments,,2025-10-09,2025-10-09T06:42:00,255,46,16,41,10,i want to love this but the controversy makes it complicated conflicted real talk,want love controversy makes complicated conflicted real talk,6.037870919922137,14,84,6.0,0.0357,0.0,0.0,0.0,2.0,Thursday,False,Viral,0.4118,0.238,0.0,0.762,positive,0.0667,0.6333,1,-0.08400765706674142,-0.1882124878159126,Music Enthusiasts
Michael,MIC_0276,Michael Jackson's story deserves to be told with this level of care. The trailer gave me chills. Thoughts?,Reddit,r/boxoffice,2025-08-27,2025-08-27T19:26:00,251,82,28,35,8,michael jackson's story deserves to be told with this level of care the trailer gave me chills thoughts,michael jackson's story deserves told level care trailer gave chills thoughts,6.293419278846481,18,106,5.888888888888889,0.0377,0.0,1.0,1.0,0.0,Wednesday,False,Viral,0.4939,0.158,0.0,0.842,positive,0.0,0.0,3,0.890241865551722,0.0002586056723317469,Cultural Analysts
Michael,MIC_0331,This is going to be emotionally overwhelming. I'm already not ready. Fight me.,Instagram,,2025-09-30,2025-09-30T08:09:00,139,25,15,40,9,this is going to be emotionally overwhelming i'm already not ready fight me,emotionally overwhelming i'm ready fight,5.511410582008745,13,78,6.0,0.0385,0.0,0.0,3.0,0.0,Tuesday,False,High,0.0191,0.143,0.138,0.719,neutral,0.2,0.75,0,-0.026886030063849795,-0.010487677397542276,Legacy Believers
Michael,MIC_0085,Celebrating MJ's artistry while ignoring the serious allegations feels irresponsible. Can't wait.,Instagram,,2025-10-27,2025-10-27T10:24:00,295,78,42,44,10,celebrating mj's artistry while ignoring the serious allegations feels irresponsible can't wait,celebrating mj's artistry while ignoring serious allegations feels irresponsible can't wait,6.424869023905388,12,97,8.083333333333334,0.0412,0.0,0.0,1.0,2.0,Monday,False,Viral,-0.296,0.199,0.371,0.43,negative,-0.3333,0.6667,2,-0.08559687010602957,0.03700184421393368,Critical Observers
Michael,MIC_0161,Graham King producing means serious awards intentions here. Not just a cash grab. Can't wait.,Reddit,r/MichaelJackson,2025-09-18,2025-09-18T06:09:00,204,27,14,38,9,graham king producing means serious awards intentions here not just a cash grab can't wait,graham king producing means serious awards intentions cash grab can't wait,5.750984076140496,15,93,6.2,0.043,0.0,0.0,1.0,0.0,Thursday,False,High,0.4019,0.173,0.075,0.751,positive,-0.3333,0.6667,0,-0.04979943353122274,0.022588013758308812,Legacy Believers
Michael,MIC_0002,The estate controlling the narrative is a legitimate concern for journalistic integrity. Anyone else feel this way?,Instagram,,2025-09-20,2025-09-20T10:44:00,133,38,8,38,9,the estate controlling the narrative is a legitimate concern for journalistic integrity anyone else feel this way,estate controlling narrative legitimate concern journalistic integrity anyone else,5.53338948872752,17,115,6.764705882352941,0.0174,0.0,1.0,0.0,0.0,Saturday,True,High,0.3818,0.14,0.0,0.86,positive,0.0,0.0,0,-0.030919473280155343,-0.028871697027118486,Legacy Believers
Michael,MIC_0394,Can't ignore the documentary accusations. This film feels like reputation rehabilitation. Real talk.,Instagram,,2025-10-02,2025-10-02T18:42:00,162,45,19,40,10,can't ignore the documentary accusations this film feels like reputation rehabilitation real talk,can't ignore documentary accusations film feels like reputation rehabilitation real talk,5.806639860095909,13,100,7.6923076923076925,0.03,0.0,0.0,0.0,1.0,Thursday,False,High,0.3204,0.273,0.136,0.591,positive,0.1,0.15,0,-0.051638179399276306,0.029468461625422077,Legacy Believers
Michael,MIC_0257,Strong performance from Jaafar but the script carries all the risk.,Instagram,,2025-09-27,2025-09-27T02:46:00,350,34,44,39,9,strong performance from jaafar but the script carries all the risk,strong performance jaafar script carries risk,6.342121418721152,11,67,6.090909090909091,0.0299,0.0,0.0,0.0,0.0,Saturday,True,Viral,-0.128,0.156,0.192,0.652,negative,0.4333,0.7333,0,-0.039840619790357884,-0.03485174371560139,Legacy Believers
Michael,MIC_0041,The fan base will love it. Everyone else will have questions about editorial choices. Hot take.,Twitter/X,,2025-08-15,2025-08-15T18:42:00,233,12,5,33,8,the fan base will love it everyone else will have questions about editorial choices hot take,fan base love everyone else questions editorial choices hot take,5.631211781821365,16,95,5.9375,0.0316,0.0,0.0,0.0,0.0,Friday,False,High,0.7579,0.317,0.0,0.683,positive,-0.0167,0.8167,0,-0.10192607635263425,-0.20464563800222035,Legacy Believers
Michael,MIC_0416,The sonic experience of this film is going to be unmatched. Pop history on screen. Genuinely can't stop thinking about this.,YouTube comments,,2025-10-01,2025-10-01T18:27:00,232,60,14,40,10,the sonic experience of this film is going to be unmatched pop history on screen genuinely can't stop thinking about this,sonic experience film unmatched pop history screen genuinely can't stop thinking,6.052089168924417,21,124,5.904761904761905,0.0242,0.0,0.0,0.0,0.0,Wednesday,False,Viral,0.1501,0.085,0.059,0.856,positive,0.4,0.5,0,-0.08425691998283968,-0.009556418466542144,Legacy Believers
Michael,MIC_0021,This is going to be emotionally overwhelming. I'm already not ready. Anyone else feel this way?,Instagram,,2025-09-03,2025-09-03T23:51:00,243,37,18,36,9,this is going to be emotionally overwhelming i'm already not ready anyone else feel this way,emotionally overwhelming i'm ready anyone else,5.967427969279741,16,95,5.9375,0.0316,0.0,1.0,3.0,0.0,Wednesday,False,High,-0.2755,0.0,0.123,0.877,negative,0.2,0.75,0,-0.028992575070985342,-0.036515124065413566,Legacy Believers
Michael,MIC_0324,Graham King producing means serious awards intentions here. Not just a cash grab. Genuinely can't stop thinking about this.,Reddit,r/boxoffice,2025-09-07,2025-09-07T23:39:00,144,15,2,36,9,graham king producing means serious awards intentions here not just a cash grab genuinely can't stop thinking about this,graham king producing means serious awards intentions cash grab genuinely can't stop thinking,5.2390980068880655,19,123,6.473684210526316,0.0325,0.0,0.0,0.0,0.0,Sunday,True,High,0.5556,0.22,0.059,0.721,positive,0.0333,0.5833,0,-0.04941379502017032,0.028319705746142374,Legacy Believers
Michael,MIC_0269,Strong performance from Jaafar but the script carries all the risk. Thoughts?,Reddit,r/movies,2025-09-06,2025-09-06T19:42:00,184,73,5,36,9,strong performance from jaafar but the script carries all the risk thoughts,strong performance jaafar script carries risk thoughts,5.94672865326659,12,77,6.416666666666667,0.039,0.0,1.0,0.0,0.0,Saturday,True,High,-0.128,0.145,0.179,0.676,negative,0.4333,0.7333,0,-0.03576803481029949,-0.036831957010658715,Legacy Believers
Michael,MIC_0114,"If they get the music and the movement right, this will be one of the most important biopics ever made.",TikTok comments,,2025-09-05,2025-09-05T23:16:00,266,78,22,36,9,if they get the music and the movement right this will be one of the most important biopics ever made,music movement right most important biopics ever made,6.269096283706261,20,103,5.15,0.0097,0.0,0.0,0.0,0.0,Friday,False,Viral,0.2716,0.099,0.0,0.901,positive,0.3952,0.6786,0,-0.05512775299826327,-0.05711933943405742,Legacy Believers
Michael,MIC_0279,Michael Jackson's story deserves to be told with this level of care. The trailer gave me chills. Thoughts?,TikTok comments,,2025-08-04,2025-08-04T05:12:00,266,50,23,32,8,michael jackson's story deserves to be told with this level of care the trailer gave me chills thoughts,michael jackson's story deserves told level care trailer gave chills thoughts,6.133398042996649,18,106,5.888888888888889,0.0377,0.0,1.0,1.0,0.0,Monday,False,Viral,0.4939,0.158,0.0,0.842,positive,0.0,0.0,3,0.890241865551722,0.0002586056723317469,Cultural Analysts
Michael,MIC_0094,Every music lover owes it to themselves to experience this in a theater. Genuinely can't stop thinking about this.,Instagram,,2025-09-18,2025-09-18T12:52:00,230,34,32,38,9,every music lover owes it to themselves to experience this in a theater genuinely can't stop thinking about this,every music lover owes themselves experience theater genuinely can't stop thinking,6.021023349349527,19,114,6.0,0.0175,0.0,0.0,0.0,0.0,Thursday,False,Viral,0.6896,0.251,0.0,0.749,positive,0.4,0.5,0,-0.07600863952371502,-0.037899853934481254,Legacy Believers
Michael,MIC_0088,This is a marketing and cultural experiment as much as it is a film. Thoughts?,Twitter/X,,2025-10-20,2025-10-20T02:13:00,294,94,24,43,10,this is a marketing and cultural experiment as much as it is a film thoughts,marketing cultural experiment film thoughts,6.400257445308821,15,78,5.2,0.0256,0.0,1.0,0.0,0.0,Monday,False,Viral,0.0,0.0,0.0,1.0,neutral,0.15,0.15,0,-0.03177461895310367,-0.007436390351674179,Legacy Believers
Michael,MIC_0256,Celebrating MJ's artistry while ignoring the serious allegations feels irresponsible. Real talk.,TikTok comments,,2025-09-24,2025-09-24T09:39:00,293,99,21,39,9,celebrating mj's artistry while ignoring the serious allegations feels irresponsible real talk,celebrating mj's artistry while ignoring serious allegations feels irresponsible real talk,6.404401670054847,12,96,8.0,0.0417,0.0,0.0,0.0,2.0,Wednesday,False,Viral,-0.296,0.199,0.371,0.43,negative,-0.0667,0.4833,2,-0.06629206344960292,0.015097215598352991,Critical Observers
Michael,MIC_0178,Music biopics have a very specific commercial formula. MJ is the ultimate subject. Can't wait.,Reddit,r/boxoffice,2025-09-08,2025-09-08T00:00:00,282,50,13,37,9,music biopics have a very specific commercial formula mj is the ultimate subject can't wait,music biopics specific commercial formula ultimate subject can't wait,6.102558594613569,15,94,6.266666666666667,0.0426,0.0,0.0,1.0,0.0,Monday,False,Viral,0.0,0.0,0.0,1.0,neutral,-0.0417,0.374,0,-0.10789819017036152,-0.0750308434353307,Legacy Believers
Michael,MIC_0122,How this performs internationally will be fascinating. MJ's global brand is unprecedented.,TikTok comments,,2025-09-30,2025-09-30T15:10:00,277,22,20,40,9,how this performs internationally will be fascinating mj's global brand is unprecedented,performs internationally fascinating mj's global brand unprecedented,5.973809611869261,12,90,7.5,0.0333,0.0,0.0,0.0,0.0,Tuesday,False,High,0.5423,0.241,0.0,0.759,positive,0.325,0.4375,0,-0.07421412781946046,-0.0685763902300151,Legacy Believers
Michael,MIC_0364,Michael Jackson's story deserves to be told with this level of care. The trailer gave me chills. Can't wait.,Twitter/X,,2025-10-19,2025-10-19T11:55:00,311,122,45,42,10,michael jackson's story deserves to be told with this level of care the trailer gave me chills can't wait,michael jackson's story deserves told level care trailer gave chills can't wait,6.62273632394984,19,108,5.684210526315789,0.037,0.0,0.0,2.0,0.0,Sunday,True,Viral,0.4939,0.151,0.0,0.849,positive,0.0,0.0,3,0.8364882719928168,0.03719329764865133,Cultural Analysts
Michael,MIC_0065,Graham King producing means serious awards intentions here. Not just a cash grab. Anyone else feel this way?,Twitter/X,,2025-09-11,2025-09-11T16:56:00,116,21,10,37,9,graham king producing means serious awards intentions here not just a cash grab anyone else feel this way,graham king producing means serious awards intentions cash grab anyone else,5.295814236329918,18,108,6.0,0.037,0.0,1.0,0.0,0.0,Thursday,False,High,0.4019,0.148,0.064,0.788,positive,-0.3333,0.6667,0,-0.04756932935957519,-0.02950162768081988,Legacy Believers
Michael,MIC_0046,Leaving Neverland made it impossible for me to separate the art from the artist here. Hot take.,Twitter/X,,2025-09-04,2025-09-04T12:44:00,186,35,26,36,9,leaving neverland made it impossible for me to separate the art from the artist here hot take,leaving neverland made impossible separate art artist hot take,5.8650506222523235,17,95,5.588235294117647,0.0316,0.0,0.0,0.0,0.0,Thursday,False,High,0.0,0.0,0.0,1.0,neutral,-0.2083,0.925,0,-0.06227004149191058,-0.04184549087817376,Legacy Believers
Michael,MIC_0347,Michael Jackson's story deserves to be told with this level of care. The trailer gave me chills. Real talk.,YouTube comments,,2025-09-15,2025-09-15T10:43:00,96,23,13,38,9,michael jackson's story deserves to be told with this level of care the trailer gave me chills real talk,michael jackson's story deserves told level care trailer gave chills real talk,5.2652775124698366,19,107,5.631578947368421,0.0374,0.0,0.0,1.0,0.0,Monday,False,High,0.4939,0.151,0.0,0.849,positive,0.2,0.3,3,0.8795645939286983,0.0164337060845523,Cultural Analysts
Michael,MIC_0080,Strong performance from Jaafar but the script carries all the risk. Anyone else feel this way?,Reddit,r/Music,2025-10-20,2025-10-20T19:53:00,32,5,0,43,10,strong performance from jaafar but the script carries all the risk anyone else feel this way,strong performance jaafar script carries risk anyone else,3.817712325956905,16,94,5.875,0.0319,0.0,1.0,0.0,0.0,Monday,False,Medium,-0.128,0.114,0.141,0.745,negative,0.4333,0.7333,0,-0.04159432852845758,-0.05715810857592615,Legacy Believers
Michael,MIC_0143,The estate controlling the narrative is a legitimate concern for journalistic integrity. Hot take.,YouTube comments,,2025-10-30,2025-10-30T02:58:00,96,24,7,44,10,the estate controlling the narrative is a legitimate concern for journalistic integrity hot take,estate controlling narrative legitimate concern journalistic integrity hot take,5.181783550292085,14,98,7.0,0.0204,0.0,0.0,0.0,0.0,Thursday,False,High,0.3818,0.167,0.0,0.833,positive,0.25,0.85,0,-0.04201664287782668,-0.006702877839410419,Legacy Believers
Michael,MIC_0097,Music biopics have a very specific commercial formula. MJ is the ultimate subject. Anyone else feel this way?,Reddit,r/movies,2025-10-10,2025-10-10T02:19:00,305,76,19,41,10,music biopics have a very specific commercial formula mj is the ultimate subject anyone else feel this way,music biopics specific commercial formula ultimate subject anyone else,6.315358001522335,18,109,6.055555555555555,0.0367,0.0,1.0,0.0,0.0,Friday,False,Viral,0.0,0.0,0.0,1.0,neutral,-0.0417,0.374,0,-0.10295756693547659,-0.13696951126366858,Legacy Believers
Michael,MIC_0254,Graham King producing means serious awards intentions here. Not just a cash grab.,Instagram,,2025-08-06,2025-08-06T07:33:00,213,44,26,32,8,graham king producing means serious awards intentions here not just a cash grab,graham king producing means serious awards intentions cash grab,5.996452088619021,13,81,6.230769230769231,0.037,0.0,0.0,0.0,0.0,Wednesday,False,High,0.4019,0.196,0.085,0.719,positive,-0.3333,0.6667,0,-0.046468040023617145,-0.009628678794008002,Legacy Believers
Michael,MIC_0264,The choreography in the trailer already looks stunning. They clearly invested in getting it right. Thoughts?,Twitter/X,,2025-09-02,2025-09-02T00:29:00,255,30,24,36,9,the choreography in the trailer already looks stunning they clearly invested in getting it right thoughts,choreography trailer looks stunning clearly invested getting right thoughts,5.998936561946683,16,108,6.75,0.0278,0.0,1.0,2.0,0.0,Tuesday,False,High,0.6486,0.275,0.0,0.725,positive,0.2952,0.6397,0,0.034406820794620686,-0.014086041332027637,Legacy Believers
Michael,MIC_0401,The fan base will love it. Everyone else will have questions about editorial choices. Anyone else feel this way?,YouTube comments,,2025-10-09,2025-10-09T16:21:00,304,49,3,41,10,the fan base will love it everyone else will have questions about editorial choices anyone else feel this way,fan base love everyone else questions editorial choices anyone else,6.0787883752796565,19,112,5.894736842105263,0.0268,0.0,1.0,0.0,0.0,Thursday,False,Viral,0.7579,0.277,0.0,0.723,positive,-0.15,0.8,0,-0.08784698882058702,-0.22133994569471852,Legacy Believers
Michael,MIC_0369,The decision to not address the allegations directly is a narrative choice with real consequences. Can't wait.,YouTube comments,,2025-10-26,2025-10-26T10:14:00,111,28,7,43,10,the decision to not address the allegations directly is a narrative choice with real consequences can't wait,decision address allegations directly narrative choice real consequences can't wait,5.313205979041787,17,110,6.470588235294118,0.0182,0.0,0.0,1.0,1.0,Sunday,True,High,0.0,0.0,0.0,1.0,neutral,0.15,0.35,0,-0.042426856562158034,0.13678332248507227,Legacy Believers
Michael,MIC_0251,The decision to cast his actual son is bold and beautiful. Can't imagine it going any other way. Real talk.,Twitter/X,,2025-08-27,2025-08-27T02:11:00,162,46,6,35,8,the decision to cast his actual son is bold and beautiful can't imagine it going any other way real talk,decision cast his actual son bold beautiful can't imagine other real talk,5.69035945432406,20,107,5.35,0.028,0.0,0.0,0.0,0.0,Wednesday,False,High,0.7579,0.265,0.0,0.735,positive,0.2517,0.4883,0,-0.10038414083529815,0.8449203714424813,Legacy Believers
Michael,MIC_0396,The decision to cast his actual son is bold and beautiful. Can't imagine it going any other way. Can't wait.,YouTube comments,,2025-08-07,2025-08-07T04:22:00,114,44,13,32,8,the decision to cast his actual son is bold and beautiful can't imagine it going any other way can't wait,decision cast his actual son bold beautiful can't imagine other can't wait,5.575949103146316,20,108,5.4,0.0278,0.0,0.0,1.0,0.0,Thursday,False,High,0.7579,0.265,0.0,0.735,positive,0.2646,0.5354,0,-0.11684781240705619,0.8479766106844507,Legacy Believers
Michael,MIC_0106,The decision to cast his actual son is bold and beautiful. Can't imagine it going any other way. Anyone else feel this way?,Instagram,,2025-08-10,2025-08-10T23:04:00,286,40,38,32,8,the decision to cast his actual son is bold and beautiful can't imagine it going any other way anyone else feel this way,decision cast his actual son bold beautiful can't imagine other anyone else,6.2166061010848646,23,123,5.3478260869565215,0.0244,0.0,1.0,0.0,0.0,Sunday,True,Viral,0.7579,0.236,0.0,0.764,positive,0.2646,0.5354,0,-0.11601323888538585,0.8054445961949124,Legacy Believers
Michael,MIC_0320,The box office upside here is massive if they can navigate the controversy cleanly. Thoughts?,Instagram,,2025-10-20,2025-10-20T23:42:00,377,99,16,43,10,the box office upside here is massive if they can navigate the controversy cleanly thoughts,box office upside massive navigate controversy cleanly thoughts,6.512487995850418,15,93,6.2,0.0215,0.0,1.0,0.0,0.0,Monday,False,Viral,0.0,0.0,0.0,1.0,neutral,0.1833,0.85,0,-0.05325751934466124,-0.05213309786115037,Legacy Believers
Michael,MIC_0163,Music biopics have a very specific commercial formula. MJ is the ultimate subject. Hot take.,YouTube comments,,2025-08-07,2025-08-07T12:06:00,169,23,22,32,8,music biopics have a very specific commercial formula mj is the ultimate subject hot take,music biopics specific commercial formula ultimate subject hot take,5.681877639268151,15,92,6.133333333333334,0.0435,0.0,0.0,0.0,0.0,Thursday,False,High,0.0,0.0,0.0,1.0,neutral,0.0167,0.4692,0,-0.11637605012989036,-0.11278728951124493,Legacy Believers
Michael,MIC_0333,This is a marketing and cultural experiment as much as it is a film.,Reddit,r/TrueFilm,2025-10-18,2025-10-18T20:54:00,172,29,22,42,10,this is a marketing and cultural experiment as much as it is a film,marketing cultural experiment film,5.741399338227508,14,68,4.857142857142857,0.0147,0.0,0.0,0.0,0.0,Saturday,True,High,0.0,0.0,0.0,1.0,neutral,0.15,0.15,0,-0.0370914735465455,-0.0015877119263728802,Legacy Believers
Michael,MIC_0193,The decision to cast his actual son is bold and beautiful. Can't imagine it going any other way. Thoughts?,YouTube comments,,2025-10-14,2025-10-14T22:30:00,337,45,49,42,10,the decision to cast his actual son is bold and beautiful can't imagine it going any other way thoughts,decision cast his actual son bold beautiful can't imagine other thoughts,6.392754283805666,19,106,5.578947368421052,0.0283,0.0,1.0,0.0,0.0,Tuesday,False,Viral,0.7579,0.277,0.0,0.723,positive,0.2646,0.5354,0,-0.116236730758353,0.8707212675281037,Legacy Believers
Michael,MIC_0334,The decision to cast his actual son is bold and beautiful. Can't imagine it going any other way. Hot take.,TikTok comments,,2025-10-14,2025-10-14T12:29:00,98,32,4,42,10,the decision to cast his actual son is bold and beautiful can't imagine it going any other way hot take,decision cast his actual son bold beautiful can't imagine other hot take,5.25227342804663,20,106,5.3,0.0283,0.0,0.0,0.0,0.0,Tuesday,False,High,0.7579,0.265,0.0,0.735,positive,0.2617,0.5983,0,-0.12479602211345127,0.8135156839231231,Legacy Believers
Michael,MIC_0076,"If they get the music and the movement right, this will be one of the most important biopics ever made.",TikTok comments,,2025-09-26,2025-09-26T07:58:00,250,66,29,39,9,if they get the music and the movement right this will be one of the most important biopics ever made,music movement right most important biopics ever made,6.220590170099739,20,103,5.15,0.0097,0.0,0.0,0.0,0.0,Friday,False,Viral,0.2716,0.099,0.0,0.901,positive,0.3952,0.6786,0,-0.05512775299826327,-0.05711933943405742,Legacy Believers
Michael,MIC_0204,"If they get the music and the movement right, this will be one of the most important biopics ever made. Anyone else feel this way?",Twitter/X,,2025-08-25,2025-08-25T03:02:00,210,12,5,35,8,if they get the music and the movement right this will be one of the most important biopics ever made anyone else feel this way,music movement right most important biopics ever made anyone else,5.545177444479562,25,130,5.2,0.0154,0.0,1.0,0.0,0.0,Monday,False,High,0.2716,0.08,0.0,0.92,positive,0.3952,0.6786,0,-0.05559738570941372,-0.07457590643162988,Legacy Believers
Michael,MIC_0092,Celebrating MJ's artistry while ignoring the serious allegations feels irresponsible. Real talk.,YouTube comments,,2025-10-08,2025-10-08T00:41:00,204,11,21,41,10,celebrating mj's artistry while ignoring the serious allegations feels irresponsible real talk,celebrating mj's artistry while ignoring serious allegations feels irresponsible real talk,5.688668836846153,12,96,8.0,0.0417,0.0,0.0,0.0,2.0,Wednesday,False,High,-0.296,0.199,0.371,0.43,negative,-0.0667,0.4833,2,-0.06629206344960292,0.015097215598352991,Critical Observers
The Devil Wears Prada 2,THE_0252,The writing needs to be sharp. Fashion satire works best when it's uncomfortable. Hot take.,Instagram,,2025-10-27,2025-10-27T20:51:00,101,28,13,44,10,the writing needs to be sharp fashion satire works best when it's uncomfortable hot take,writing needs sharp fashion satire works best it's uncomfortable hot take,5.351858133476067,15,91,6.066666666666666,0.033,0.0,0.0,0.0,0.0,Monday,False,High,0.3818,0.212,0.131,0.657,positive,0.1562,0.725,3,-0.02063278344177002,-0.014428763492809974,Industry Analysts
The Devil Wears Prada 2,THE_0049,I'm a fashion journalist and this movie is basically a love letter to our industry. Excited doesn't cover it. Real talk.,TikTok comments,,2025-09-05,2025-09-05T11:41:00,171,60,24,36,9,i'm a fashion journalist and this movie is basically a love letter to our industry excited doesn't cover it real talk,i'm fashion journalist movie basically love letter industry excited doesn't cover real talk,5.976350909297934,21,120,5.714285714285714,0.025,0.0,0.0,0.0,0.0,Friday,False,High,0.765,0.258,0.0,0.742,positive,0.3583,0.55,3,-0.007455272881455659,-0.05184178476957333,Industry Analysts
The Devil Wears Prada 2,THE_0025,Devil Wears Prada shaped my entire career path. This sequel feels personal. Fight me.,YouTube comments,,2025-09-15,2025-09-15T13:26:00,196,16,20,38,9,devil wears prada shaped my entire career path this sequel feels personal fight me,devil wears prada shaped entire career path sequel feels personal fight,5.6937321388027,14,85,6.071428571428571,0.0588,0.0,0.0,0.0,0.0,Monday,False,High,-0.7906,0.0,0.368,0.632,negative,0.0,0.4625,1,-0.19815642952861218,0.3405719881457841,Fashion Insiders
The Devil Wears Prada 2,THE_0091,Meryl Streep in a sequel? She doesn't do sequels. This must be THAT good. Genuinely can't stop thinking about this.,Reddit,r/movies,2025-10-21,2025-10-21T15:06:00,197,29,28,43,10,meryl streep in a sequel she doesn't do sequels this must be that good genuinely can't stop thinking about this,meryl streep sequel doesn't sequels must good genuinely can't stop thinking,5.870708345972182,20,115,5.75,0.0783,0.0,1.0,0.0,0.0,Tuesday,False,High,0.5842,0.21,0.0,0.79,positive,0.55,0.55,3,-0.07884712842596009,-0.06547681006623511,Industry Analysts
The Devil Wears Prada 2,THE_0143,The original didn't need a sequel. Hope they don't ruin the legacy. Thoughts?,TikTok comments,,2025-08-08,2025-08-08T12:17:00,153,55,15,32,8,the original didn't need a sequel hope they don't ruin the legacy thoughts,original didn't sequel hope don't ruin legacy thoughts,5.8185981490847825,13,77,5.923076923076923,0.039,0.0,1.0,0.0,1.0,Friday,False,High,0.8059,0.453,0.0,0.547,positive,0.375,0.75,1,-0.07229197643290386,0.02182338085863894,Fashion Insiders
The Devil Wears Prada 2,THE_0008,Fashion Twitter is absolutely losing it. Rightfully so. Thoughts?,Instagram,,2025-08-21,2025-08-21T14:24:00,224,24,25,34,8,fashion twitter is absolutely losing it rightfully so thoughts,fashion twitter absolutely losing rightfully thoughts,5.886104031450156,9,65,7.222222222222222,0.0615,0.0,1.0,0.0,0.0,Thursday,False,High,-0.4391,0.0,0.266,0.734,negative,0.2,0.9,3,-0.019145999960405998,-0.03622668228991028,Industry Analysts
The Devil Wears Prada 2,THE_0260,The demographic skew toward 25-45 women is very clear in the marketing. Smart targeting. Anyone else feel this way?,YouTube comments,,2025-10-01,2025-10-01T20:12:00,273,102,36,40,10,the demographic skew toward 25 45 women is very clear in the marketing smart targeting anyone else feel this way,demographic skew toward women clear marketing smart targeting anyone else,6.456769655572163,19,115,6.052631578947368,0.0261,0.0,1.0,0.0,0.0,Wednesday,False,Viral,0.6801,0.237,0.0,0.763,positive,0.1721,0.5706,3,0.01576860423226593,-0.010384572049018746,Industry Analysts
The Devil Wears Prada 2,THE_0228,Devil Wears Prada 2 is giving me everything I didn't know I needed. The casting looks *chef's kiss*. Genuinely can't stop thinking about this.,Twitter/X,,2025-10-20,2025-10-20T09:39:00,113,43,5,43,10,devil wears prada 2 is giving me everything i didn't know i needed the casting looks chef's kiss genuinely can't stop thinking about this,devil wears prada giving everything didn't needed casting looks chef's kiss genuinely can't stop thinking,5.465948207931988,24,142,5.916666666666667,0.0493,0.0,0.0,0.0,0.0,Monday,False,High,0.1749,0.225,0.14,0.635,positive,0.4,0.5,1,-0.3798850571455835,0.6458078268468268,Fashion Insiders
The Devil Wears Prada 2,THE_0317,I'll watch it but I have reservations. Fashion films are very of-their-moment. Anyone else feel this way?,Instagram,,2025-09-07,2025-09-07T07:45:00,109,19,12,36,9,i'll watch it but i have reservations fashion films are very of their moment anyone else feel this way,i'll watch reservations fashion films moment anyone else,5.2652775124698366,17,105,6.176470588235294,0.0381,0.0,1.0,0.0,1.0,Sunday,True,High,0.0,0.0,0.0,1.0,neutral,0.2,0.3,3,0.01002068946082341,-0.052687617776215515,Industry Analysts
The Devil Wears Prada 2,THE_0327,The original is a masterpiece of corporate satire. Sequel has massive shoes to fill. Hot take.,Instagram,,2025-09-20,2025-09-20T10:18:00,134,16,7,38,9,the original is a masterpiece of corporate satire sequel has massive shoes to fill hot take,original masterpiece corporate satire sequel massive shoes fill hot take,5.278114659230517,16,94,5.875,0.0319,0.0,0.0,1.0,0.0,Saturday,True,High,0.7506,0.314,0.0,0.686,positive,0.1562,0.65,3,-0.05636418403086753,-0.06674950316238049,Industry Analysts
The Devil Wears Prada 2,THE_0305,The nostalgia economy is real. Studios know exactly what they're doing with this IP. Fight me.,YouTube comments,,2025-08-02,2025-08-02T00:33:00,304,15,26,31,8,the nostalgia economy is real studios know exactly what they're doing with this ip fight me,nostalgia economy real studios exactly they're doing fight,6.041444479413003,16,94,5.875,0.0532,0.0,0.0,0.0,0.0,Saturday,True,Viral,-0.3818,0.0,0.148,0.852,negative,0.225,0.275,1,-0.012299082955483733,-0.010444182125587754,Fashion Insiders
The Devil Wears Prada 2,THE_0194,Some of the new casting choices are surprising. Trust the director but will reserve judgment. Can't wait.,Instagram,,2025-10-01,2025-10-01T11:35:00,227,80,3,40,10,some of the new casting choices are surprising trust the director but will reserve judgment can't wait,new casting choices surprising trust director reserve judgment can't wait,6.07993319509559,17,105,6.176470588235294,0.0286,0.0,0.0,1.0,0.0,Wednesday,False,Viral,0.4019,0.198,0.0,0.802,positive,0.4182,0.4773,1,-0.021178295937955907,-0.004891766262687577,Fashion Insiders
The Devil Wears Prada 2,THE_0200,Meryl Streep in a sequel? She doesn't do sequels. This must be THAT good. Real talk.,Reddit,r/femalefashionadvice,2025-09-23,2025-09-23T20:50:00,101,15,1,39,9,meryl streep in a sequel she doesn't do sequels this must be that good real talk,meryl streep sequel doesn't sequels must good real talk,4.959341999708705,16,84,5.25,0.1071,0.0,1.0,0.0,0.0,Tuesday,False,High,0.4404,0.162,0.0,0.838,positive,0.45,0.45,3,-0.048961100572795284,-0.05059105394970882,Industry Analysts
The Devil Wears Prada 2,THE_0401,Devil Wears Prada 2 is giving me everything I didn't know I needed. The casting looks *chef's kiss*. Thoughts?,Instagram,,2025-10-15,2025-10-15T18:03:00,203,55,13,42,10,devil wears prada 2 is giving me everything i didn't know i needed the casting looks chef's kiss thoughts,devil wears prada giving everything didn't needed casting looks chef's kiss thoughts,5.941486177301741,19,110,5.7894736842105265,0.0636,0.0,1.0,0.0,0.0,Wednesday,False,High,-0.0516,0.203,0.172,0.625,negative,0.0,0.0,1,-0.3783638004689928,0.6990569139291275,Fashion Insiders
The Devil Wears Prada 2,THE_0266,Sequels to perfect movies almost never work. I'm cautiously optimistic but nervous. Genuinely can't stop thinking about this.,Instagram,,2025-10-21,2025-10-21T12:52:00,111,34,3,43,10,sequels to perfect movies almost never work i'm cautiously optimistic but nervous genuinely can't stop thinking about this,sequels perfect movies almost never work i'm cautiously optimistic nervous genuinely can't stop thinking,5.327876168789581,18,125,6.944444444444445,0.024,0.0,0.0,0.0,1.0,Tuesday,False,High,0.3983,0.276,0.115,0.609,positive,0.7,0.75,3,-0.038910233572875964,-0.014100144167319499,Industry Analysts
The Devil Wears Prada 2,THE_0088,I'll watch it but I have reservations. Fashion films are very of-their-moment. Hot take.,TikTok comments,,2025-08-30,2025-08-30T03:46:00,263,54,13,35,8,i'll watch it but i have reservations fashion films are very of their moment hot take,i'll watch reservations fashion films moment hot take,6.082218910376446,14,88,6.285714285714286,0.0455,0.0,0.0,0.0,1.0,Saturday,True,Viral,0.0,0.0,0.0,1.0,neutral,0.225,0.575,3,-0.028647508430532077,-0.05169547158355706,Industry Analysts
The Devil Wears Prada 2,THE_0093,Hoping they address the toxic workplace dynamics more critically this time. Fight me.,Reddit,r/movies,2025-10-27,2025-10-27T01:09:00,153,33,13,44,10,hoping they address the toxic workplace dynamics more critically this time fight me,hoping address toxic workplace dynamics critically time fight,5.6185876285929695,13,85,6.538461538461538,0.0235,0.0,0.0,0.0,0.0,Monday,False,High,0.3182,0.28,0.149,0.571,positive,0.25,0.65,2,-0.021488332209203907,-0.1190026305218227,Cautious Fans
The Devil Wears Prada 2,THE_0275,Hoping they address the toxic workplace dynamics more critically this time. Fight me.,Reddit,r/TrueFilm,2025-10-05,2025-10-05T14:51:00,171,43,3,40,10,hoping they address the toxic workplace dynamics more critically this time fight me,hoping address toxic workplace dynamics critically time fight,5.664695085948154,13,85,6.538461538461538,0.0235,0.0,0.0,0.0,0.0,Sunday,True,High,0.3182,0.28,0.149,0.571,positive,0.25,0.65,2,-0.021488332209203945,-0.11900263052182233,Cautious Fans
The Devil Wears Prada 2,THE_0449,Good trailer. Not great. But the bar for the actual film is set correctly.,Instagram,,2025-09-23,2025-09-23T04:09:00,89,20,6,39,9,good trailer not great but the bar for the actual film is set correctly,good trailer great bar actual film set correctly,5.062595033026967,14,74,5.285714285714286,0.0405,0.0,0.0,0.0,0.0,Tuesday,False,High,-0.0508,0.121,0.133,0.745,negative,0.1,0.4833,3,-0.013023180268855933,-0.02305958357321202,Industry Analysts
The Devil Wears Prada 2,THE_0419,Hoping they address the toxic workplace dynamics more critically this time. Real talk.,TikTok comments,,2025-08-23,2025-08-23T07:37:00,209,71,26,34,8,hoping they address the toxic workplace dynamics more critically this time real talk,hoping address toxic workplace dynamics critically time real talk,6.143112096717122,13,86,6.615384615384615,0.0233,0.0,0.0,0.0,0.0,Saturday,True,Viral,0.5994,0.308,0.0,0.692,positive,0.2333,0.5333,2,-0.018232431948017408,-0.1000009145905052,Cautious Fans
The Devil Wears Prada 2,THE_0000,The costume design alone justifies a ticket. Anna Wintour era aesthetic is peak cinema. Thoughts?,Reddit,r/femalefashionadvice,2025-10-26,2025-10-26T23:57:00,209,26,23,43,10,the costume design alone justifies a ticket anna wintour era aesthetic is peak cinema thoughts,costume design alone justifies ticket anna wintour era aesthetic peak cinema thoughts,5.840641657373398,15,97,6.466666666666667,0.0412,0.0,1.0,0.0,0.0,Sunday,True,High,-0.25,0.0,0.125,0.875,negative,0.0,0.0,3,-0.01701673723682858,-0.029058690493577326,Industry Analysts
The Devil Wears Prada 2,THE_0230,The nostalgia economy is real. Studios know exactly what they're doing with this IP. Hot take.,Instagram,,2025-08-06,2025-08-06T20:49:00,360,121,5,32,8,the nostalgia economy is real studios know exactly what they're doing with this ip hot take,nostalgia economy real studios exactly they're doing hot take,6.519884479274924,16,94,5.875,0.0532,0.0,0.0,0.0,0.0,Wednesday,False,Viral,0.0,0.0,0.0,1.0,neutral,0.2333,0.4667,1,-0.027391575329677363,-0.007067890983315191,Fashion Insiders
The Devil Wears Prada 2,THE_0053,The pacing of the trailer felt a bit rushed. Hope the actual film breathes more. Can't wait.,TikTok comments,,2025-09-12,2025-09-12T19:20:00,219,16,22,37,9,the pacing of the trailer felt a bit rushed hope the actual film breathes more can't wait,pacing trailer felt bit rushed hope actual film breathes can't wait,5.786897381366708,17,92,5.411764705882353,0.0326,0.0,0.0,1.0,0.0,Friday,False,High,0.4404,0.153,0.0,0.847,positive,0.25,0.3,3,-0.012359117630820697,-0.05508941605682644,Industry Analysts
The Devil Wears Prada 2,THE_0366,Some of the new casting choices are surprising. Trust the director but will reserve judgment. Fight me.,Reddit,r/movies,2025-08-01,2025-08-01T13:12:00,122,42,8,31,8,some of the new casting choices are surprising trust the director but will reserve judgment fight me,new casting choices surprising trust director reserve judgment fight,5.529429087511423,17,103,6.0588235294117645,0.0291,0.0,0.0,0.0,0.0,Friday,False,High,-0.1779,0.175,0.161,0.664,negative,0.4182,0.4773,1,-0.024250399757355483,0.03305322497663615,Fashion Insiders
The Devil Wears Prada 2,THE_0190,The demographic skew toward 25-45 women is very clear in the marketing. Smart targeting.,TikTok comments,,2025-09-18,2025-09-18T04:10:00,240,76,6,38,9,the demographic skew toward 25 45 women is very clear in the marketing smart targeting,demographic skew toward women clear marketing smart targeting,6.1070228877422545,14,88,6.285714285714286,0.0227,0.0,0.0,0.0,0.0,Thursday,False,Viral,0.6801,0.301,0.0,0.699,positive,0.1721,0.5706,3,-0.0007531654217821141,-0.012177831862808458,Industry Analysts
The Devil Wears Prada 2,THE_0374,I'm a fashion journalist and this movie is basically a love letter to our industry. Excited doesn't cover it. Anyone else feel this way?,YouTube comments,,2025-08-12,2025-08-12T03:08:00,101,29,13,33,8,i'm a fashion journalist and this movie is basically a love letter to our industry excited doesn't cover it anyone else feel this way,i'm fashion journalist movie basically love letter industry excited doesn't cover anyone else,5.363636832668679,24,136,5.666666666666667,0.0221,0.0,1.0,0.0,0.0,Tuesday,False,High,0.765,0.231,0.0,0.769,positive,0.4375,0.675,3,0.006201116781737641,-0.05818481366162649,Industry Analysts
The Devil Wears Prada 2,THE_0362,The industry commentary in the original was years ahead of its time. Can't wait to see 2024 through that lens. Genuinely can't stop thinking about this.,TikTok comments,,2025-08-01,2025-08-01T23:05:00,113,43,6,31,8,the industry commentary in the original was years ahead of its time can't wait to see 2024 through that lens genuinely can't stop thinking about this,industry commentary original years ahead time can't wait see 2024 through lens genuinely can't stop thinking,5.4785534168509695,26,152,5.846153846153846,0.0197,0.0,0.0,1.0,0.0,Friday,False,High,0.4919,0.149,0.0,0.851,positive,0.3875,0.625,2,-0.05933137759360043,-0.4544392846348341,Cautious Fans
The Devil Wears Prada 2,THE_0341,The demographic skew toward 25-45 women is very clear in the marketing. Smart targeting. Anyone else feel this way?,TikTok comments,,2025-09-21,2025-09-21T20:11:00,169,33,12,38,9,the demographic skew toward 25 45 women is very clear in the marketing smart targeting anyone else feel this way,demographic skew toward women clear marketing smart targeting anyone else,5.664695085948154,19,115,6.052631578947368,0.0261,0.0,1.0,0.0,0.0,Sunday,True,High,0.6801,0.237,0.0,0.763,positive,0.1721,0.5706,3,0.01576860423226693,-0.010384572049018985,Industry Analysts
The Devil Wears Prada 2,THE_0436,The nostalgia economy is real. Studios know exactly what they're doing with this IP. Real talk.,Twitter/X,,2025-08-25,2025-08-25T13:44:00,160,13,6,35,8,the nostalgia economy is real studios know exactly what they're doing with this ip real talk,nostalgia economy real studios exactly they're doing real talk,5.354224998486333,16,95,5.9375,0.0526,0.0,0.0,0.0,0.0,Monday,False,High,0.0,0.0,0.0,1.0,neutral,0.2167,0.2833,1,-0.009556558263759762,0.0020803309479114243,Fashion Insiders
The Devil Wears Prada 2,THE_0144,I'm a fashion journalist and this movie is basically a love letter to our industry. Excited doesn't cover it. Thoughts?,YouTube comments,,2025-10-16,2025-10-16T00:03:00,218,61,21,42,10,i'm a fashion journalist and this movie is basically a love letter to our industry excited doesn't cover it thoughts,i'm fashion journalist movie basically love letter industry excited doesn't cover thoughts,6.074195944705447,20,119,5.95,0.0252,0.0,1.0,0.0,0.0,Thursday,False,Viral,0.765,0.268,0.0,0.732,positive,0.4375,0.675,3,-0.011037457490116356,-0.06304997770078749,Industry Analysts
The Devil Wears Prada 2,THE_0415,The costume design alone justifies a ticket. Anna Wintour era aesthetic is peak cinema.,YouTube comments,,2025-10-02,2025-10-02T11:58:00,203,60,15,40,10,the costume design alone justifies a ticket anna wintour era aesthetic is peak cinema,costume design alone justifies ticket anna wintour era aesthetic peak cinema,5.988961416889864,14,87,6.214285714285714,0.0345,0.0,0.0,0.0,0.0,Thursday,False,High,-0.25,0.0,0.133,0.867,negative,0.0,0.0,3,-0.016243994492313302,-0.029693434741109893,Industry Analysts
The Devil Wears Prada 2,THE_0447,Devil Wears Prada 2 is giving me everything I didn't know I needed. The casting looks *chef's kiss*. Real talk.,Twitter/X,,2025-09-03,2025-09-03T10:58:00,202,54,25,36,9,devil wears prada 2 is giving me everything i didn't know i needed the casting looks chef's kiss real talk,devil wears prada giving everything didn't needed casting looks chef's kiss real talk,6.023447592961033,20,111,5.55,0.0631,0.0,0.0,0.0,0.0,Wednesday,False,Viral,-0.0516,0.195,0.165,0.639,negative,0.2,0.3,1,-0.36534187617307173,0.6909993236832944,Fashion Insiders
The Devil Wears Prada 2,THE_0070,Anne Hathaway returning means this is going to be emotionally devastating. I'm prepared. Real talk.,YouTube comments,,2025-09-21,2025-09-21T23:10:00,404,75,41,38,9,anne hathaway returning means this is going to be emotionally devastating i'm prepared real talk,anne hathaway returning means emotionally devastating i'm prepared real talk,6.572981598996505,15,99,6.6,0.0404,0.0,0.0,2.0,0.0,Sunday,True,Viral,-0.5267,0.099,0.224,0.677,negative,-0.4,0.65,0,-0.027316417158404348,-0.04844478668997176,Nostalgia Advocates
The Devil Wears Prada 2,THE_0283,The writing needs to be sharp. Fashion satire works best when it's uncomfortable. Hot take.,Twitter/X,,2025-08-15,2025-08-15T01:51:00,75,8,9,33,8,the writing needs to be sharp fashion satire works best when it's uncomfortable hot take,writing needs sharp fashion satire works best it's uncomfortable hot take,4.812184355372417,15,91,6.066666666666666,0.033,0.0,0.0,0.0,0.0,Friday,False,High,0.3818,0.212,0.131,0.657,positive,0.1562,0.725,3,-0.02063278344177029,-0.014428763492809867,Industry Analysts
The Devil Wears Prada 2,THE_0031,Box office tracking says this is projected to open at 60M+. Makes sense given the IP. Anyone else feel this way?,Twitter/X,,2025-10-09,2025-10-09T01:47:00,78,9,1,41,10,box office tracking says this is projected to open at 60m makes sense given the ip anyone else feel this way,box office tracking says projected open 60m makes sense given anyone else,4.6491870714048655,21,112,5.333333333333333,0.0536,0.0,1.0,0.0,0.0,Thursday,False,High,0.0,0.0,0.0,1.0,neutral,0.0,0.5,3,0.8512627895319571,0.29618084879540235,Industry Analysts
The Devil Wears Prada 2,THE_0397,The fashion sequences look incredible. The plot remains to be seen. Can't wait.,Twitter/X,,2025-10-09,2025-10-09T11:40:00,304,114,4,41,10,the fashion sequences look incredible the plot remains to be seen can't wait,fashion sequences look incredible plot remains seen can't wait,6.400257445308821,13,79,6.076923076923077,0.038,0.0,0.0,2.0,0.0,Thursday,False,Viral,0.0,0.0,0.0,1.0,neutral,0.9,0.9,3,0.0032747170487140665,-0.0644017913370358,Industry Analysts
The Devil Wears Prada 2,THE_0045,Hoping they address the toxic workplace dynamics more critically this time. Real talk.,Instagram,,2025-08-21,2025-08-21T05:56:00,247,25,34,34,8,hoping they address the toxic workplace dynamics more critically this time real talk,hoping address toxic workplace dynamics critically time real talk,6.022236205774735,13,86,6.615384615384615,0.0233,0.0,0.0,0.0,0.0,Thursday,False,Viral,0.5994,0.308,0.0,0.692,positive,0.2333,0.5333,2,-0.018232431948017404,-0.10000091459050521,Cautious Fans
The Devil Wears Prada 2,THE_0148,The original didn't need a sequel. Hope they don't ruin the legacy. Can't wait.,Instagram,,2025-08-17,2025-08-17T23:26:00,218,12,10,33,8,the original didn't need a sequel hope they don't ruin the legacy can't wait,original didn't sequel hope don't ruin legacy can't wait,5.631211781821365,14,79,5.642857142857143,0.038,0.0,0.0,1.0,1.0,Sunday,True,High,0.8059,0.429,0.0,0.571,positive,0.375,0.75,1,-0.06790972799496293,-0.02741156661347458,Fashion Insiders
The Devil Wears Prada 2,THE_0358,The demographic skew toward 25-45 women is very clear in the marketing. Smart targeting. Genuinely can't stop thinking about this.,Instagram,,2025-09-07,2025-09-07T09:36:00,124,13,18,36,9,the demographic skew toward 25 45 women is very clear in the marketing smart targeting genuinely can't stop thinking about this,demographic skew toward women clear marketing smart targeting genuinely can't stop thinking,5.354224998486333,20,130,6.5,0.0231,0.0,0.0,0.0,0.0,Sunday,True,High,0.7566,0.294,0.0,0.706,positive,0.2481,0.5471,3,-0.029767267322012857,-0.019607754936917056,Industry Analysts
The Devil Wears Prada 2,THE_0113,The writing needs to be sharp. Fashion satire works best when it's uncomfortable. Anyone else feel this way?,YouTube comments,,2025-08-18,2025-08-18T02:17:00,142,52,11,34,8,the writing needs to be sharp fashion satire works best when it's uncomfortable anyone else feel this way,writing needs sharp fashion satire works best it's uncomfortable anyone else,5.723585101952381,18,108,6.0,0.0278,0.0,1.0,0.0,0.0,Monday,False,High,0.3818,0.184,0.114,0.702,positive,0.125,0.6833,3,0.008156057686922498,-0.01469618377196582,Industry Analysts
The Devil Wears Prada 2,THE_0023,I've been waiting for this sequel for 15 years. Miranda Priestly is back and I am NOT ready. Thoughts?,Reddit,r/TrueFilm,2025-08-10,2025-08-10T16:15:00,309,113,40,32,8,i've been waiting for this sequel for 15 years miranda priestly is back and i am not ready thoughts,i've waiting sequel years miranda priestly back ready thoughts,6.568779912142806,19,102,5.368421052631579,0.0784,0.0,1.0,1.0,0.0,Sunday,True,Viral,-0.2755,0.0,0.105,0.895,negative,-0.05,0.25,3,-0.019222698361853256,-0.03852507985338904,Industry Analysts
The Devil Wears Prada 2,THE_0443,Devil Wears Prada 2 is giving me everything I didn't know I needed. The casting looks *chef's kiss*. Hot take.,Instagram,,2025-10-10,2025-10-10T01:53:00,134,52,12,41,10,devil wears prada 2 is giving me everything i didn't know i needed the casting looks chef's kiss hot take,devil wears prada giving everything didn't needed casting looks chef's kiss hot take,5.707110264748875,20,110,5.5,0.0636,0.0,0.0,0.0,0.0,Friday,False,High,-0.0516,0.195,0.165,0.639,negative,0.25,0.85,1,-0.3808709643423099,0.68284780202369,Fashion Insiders
The Devil Wears Prada 2,THE_0138,Box office tracking says this is projected to open at 60M+. Makes sense given the IP.,Instagram,,2025-10-18,2025-10-18T07:41:00,202,76,11,42,10,box office tracking says this is projected to open at 60m makes sense given the ip,box office tracking says projected open 60m makes sense given,6.054439346269371,16,85,5.3125,0.0588,0.0,0.0,0.0,0.0,Saturday,True,Viral,0.0,0.0,0.0,1.0,neutral,0.0,0.5,3,0.8885626670460115,0.31411961530652177,Industry Analysts
The Devil Wears Prada 2,THE_0141,This is the fashion girl movie of the decade. Period. Real talk.,Instagram,,2025-10-23,2025-10-23T03:53:00,78,23,10,43,10,this is the fashion girl movie of the decade period real talk,fashion girl movie decade period real talk,5.1149953094204985,12,64,5.333333333333333,0.0469,0.0,0.0,0.0,0.0,Thursday,False,High,0.0,0.0,0.0,1.0,neutral,0.2,0.3,3,0.00023445668531574056,-0.01647296346963131,Industry Analysts
The Devil Wears Prada 2,THE_0006,This is the fashion girl movie of the decade. Period. Thoughts?,Reddit,r/TrueFilm,2025-08-30,2025-08-30T03:24:00,83,12,1,35,8,this is the fashion girl movie of the decade period thoughts,fashion girl movie decade period thoughts,4.762173934797756,11,63,5.7272727272727275,0.0476,0.0,1.0,0.0,0.0,Saturday,True,High,0.0,0.0,0.0,1.0,neutral,0.0,0.0,3,-0.004717538374748711,-0.031875103580405795,Industry Analysts
The Devil Wears Prada 2,THE_0056,The original is a masterpiece of corporate satire. Sequel has massive shoes to fill. Real talk.,Instagram,,2025-09-25,2025-09-25T18:38:00,398,19,19,39,9,the original is a masterpiece of corporate satire sequel has massive shoes to fill real talk,original masterpiece corporate satire sequel massive shoes fill real talk,6.221583712158617,16,95,5.9375,0.0316,0.0,0.0,1.0,0.0,Thursday,False,Viral,0.7506,0.314,0.0,0.686,positive,0.1437,0.5125,3,-0.0387948837687895,-0.05769859699617249,Industry Analysts
The Devil Wears Prada 2,THE_0197,I've been waiting for this sequel for 15 years. Miranda Priestly is back and I am NOT ready. Real talk.,Reddit,r/boxoffice,2025-08-11,2025-08-11T11:14:00,121,21,7,33,8,i've been waiting for this sequel for 15 years miranda priestly is back and i am not ready real talk,i've waiting sequel years miranda priestly back ready real talk,5.27556037942542,20,103,5.15,0.0777,0.0,0.0,1.0,0.0,Monday,False,High,-0.2755,0.0,0.1,0.9,negative,0.0333,0.2667,3,-0.015190143958254241,-0.027347189640854083,Industry Analysts
The Devil Wears Prada 2,THE_0217,"The teaser just dropped and I'm already emotional. Fashion, power, and Meryl Streep. Anyone else feel this way?",YouTube comments,,2025-10-13,2025-10-13T04:33:00,220,39,25,42,10,the teaser just dropped and i'm already emotional fashion power and meryl streep anyone else feel this way,teaser dropped i'm emotional fashion power meryl streep anyone else,5.975081067857458,18,111,6.166666666666667,0.0541,0.0,1.0,3.0,0.0,Monday,False,High,-0.1027,0.082,0.102,0.816,negative,0.0,0.65,3,-0.010148974262638782,-0.07338513372198616,Industry Analysts
The Devil Wears Prada 2,THE_0416,This will be fascinating to analyze from an audience reception standpoint. Hot take.,YouTube comments,,2025-08-29,2025-08-29T00:57:00,106,11,5,35,8,this will be fascinating to analyze from an audience reception standpoint hot take,fascinating analyze audience reception standpoint hot take,5.0072963928307415,13,84,6.461538461538462,0.0238,0.0,0.0,0.0,0.0,Friday,False,High,0.5423,0.226,0.0,0.774,positive,0.475,0.85,3,-0.024628150380498145,-0.00678291268027075,Industry Analysts
The Devil Wears Prada 2,THE_0244,The writing needs to be sharp. Fashion satire works best when it's uncomfortable. Anyone else feel this way?,Instagram,,2025-10-18,2025-10-18T10:10:00,227,52,12,42,10,the writing needs to be sharp fashion satire works best when it's uncomfortable anyone else feel this way,writing needs sharp fashion satire works best it's uncomfortable anyone else,5.976350909297934,18,108,6.0,0.0278,0.0,1.0,0.0,0.0,Saturday,True,High,0.3818,0.184,0.114,0.702,positive,0.125,0.6833,3,0.008156057686922498,-0.01469618377196582,Industry Analysts
The Devil Wears Prada 2,THE_0127,The pacing of the trailer felt a bit rushed. Hope the actual film breathes more. Fight me.,TikTok comments,,2025-09-14,2025-09-14T18:19:00,205,49,4,37,9,the pacing of the trailer felt a bit rushed hope the actual film breathes more fight me,pacing trailer felt bit rushed hope actual film breathes fight,5.830415125589567,17,90,5.294117647058823,0.0333,0.0,0.0,0.0,0.0,Sunday,True,High,0.0018,0.139,0.139,0.721,neutral,0.25,0.3,3,-0.015427949789312348,-0.016327788715480806,Industry Analysts
The Devil Wears Prada 2,THE_0245,Not sure how they'll top the original. The bar is literally Meryl Streep at peak Meryl. Genuinely can't stop thinking about this.,Instagram,,2025-10-02,2025-10-02T22:36:00,230,52,18,40,10,not sure how they'll top the original the bar is literally meryl streep at peak meryl genuinely can't stop thinking about this,sure they'll top original bar literally meryl streep peak meryl genuinely can't stop thinking,6.028278520230698,22,129,5.863636363636363,0.0465,0.0,0.0,0.0,0.0,Thursday,False,Viral,0.4635,0.231,0.076,0.694,positive,0.2562,0.6597,3,-0.07474204235364781,-0.11997643259335262,Industry Analysts
The Devil Wears Prada 2,THE_0442,The writing needs to be sharp. Fashion satire works best when it's uncomfortable. Genuinely can't stop thinking about this.,Twitter/X,,2025-10-29,2025-10-29T21:06:00,312,44,5,44,10,the writing needs to be sharp fashion satire works best when it's uncomfortable genuinely can't stop thinking about this,writing needs sharp fashion satire works best it's uncomfortable genuinely can't stop thinking,6.082218910376446,19,123,6.473684210526316,0.0244,0.0,0.0,0.0,0.0,Wednesday,False,Viral,0.5405,0.247,0.105,0.648,positive,0.1938,0.6375,3,-0.03377889685460856,-0.022487647267653132,Industry Analysts
The Devil Wears Prada 2,THE_0035,Anne Hathaway returning means this is going to be emotionally devastating. I'm prepared. Can't wait.,TikTok comments,,2025-10-22,2025-10-22T09:29:00,310,44,8,43,10,anne hathaway returning means this is going to be emotionally devastating i'm prepared can't wait,anne hathaway returning means emotionally devastating i'm prepared can't wait,6.09807428216624,15,100,6.666666666666667,0.04,0.0,0.0,3.0,0.0,Wednesday,False,Viral,-0.5267,0.099,0.224,0.677,negative,-1.0,1.0,0,-0.025277157953012958,-0.10619926305755915,Nostalgia Advocates
The Devil Wears Prada 2,THE_0184,The costume design alone justifies a ticket. Anna Wintour era aesthetic is peak cinema. Hot take.,Reddit,r/femalefashionadvice,2025-09-02,2025-09-02T23:54:00,190,46,12,36,9,the costume design alone justifies a ticket anna wintour era aesthetic is peak cinema hot take,costume design alone justifies ticket anna wintour era aesthetic peak cinema hot take,5.834810737062605,16,97,6.0625,0.0412,0.0,0.0,0.0,0.0,Tuesday,False,High,-0.25,0.0,0.118,0.882,negative,0.25,0.85,3,-0.027919910775097756,-0.026993622284535765,Industry Analysts
The Devil Wears Prada 2,THE_0124,"The teaser just dropped and I'm already emotional. Fashion, power, and Meryl Streep. Genuinely can't stop thinking about this.",TikTok comments,,2025-09-22,2025-09-22T18:43:00,255,51,11,39,9,the teaser just dropped and i'm already emotional fashion power and meryl streep genuinely can't stop thinking about this,teaser dropped i'm emotional fashion power meryl streep genuinely can't stop thinking,6.031886461606898,19,126,6.631578947368421,0.0476,0.0,0.0,3.0,0.0,Monday,False,Viral,0.125,0.162,0.093,0.745,positive,0.2,0.575,3,-0.06023279699092233,-0.07920390730179354,Industry Analysts
The Devil Wears Prada 2,THE_0235,Devil Wears Prada shaped my entire career path. This sequel feels personal. Fight me.,Reddit,r/femalefashionadvice,2025-09-07,2025-09-07T12:55:00,31,4,0,36,9,devil wears prada shaped my entire career path this sequel feels personal fight me,devil wears prada shaped entire career path sequel feels personal fight,3.737669618283368,14,85,6.071428571428571,0.0588,0.0,0.0,0.0,0.0,Sunday,True,Medium,-0.7906,0.0,0.368,0.632,negative,0.0,0.4625,1,-0.1981564295286104,0.3405719881457847,Fashion Insiders
The Devil Wears Prada 2,THE_0444,Not sure how they'll top the original. The bar is literally Meryl Streep at peak Meryl. Real talk.,Instagram,,2025-08-31,2025-08-31T15:19:00,193,68,14,35,8,not sure how they'll top the original the bar is literally meryl streep at peak meryl real talk,sure they'll top original bar literally meryl streep peak meryl real talk,6.0063531596017325,18,98,5.444444444444445,0.0612,0.0,0.0,0.0,0.0,Sunday,True,Viral,0.2819,0.195,0.093,0.712,positive,0.2062,0.6097,3,-0.04802280715013807,-0.10823762155493484,Industry Analysts
The Devil Wears Prada 2,THE_0261,Every fashion editor I know has already pre-booked opening weekend. Genuinely can't stop thinking about this.,TikTok comments,,2025-08-12,2025-08-12T20:36:00,166,45,22,33,8,every fashion editor i know has already pre booked opening weekend genuinely can't stop thinking about this,every fashion editor pre booked opening weekend genuinely can't stop thinking,5.844992643207725,16,109,6.8125,0.0275,0.0,0.0,2.0,0.0,Tuesday,False,High,0.2235,0.106,0.0,0.894,positive,0.4,0.5,3,-0.037564480353810784,-0.019356664444904404,Industry Analysts
The Devil Wears Prada 2,THE_0169,The demographic skew toward 25-45 women is very clear in the marketing. Smart targeting. Can't wait.,Instagram,,2025-08-10,2025-08-10T12:55:00,87,29,10,32,8,the demographic skew toward 25 45 women is very clear in the marketing smart targeting can't wait,demographic skew toward women clear marketing smart targeting can't wait,5.249652194566756,16,100,6.25,0.03,0.0,0.0,1.0,0.0,Sunday,True,High,0.6801,0.272,0.0,0.728,positive,0.1721,0.5706,3,0.0022751682696645144,-0.0556413759926744,Industry Analysts
The Devil Wears Prada 2,THE_0302,The writing needs to be sharp. Fashion satire works best when it's uncomfortable. Anyone else feel this way?,TikTok comments,,2025-08-24,2025-08-24T17:41:00,372,36,32,34,8,the writing needs to be sharp fashion satire works best when it's uncomfortable anyone else feel this way,writing needs sharp fashion satire works best it's uncomfortable anyone else,6.326149473155099,18,108,6.0,0.0278,0.0,1.0,0.0,0.0,Sunday,True,Viral,0.3818,0.184,0.114,0.702,positive,0.125,0.6833,3,0.008156057686922498,-0.01469618377196582,Industry Analysts
The Devil Wears Prada 2,THE_0278,I'll watch it but I have reservations. Fashion films are very of-their-moment. Hot take.,Reddit,r/Oscars,2025-09-30,2025-09-30T01:18:00,214,80,4,40,9,i'll watch it but i have reservations fashion films are very of their moment hot take,i'll watch reservations fashion films moment hot take,6.056784013228625,14,88,6.285714285714286,0.0455,0.0,0.0,0.0,1.0,Tuesday,False,Viral,0.0,0.0,0.0,1.0,neutral,0.225,0.575,3,-0.028647508430532192,-0.05169547158355704,Industry Analysts
The Devil Wears Prada 2,THE_0445,Devil Wears Prada 2 is giving me everything I didn't know I needed. The casting looks *chef's kiss*. Real talk.,Reddit,r/Oscars,2025-10-26,2025-10-26T19:09:00,116,42,14,43,10,devil wears prada 2 is giving me everything i didn't know i needed the casting looks chef's kiss real talk,devil wears prada giving everything didn't needed casting looks chef's kiss real talk,5.575949103146316,20,111,5.55,0.0631,0.0,0.0,0.0,0.0,Sunday,True,High,-0.0516,0.195,0.165,0.639,negative,0.2,0.3,1,-0.3653418761730718,0.6909993236832944,Fashion Insiders
The Devil Wears Prada 2,THE_0229,The demographic skew toward 25-45 women is very clear in the marketing. Smart targeting. Thoughts?,Instagram,,2025-08-20,2025-08-20T05:42:00,118,12,16,34,8,the demographic skew toward 25 45 women is very clear in the marketing smart targeting thoughts,demographic skew toward women clear marketing smart targeting thoughts,5.2832037287379885,15,98,6.533333333333333,0.0306,0.0,1.0,0.0,0.0,Wednesday,False,High,0.6801,0.285,0.0,0.715,positive,0.1721,0.5706,3,-0.002362393769970946,-0.012661591637443506,Industry Analysts
The Devil Wears Prada 2,THE_0059,The original is a masterpiece of corporate satire. Sequel has massive shoes to fill. Can't wait.,Twitter/X,,2025-09-30,2025-09-30T19:54:00,347,20,15,40,9,the original is a masterpiece of corporate satire sequel has massive shoes to fill can't wait,original masterpiece corporate satire sequel massive shoes fill can't wait,6.093569770045136,16,96,6.0,0.0312,0.0,0.0,2.0,0.0,Tuesday,False,Viral,0.7506,0.314,0.0,0.686,positive,0.125,0.5833,3,-0.036527360846632204,-0.11232180918624572,Industry Analysts
The Devil Wears Prada 2,THE_0425,Sequels to perfect movies almost never work. I'm cautiously optimistic but nervous. Anyone else feel this way?,Twitter/X,,2025-10-02,2025-10-02T20:20:00,186,71,22,40,10,sequels to perfect movies almost never work i'm cautiously optimistic but nervous anyone else feel this way,sequels perfect movies almost never work i'm cautiously optimistic nervous anyone else,6.064947323867785,17,110,6.470588235294118,0.0273,0.0,1.0,0.0,1.0,Thursday,False,Viral,0.09,0.194,0.128,0.678,positive,1.0,1.0,3,0.0039308762816802545,-0.005397087667570688,Industry Analysts
The Devil Wears Prada 2,THE_0249,Some of the new casting choices are surprising. Trust the director but will reserve judgment. Can't wait.,Reddit,r/Oscars,2025-09-10,2025-09-10T13:09:00,130,11,1,37,9,some of the new casting choices are surprising trust the director but will reserve judgment can't wait,new casting choices surprising trust director reserve judgment can't wait,5.084505142662711,17,105,6.176470588235294,0.0286,0.0,0.0,1.0,0.0,Wednesday,False,High,0.4019,0.198,0.0,0.802,positive,0.4182,0.4773,1,-0.021178295937956133,-0.004891766262686105,Fashion Insiders
The Devil Wears Prada 2,THE_0161,The nostalgia economy is real. Studios know exactly what they're doing with this IP. Genuinely can't stop thinking about this.,Reddit,r/TrueFilm,2025-09-13,2025-09-13T11:00:00,239,70,12,37,9,the nostalgia economy is real studios know exactly what they're doing with this ip genuinely can't stop thinking about this,nostalgia economy real studios exactly they're doing genuinely can't stop thinking,6.111467339502679,20,126,6.3,0.0397,0.0,0.0,0.0,0.0,Saturday,True,Viral,0.2235,0.09,0.0,0.91,positive,0.2833,0.35,1,-0.042232191020370166,-0.016750182459027152,Fashion Insiders
The Devil Wears Prada 2,THE_0246,The original is a masterpiece of corporate satire. Sequel has massive shoes to fill. Fight me.,Reddit,r/femalefashionadvice,2025-10-14,2025-10-14T09:50:00,121,34,17,42,10,the original is a masterpiece of corporate satire sequel has massive shoes to fill fight me,original masterpiece corporate satire sequel massive shoes fill fight,5.552959584921617,16,94,5.875,0.0319,0.0,0.0,1.0,0.0,Tuesday,False,High,0.5859,0.291,0.118,0.591,positive,0.125,0.5833,3,-0.04091552065052873,-0.07053948709594408,Industry Analysts
The Devil Wears Prada 2,THE_0355,Hoping they address the toxic workplace dynamics more critically this time.,YouTube comments,,2025-09-26,2025-09-26T03:49:00,187,32,23,39,9,hoping they address the toxic workplace dynamics more critically this time,hoping address toxic workplace dynamics critically time,5.820082930352362,11,75,6.818181818181818,0.0133,0.0,0.0,0.0,0.0,Friday,False,High,0.5994,0.353,0.0,0.647,positive,0.25,0.65,2,-0.022612509068045232,-0.1228891180318247,Cautious Fans
The Devil Wears Prada 2,THE_0418,Devil Wears Prada shaped my entire career path. This sequel feels personal. Can't wait.,TikTok comments,,2025-08-08,2025-08-08T07:36:00,102,34,14,32,8,devil wears prada shaped my entire career path this sequel feels personal can't wait,devil wears prada shaped entire career path sequel feels personal can't wait,5.438079308923196,14,87,6.214285714285714,0.0575,0.0,0.0,1.0,0.0,Friday,False,High,-0.6597,0.0,0.253,0.747,negative,0.0,0.4625,1,-0.19169887026170054,0.29449298945631175,Fashion Insiders
The Devil Wears Prada 2,THE_0016,The industry commentary in the original was years ahead of its time. Can't wait to see 2024 through that lens. Genuinely can't stop thinking about this.,Instagram,,2025-10-20,2025-10-20T09:53:00,142,15,19,43,10,the industry commentary in the original was years ahead of its time can't wait to see 2024 through that lens genuinely can't stop thinking about this,industry commentary original years ahead time can't wait see 2024 through lens genuinely can't stop thinking,5.470167623474696,26,152,5.846153846153846,0.0197,0.0,0.0,1.0,0.0,Monday,False,High,0.4919,0.149,0.0,0.851,positive,0.3875,0.625,2,-0.05933137759360043,-0.4544392846348341,Cautious Fans
The Devil Wears Prada 2,THE_0155,The industry commentary in the original was years ahead of its time. Can't wait to see 2024 through that lens. Thoughts?,TikTok comments,,2025-08-20,2025-08-20T21:59:00,151,24,6,34,8,the industry commentary in the original was years ahead of its time can't wait to see 2024 through that lens thoughts,industry commentary original years ahead time can't wait see 2024 through lens thoughts,5.438079308923196,21,120,5.714285714285714,0.025,0.0,1.0,1.0,0.0,Wednesday,False,High,0.3182,0.103,0.0,0.897,positive,0.375,0.75,2,-0.036499760908930146,-0.48263345437415783,Cautious Fans
The Devil Wears Prada 2,THE_0174,Interesting that they're releasing this during awards season. Strategic positioning. Thoughts?,Instagram,,2025-09-14,2025-09-14T23:52:00,135,15,16,37,9,interesting that they're releasing this during awards season strategic positioning thoughts,interesting they're releasing during awards season strategic positioning thoughts,5.40042258948519,11,94,8.545454545454545,0.0319,0.0,1.0,0.0,0.0,Sunday,True,High,0.6908,0.388,0.0,0.612,positive,0.5,0.5,3,-0.018734726278069224,-0.020541216699101486,Industry Analysts
The Devil Wears Prada 2,THE_0064,The fashion sequences look incredible. The plot remains to be seen. Anyone else feel this way?,YouTube comments,,2025-10-21,2025-10-21T08:49:00,98,13,4,43,10,the fashion sequences look incredible the plot remains to be seen anyone else feel this way,fashion sequences look incredible plot remains seen anyone else,4.966335035199676,16,94,5.875,0.0319,0.0,1.0,1.0,0.0,Tuesday,False,High,0.0,0.0,0.0,1.0,neutral,0.9,0.9,3,0.017711987687897692,-0.014606623483421167,Industry Analysts
The Devil Wears Prada 2,THE_0270,The original is a masterpiece of corporate satire. Sequel has massive shoes to fill. Anyone else feel this way?,YouTube comments,,2025-10-30,2025-10-30T09:44:00,88,19,11,44,10,the original is a masterpiece of corporate satire sequel has massive shoes to fill anyone else feel this way,original masterpiece corporate satire sequel massive shoes fill anyone else,5.1328529268205045,19,111,5.842105263157895,0.027,0.0,1.0,1.0,0.0,Thursday,False,High,0.7506,0.274,0.0,0.726,positive,0.125,0.5833,3,-0.021642117651313356,-0.06507659346448205,Industry Analysts
The Devil Wears Prada 2,THE_0011,Box office tracking says this is projected to open at 60M+. Makes sense given the IP. Real talk.,YouTube comments,,2025-10-11,2025-10-11T17:16:00,134,19,5,41,10,box office tracking says this is projected to open at 60m makes sense given the ip real talk,box office tracking says projected open 60m makes sense given real talk,5.285738584341177,18,96,5.333333333333333,0.0625,0.0,0.0,0.0,0.0,Saturday,True,High,0.0,0.0,0.0,1.0,neutral,0.1,0.4,3,0.8276253138833857,0.3015930663365729,Industry Analysts
The Devil Wears Prada 2,THE_0373,Meryl Streep in a sequel? She doesn't do sequels. This must be THAT good. Thoughts?,Instagram,,2025-09-26,2025-09-26T11:46:00,98,5,9,39,9,meryl streep in a sequel she doesn't do sequels this must be that good thoughts,meryl streep sequel doesn't sequels must good thoughts,4.930870325627393,15,83,5.533333333333333,0.1084,0.0,2.0,0.0,0.0,Friday,False,High,0.4404,0.172,0.0,0.828,positive,0.7,0.6,3,-0.052632563577228106,-0.06230127779564537,Industry Analysts
The Devil Wears Prada 2,THE_0159,Hoping they address the toxic workplace dynamics more critically this time. Thoughts?,TikTok comments,,2025-09-05,2025-09-05T18:14:00,220,53,5,36,9,hoping they address the toxic workplace dynamics more critically this time thoughts,hoping address toxic workplace dynamics critically time thoughts,5.909440711629391,12,85,7.083333333333333,0.0235,0.0,1.0,0.0,0.0,Friday,False,High,0.5994,0.329,0.0,0.671,positive,0.25,0.65,2,-0.02293776013200024,-0.11542901528327291,Cautious Fans
The Devil Wears Prada 2,THE_0085,Anne Hathaway returning means this is going to be emotionally devastating. I'm prepared. Genuinely can't stop thinking about this.,Instagram,,2025-08-31,2025-08-31T23:26:00,181,41,6,35,8,anne hathaway returning means this is going to be emotionally devastating i'm prepared genuinely can't stop thinking about this,anne hathaway returning means emotionally devastating i'm prepared genuinely can't stop thinking,5.712081277470896,19,130,6.842105263157895,0.0308,0.0,0.0,2.0,0.0,Sunday,True,High,-0.3637,0.157,0.179,0.664,negative,-0.3,0.75,0,-0.06073258626532543,-0.06544536754747479,Nostalgia Advocates
The Devil Wears Prada 2,THE_0015,Can we talk about how perfectly aged this story is? The fashion industry critique hits differently now. Genuinely can't stop thinking about this.,TikTok comments,,2025-08-01,2025-08-01T23:56:00,337,51,10,31,8,can we talk about how perfectly aged this story is the fashion industry critique hits differently now genuinely can't stop thinking about this,talk perfectly aged story fashion industry critique hits differently genuinely can't stop thinking,6.205567353770043,23,145,6.304347826086956,0.0207,0.0,1.0,0.0,0.0,Friday,False,Viral,0.7259,0.225,0.0,0.775,positive,0.1,0.5,1,-0.04138363738896192,-0.056688985770019296,Fashion Insiders
The Devil Wears Prada 2,THE_0383,Good trailer. Not great. But the bar for the actual film is set correctly. Can't wait.,Twitter/X,,2025-10-23,2025-10-23T21:41:00,192,31,17,43,10,good trailer not great but the bar for the actual film is set correctly can't wait,good trailer great bar actual film set correctly can't wait,5.772997543677674,16,86,5.375,0.0465,0.0,0.0,1.0,0.0,Thursday,False,High,-0.0508,0.108,0.119,0.774,negative,0.1,0.4833,3,-0.00914440625554493,-0.06365820168654535,Industry Analysts
The Devil Wears Prada 2,THE_0065,Every fashion editor I know has already pre-booked opening weekend. Fight me.,Twitter/X,,2025-08-31,2025-08-31T08:21:00,116,23,12,35,8,every fashion editor i know has already pre booked opening weekend fight me,every fashion editor pre booked opening weekend fight,5.349485653122436,12,77,6.416666666666667,0.039,0.0,0.0,2.0,0.0,Sunday,True,High,-0.3818,0.0,0.178,0.822,negative,0.0,0.0,3,-0.007439315632470295,-0.013577002145310674,Industry Analysts
The Devil Wears Prada 2,THE_0108,Hoping they address the toxic workplace dynamics more critically this time. Fight me.,YouTube comments,,2025-10-03,2025-10-03T20:28:00,216,24,13,40,10,hoping they address the toxic workplace dynamics more critically this time fight me,hoping address toxic workplace dynamics critically time fight,5.755742213586912,13,85,6.538461538461538,0.0235,0.0,0.0,0.0,0.0,Friday,False,High,0.3182,0.28,0.149,0.571,positive,0.25,0.65,2,-0.021488332209203945,-0.11900263052182232,Cautious Fans
The Devil Wears Prada 2,THE_0429,This will be fascinating to analyze from an audience reception standpoint. Thoughts?,YouTube comments,,2025-09-14,2025-09-14T10:10:00,246,40,5,37,9,this will be fascinating to analyze from an audience reception standpoint thoughts,fascinating analyze audience reception standpoint thoughts,5.8916442118257715,12,84,7.0,0.0238,0.0,1.0,0.0,0.0,Sunday,True,High,0.5423,0.241,0.0,0.759,positive,0.7,0.85,3,-0.009994738970134044,-0.00915660707844575,Industry Analysts
The Devil Wears Prada 2,THE_0384,Devil Wears Prada 2 is giving me everything I didn't know I needed. The casting looks *chef's kiss*. Genuinely can't stop thinking about this.,YouTube comments,,2025-09-01,2025-09-01T02:59:00,346,132,15,36,9,devil wears prada 2 is giving me everything i didn't know i needed the casting looks chef's kiss genuinely can't stop thinking about this,devil wears prada giving everything didn't needed casting looks chef's kiss genuinely can't stop thinking,6.582025138892826,24,142,5.916666666666667,0.0493,0.0,0.0,0.0,0.0,Monday,False,Viral,0.1749,0.225,0.14,0.635,positive,0.4,0.5,1,-0.37988505714558285,0.645807826846829,Fashion Insiders
The Devil Wears Prada 2,THE_0265,Anne Hathaway returning means this is going to be emotionally devastating. I'm prepared. Can't wait.,Reddit,r/femalefashionadvice,2025-08-24,2025-08-24T00:47:00,124,37,12,34,8,anne hathaway returning means this is going to be emotionally devastating i'm prepared can't wait,anne hathaway returning means emotionally devastating i'm prepared can't wait,5.535363823031238,15,100,6.666666666666667,0.04,0.0,0.0,3.0,0.0,Sunday,True,High,-0.5267,0.099,0.224,0.677,negative,-1.0,1.0,0,-0.025277157953012958,-0.10619926305755915,Nostalgia Advocates
The Devil Wears Prada 2,THE_0002,I've been waiting for this sequel for 15 years. Miranda Priestly is back and I am NOT ready. Can't wait.,Instagram,,2025-08-01,2025-08-01T05:44:00,105,13,9,31,8,i've been waiting for this sequel for 15 years miranda priestly is back and i am not ready can't wait,i've waiting sequel years miranda priestly back ready can't wait,5.1089711948171175,20,104,5.2,0.0769,0.0,0.0,2.0,0.0,Friday,False,High,-0.2755,0.0,0.1,0.9,negative,-0.05,0.25,3,-0.014370999337200801,-0.07834379243743936,Industry Analysts
The Devil Wears Prada 2,THE_0412,Box office tracking says this is projected to open at 60M+. Makes sense given the IP.,YouTube comments,,2025-08-24,2025-08-24T08:17:00,275,54,16,34,8,box office tracking says this is projected to open at 60m makes sense given the ip,box office tracking says projected open 60m makes sense given,6.129050210060545,16,85,5.3125,0.0588,0.0,0.0,0.0,0.0,Sunday,True,Viral,0.0,0.0,0.0,1.0,neutral,0.0,0.5,3,0.8885626670460115,0.31411961530652177,Industry Analysts
The Devil Wears Prada 2,THE_0420,Sequels to perfect movies almost never work. I'm cautiously optimistic but nervous. Hot take.,Instagram,,2025-10-12,2025-10-12T18:09:00,334,98,19,41,10,sequels to perfect movies almost never work i'm cautiously optimistic but nervous hot take,sequels perfect movies almost never work i'm cautiously optimistic nervous hot take,6.456769655572163,14,93,6.642857142857143,0.0323,0.0,0.0,0.0,1.0,Sunday,True,Viral,0.09,0.227,0.15,0.623,positive,0.625,0.925,3,-0.0246948834120945,-0.005190871036851946,Industry Analysts
The Devil Wears Prada 2,THE_0294,The nostalgia economy is real. Studios know exactly what they're doing with this IP.,Reddit,r/TrueFilm,2025-10-11,2025-10-11T06:30:00,135,42,15,41,10,the nostalgia economy is real studios know exactly what they're doing with this ip,nostalgia economy real studios exactly they're doing,5.655991810819852,14,84,6.0,0.0476,0.0,0.0,0.0,0.0,Saturday,True,High,0.0,0.0,0.0,1.0,neutral,0.225,0.275,1,-0.01282698822818156,-0.008600767996885741,Fashion Insiders
The Devil Wears Prada 2,THE_0007,Anne Hathaway returning means this is going to be emotionally devastating. I'm prepared. Fight me.,TikTok comments,,2025-09-04,2025-09-04T22:59:00,118,21,4,36,9,anne hathaway returning means this is going to be emotionally devastating i'm prepared fight me,anne hathaway returning means emotionally devastating i'm prepared fight,5.212214667494625,15,98,6.533333333333333,0.0408,0.0,0.0,2.0,0.0,Thursday,False,High,-0.7184,0.091,0.332,0.577,negative,-1.0,1.0,0,-0.029586550118000668,-0.06202926932009468,Nostalgia Advocates
The Devil Wears Prada 2,THE_0037,Interesting that they're releasing this during awards season. Strategic positioning. Genuinely can't stop thinking about this.,Twitter/X,,2025-09-01,2025-09-01T11:18:00,481,82,9,36,9,interesting that they're releasing this during awards season strategic positioning genuinely can't stop thinking about this,interesting they're releasing during awards season strategic positioning genuinely can't stop thinking,6.570882962339584,16,126,7.875,0.0238,0.0,0.0,0.0,0.0,Monday,False,Viral,0.7641,0.369,0.0,0.631,positive,0.45,0.5,3,-0.04347617115970146,-0.026604861475707973,Industry Analysts
The Devil Wears Prada 2,THE_0387,The pacing of the trailer felt a bit rushed. Hope the actual film breathes more. Genuinely can't stop thinking about this.,Twitter/X,,2025-09-04,2025-09-04T23:56:00,93,8,11,36,9,the pacing of the trailer felt a bit rushed hope the actual film breathes more genuinely can't stop thinking about this,pacing trailer felt bit rushed hope actual film breathes genuinely can't stop thinking,4.990432586778736,21,122,5.809523809523809,0.0246,0.0,0.0,0.0,0.0,Thursday,False,High,0.6189,0.21,0.0,0.79,positive,0.3,0.3667,3,-0.04202381008671417,-0.02156234416507039,Industry Analysts
The Devil Wears Prada 2,THE_0178,Anne Hathaway returning means this is going to be emotionally devastating. I'm prepared.,TikTok comments,,2025-08-05,2025-08-05T01:23:00,103,7,7,32,8,anne hathaway returning means this is going to be emotionally devastating i'm prepared,anne hathaway returning means emotionally devastating i'm prepared,4.959341999708705,13,88,6.769230769230769,0.0341,0.0,0.0,2.0,0.0,Tuesday,False,High,-0.5267,0.11,0.25,0.64,negative,-1.0,1.0,0,-0.031438654501899733,-0.06343272170320657,Nostalgia Advocates
The Devil Wears Prada 2,THE_0055,The demographic skew toward 25-45 women is very clear in the marketing. Smart targeting. Anyone else feel this way?,Twitter/X,,2025-08-23,2025-08-23T19:36:00,161,45,10,34,8,the demographic skew toward 25 45 women is very clear in the marketing smart targeting anyone else feel this way,demographic skew toward women clear marketing smart targeting anyone else,5.718671087149952,19,115,6.052631578947368,0.0261,0.0,1.0,0.0,0.0,Saturday,True,High,0.6801,0.237,0.0,0.763,positive,0.1721,0.5706,3,0.01576860423226693,-0.010384572049018983,Industry Analysts
The Devil Wears Prada 2,THE_0097,Fashion Twitter is absolutely losing it. Rightfully so. Thoughts?,Twitter/X,,2025-08-01,2025-08-01T13:28:00,227,25,4,31,8,fashion twitter is absolutely losing it rightfully so thoughts,fashion twitter absolutely losing rightfully thoughts,5.712081277470896,9,65,7.222222222222222,0.0615,0.0,1.0,0.0,0.0,Friday,False,High,-0.4391,0.0,0.266,0.734,negative,0.2,0.9,3,-0.019145999960406845,-0.03622668228991035,Industry Analysts
The Devil Wears Prada 2,THE_0370,Meryl Streep in a sequel? She doesn't do sequels. This must be THAT good. Can't wait.,Instagram,,2025-09-13,2025-09-13T03:55:00,157,32,1,37,9,meryl streep in a sequel she doesn't do sequels this must be that good can't wait,meryl streep sequel doesn't sequels must good can't wait,5.484796933490655,16,85,5.3125,0.1059,0.0,1.0,1.0,0.0,Saturday,True,High,0.4404,0.162,0.0,0.838,positive,0.7,0.6,3,-0.04836048848547964,-0.11552897759791415,Industry Analysts
The Devil Wears Prada 2,THE_0332,The nostalgia economy is real. Studios know exactly what they're doing with this IP. Fight me.,Instagram,,2025-10-28,2025-10-28T13:34:00,107,25,14,44,10,the nostalgia economy is real studios know exactly what they're doing with this ip fight me,nostalgia economy real studios exactly they're doing fight,5.358941988364472,16,94,5.875,0.0532,0.0,0.0,0.0,0.0,Tuesday,False,High,-0.3818,0.0,0.148,0.852,negative,0.225,0.275,1,-0.012299082955483714,-0.010444182125587717,Fashion Insiders
The Devil Wears Prada 2,THE_0068,Every fashion editor I know has already pre-booked opening weekend.,Instagram,,2025-09-08,2025-09-08T12:54:00,91,19,12,37,9,every fashion editor i know has already pre booked opening weekend,every fashion editor pre booked opening weekend,5.167639042905921,10,67,6.7,0.0299,0.0,0.0,2.0,0.0,Monday,False,High,0.0,0.0,0.0,1.0,neutral,0.0,0.0,3,-0.007573681930672166,-0.011500145299835765,Industry Analysts
The Devil Wears Prada 2,THE_0052,Can we talk about how perfectly aged this story is? The fashion industry critique hits differently now. Real talk.,Instagram,,2025-08-01,2025-08-01T16:59:00,225,31,24,31,8,can we talk about how perfectly aged this story is the fashion industry critique hits differently now real talk,talk perfectly aged story fashion industry critique hits differently real talk,5.928258471204189,19,114,6.0,0.0263,0.0,1.0,0.0,0.0,Friday,False,High,0.6369,0.189,0.0,0.811,positive,0.0333,0.4333,1,-0.012246838877025955,-0.04191725649050424,Fashion Insiders
The Devil Wears Prada 2,THE_0003,I'll watch it but I have reservations. Fashion films are very of-their-moment. Hot take.,TikTok comments,,2025-08-14,2025-08-14T02:24:00,372,46,43,33,8,i'll watch it but i have reservations fashion films are very of their moment hot take,i'll watch reservations fashion films moment hot take,6.424869023905388,14,88,6.285714285714286,0.0455,0.0,0.0,0.0,1.0,Thursday,False,Viral,0.0,0.0,0.0,1.0,neutral,0.225,0.575,3,-0.028647508430532192,-0.05169547158355704,Industry Analysts
The Devil Wears Prada 2,THE_0424,Interesting that they're releasing this during awards season. Strategic positioning. Hot take.,Reddit,r/femalefashionadvice,2025-08-13,2025-08-13T10:19:00,178,67,11,33,8,interesting that they're releasing this during awards season strategic positioning hot take,interesting they're releasing during awards season strategic positioning hot take,5.938854596835685,12,94,7.833333333333333,0.0319,0.0,0.0,0.0,0.0,Wednesday,False,High,0.6908,0.363,0.0,0.637,positive,0.375,0.675,3,-0.030187592465051576,-0.018366873313053856,Industry Analysts
The Devil Wears Prada 2,THE_0352,I've been waiting for this sequel for 15 years. Miranda Priestly is back and I am NOT ready. Can't wait.,TikTok comments,,2025-08-22,2025-08-22T14:36:00,233,34,19,34,8,i've been waiting for this sequel for 15 years miranda priestly is back and i am not ready can't wait,i've waiting sequel years miranda priestly back ready can't wait,5.929589143389895,20,104,5.2,0.0769,0.0,0.0,2.0,0.0,Friday,False,High,-0.2755,0.0,0.1,0.9,negative,-0.05,0.25,3,-0.014370999337200801,-0.07834379243743936,Industry Analysts
The Devil Wears Prada 2,THE_0220,The original is a masterpiece of corporate satire. Sequel has massive shoes to fill. Fight me.,Twitter/X,,2025-08-23,2025-08-23T22:28:00,258,25,5,34,8,the original is a masterpiece of corporate satire sequel has massive shoes to fill fight me,original masterpiece corporate satire sequel massive shoes fill fight,5.8185981490847825,16,94,5.875,0.0319,0.0,0.0,1.0,0.0,Saturday,True,High,0.5859,0.291,0.118,0.591,positive,0.125,0.5833,3,-0.04091552065052873,-0.07053948709594408,Industry Analysts
The Devil Wears Prada 2,THE_0426,The aesthetic is immaculate. That first look at the editorial set made me gasp. Hot take.,Twitter/X,,2025-09-09,2025-09-09T23:44:00,272,69,9,37,9,the aesthetic is immaculate that first look at the editorial set made me gasp hot take,aesthetic immaculate first look editorial set made gasp hot take,6.158037746933798,16,89,5.5625,0.0337,0.0,0.0,0.0,0.0,Tuesday,False,Viral,0.0,0.0,0.0,1.0,neutral,0.25,0.5917,3,-0.017696959149453077,-0.004282866885536704,Industry Analysts
The Devil Wears Prada 2,THE_0257,Anne Hathaway returning means this is going to be emotionally devastating. I'm prepared. Fight me.,Twitter/X,,2025-10-11,2025-10-11T22:17:00,223,75,10,41,10,anne hathaway returning means this is going to be emotionally devastating i'm prepared fight me,anne hathaway returning means emotionally devastating i'm prepared fight,6.090178020044014,15,98,6.533333333333333,0.0408,0.0,0.0,2.0,0.0,Saturday,True,Viral,-0.7184,0.091,0.332,0.577,negative,-1.0,1.0,0,-0.029586550118000668,-0.06202926932009468,Nostalgia Advocates
The Devil Wears Prada 2,THE_0012,The industry commentary in the original was years ahead of its time. Can't wait to see 2024 through that lens. Real talk.,Instagram,,2025-08-18,2025-08-18T16:31:00,115,20,17,34,8,the industry commentary in the original was years ahead of its time can't wait to see 2024 through that lens real talk,industry commentary original years ahead time can't wait see 2024 through lens real talk,5.37989735354046,22,121,5.5,0.0248,0.0,0.0,1.0,0.0,Monday,False,High,0.3182,0.099,0.0,0.901,positive,0.2875,0.525,2,-0.03361315277111221,-0.4803365066834124,Cautious Fans
The Devil Wears Prada 2,THE_0179,Some of the new casting choices are surprising. Trust the director but will reserve judgment. Genuinely can't stop thinking about this.,Reddit,r/movies,2025-10-14,2025-10-14T17:50:00,100,25,6,42,10,some of the new casting choices are surprising trust the director but will reserve judgment genuinely can't stop thinking about this,new casting choices surprising trust director reserve judgment genuinely can't stop thinking,5.201255653704905,21,135,6.428571428571429,0.0222,0.0,0.0,0.0,0.0,Tuesday,False,High,0.6164,0.251,0.0,0.749,positive,0.4121,0.4848,1,-0.04903492280233185,0.024962735176738506,Fashion Insiders
The Devil Wears Prada 2,THE_0234,Sequels to perfect movies almost never work. I'm cautiously optimistic but nervous. Hot take.,TikTok comments,,2025-10-11,2025-10-11T03:20:00,92,8,5,41,10,sequels to perfect movies almost never work i'm cautiously optimistic but nervous hot take,sequels perfect movies almost never work i'm cautiously optimistic nervous hot take,4.852030263919617,14,93,6.642857142857143,0.0323,0.0,0.0,0.0,1.0,Saturday,True,High,0.09,0.227,0.15,0.623,positive,0.625,0.925,3,-0.0246948834120945,-0.005190871036851946,Industry Analysts
The Devil Wears Prada 2,THE_0395,The writing needs to be sharp. Fashion satire works best when it's uncomfortable. Genuinely can't stop thinking about this.,TikTok comments,,2025-09-17,2025-09-17T06:18:00,190,15,14,38,9,the writing needs to be sharp fashion satire works best when it's uncomfortable genuinely can't stop thinking about this,writing needs sharp fashion satire works best it's uncomfortable genuinely can't stop thinking,5.600272098286537,19,123,6.473684210526316,0.0244,0.0,0.0,0.0,0.0,Wednesday,False,High,0.5405,0.247,0.105,0.648,positive,0.1938,0.6375,3,-0.03377889685460856,-0.022487647267653132,Industry Analysts
The Devil Wears Prada 2,THE_0165,Fashion Twitter is absolutely losing it. Rightfully so. Real talk.,YouTube comments,,2025-10-05,2025-10-05T03:22:00,108,22,5,40,10,fashion twitter is absolutely losing it rightfully so real talk,fashion twitter absolutely losing rightfully real talk,5.187385805840755,10,66,6.6,0.0606,0.0,0.0,0.0,0.0,Sunday,True,High,-0.4391,0.0,0.243,0.757,negative,0.2,0.6,3,-0.01324288709847279,-0.02031886042982194,Industry Analysts
The Devil Wears Prada 2,THE_0313,I'm a fashion journalist and this movie is basically a love letter to our industry. Excited doesn't cover it. Anyone else feel this way?,YouTube comments,,2025-08-31,2025-08-31T18:53:00,300,23,9,35,8,i'm a fashion journalist and this movie is basically a love letter to our industry excited doesn't cover it anyone else feel this way,i'm fashion journalist movie basically love letter industry excited doesn't cover anyone else,5.954541193003384,24,136,5.666666666666667,0.0221,0.0,1.0,0.0,0.0,Sunday,True,High,0.765,0.231,0.0,0.769,positive,0.4375,0.675,3,0.006201116781737641,-0.058184813661626505,Industry Analysts
The Devil Wears Prada 2,THE_0242,Can we talk about how perfectly aged this story is? The fashion industry critique hits differently now. Anyone else feel this way?,Reddit,r/boxoffice,2025-09-16,2025-09-16T04:12:00,65,21,3,38,9,can we talk about how perfectly aged this story is the fashion industry critique hits differently now anyone else feel this way,talk perfectly aged story fashion industry critique hits differently anyone else,4.848116364598481,22,130,5.909090909090909,0.0231,0.0,2.0,0.0,0.0,Tuesday,False,High,0.6369,0.167,0.0,0.833,positive,-0.05,0.5,1,0.002360830289428826,-0.05172089070199217,Fashion Insiders
The Devil Wears Prada 2,THE_0005,Good trailer. Not great. But the bar for the actual film is set correctly. Real talk.,Reddit,r/Oscars,2025-09-16,2025-09-16T18:12:00,130,44,12,38,9,good trailer not great but the bar for the actual film is set correctly real talk,good trailer great bar actual film set correctly real talk,5.6240175061873385,16,85,5.3125,0.0471,0.0,0.0,0.0,0.0,Tuesday,False,High,-0.0508,0.108,0.119,0.774,negative,0.125,0.4375,3,-0.01001959950999813,-0.01163643221276743,Industry Analysts
The Devil Wears Prada 2,THE_0213,Fashion Twitter is absolutely losing it. Rightfully so. Genuinely can't stop thinking about this.,TikTok comments,,2025-10-28,2025-10-28T14:22:00,158,41,11,44,10,fashion twitter is absolutely losing it rightfully so genuinely can't stop thinking about this,fashion twitter absolutely losing rightfully genuinely can't stop thinking,5.685279003091641,14,97,6.928571428571429,0.0412,0.0,0.0,0.0,0.0,Tuesday,False,High,-0.188,0.126,0.17,0.704,negative,0.3,0.7,3,-0.05108507272000997,-0.04119978458924008,Industry Analysts
The Devil Wears Prada 2,THE_0262,Devil Wears Prada shaped my entire career path. This sequel feels personal.,Twitter/X,,2025-08-05,2025-08-05T12:50:00,50,17,1,32,8,devil wears prada shaped my entire career path this sequel feels personal,devil wears prada shaped entire career path sequel feels personal,4.56954300834494,12,75,6.25,0.0533,0.0,0.0,0.0,0.0,Tuesday,False,High,-0.6597,0.0,0.286,0.714,negative,0.0,0.4625,1,-0.2009179977918324,0.3473663049626647,Fashion Insiders
The Devil Wears Prada 2,THE_0106,I'll watch it but I have reservations. Fashion films are very of-their-moment. Fight me.,TikTok comments,,2025-10-10,2025-10-10T01:29:00,154,58,19,41,10,i'll watch it but i have reservations fashion films are very of their moment fight me,i'll watch reservations fashion films moment fight,5.877735781779639,14,88,6.285714285714286,0.0455,0.0,0.0,0.0,1.0,Friday,False,High,-0.5267,0.0,0.185,0.815,negative,0.2,0.3,3,-0.011972754272746768,-0.06098726787715523,Industry Analysts
The Devil Wears Prada 2,THE_0050,Interesting that they're releasing this during awards season. Strategic positioning. Real talk.,Instagram,,2025-09-03,2025-09-03T05:37:00,90,34,2,36,9,interesting that they're releasing this during awards season strategic positioning real talk,interesting they're releasing during awards season strategic positioning real talk,5.204006687076795,12,95,7.916666666666667,0.0316,0.0,0.0,0.0,0.0,Wednesday,False,High,0.6908,0.363,0.0,0.637,positive,0.35,0.4,3,-0.01537406841517276,-0.010570209984248406,Industry Analysts
The Devil Wears Prada 2,THE_0072,I've been waiting for this sequel for 15 years. Miranda Priestly is back and I am NOT ready. Thoughts?,YouTube comments,,2025-09-03,2025-09-03T12:20:00,300,106,10,36,9,i've been waiting for this sequel for 15 years miranda priestly is back and i am not ready thoughts,i've waiting sequel years miranda priestly back ready thoughts,6.39024066706535,19,102,5.368421052631579,0.0784,0.0,1.0,1.0,0.0,Wednesday,False,Viral,-0.2755,0.0,0.105,0.895,negative,-0.05,0.25,3,-0.019222698361853256,-0.03852507985338904,Industry Analysts
The Devil Wears Prada 2,THE_0083,Good trailer. Not great. But the bar for the actual film is set correctly. Thoughts?,TikTok comments,,2025-10-12,2025-10-12T19:42:00,343,71,39,41,10,good trailer not great but the bar for the actual film is set correctly thoughts,good trailer great bar actual film set correctly thoughts,6.459121675472594,15,84,5.6,0.0476,0.0,1.0,0.0,0.0,Sunday,True,Viral,-0.0508,0.114,0.126,0.76,negative,0.1,0.4833,3,-0.013845865012181605,-0.022311085538143288,Industry Analysts
The Devil Wears Prada 2,THE_0151,Not sure how they'll top the original. The bar is literally Meryl Streep at peak Meryl. Real talk.,Reddit,r/boxoffice,2025-08-11,2025-08-11T10:38:00,177,65,3,33,8,not sure how they'll top the original the bar is literally meryl streep at peak meryl real talk,sure they'll top original bar literally meryl streep peak meryl real talk,5.856503561673865,18,98,5.444444444444445,0.0612,0.0,0.0,0.0,0.0,Monday,False,High,0.2819,0.195,0.093,0.712,positive,0.2062,0.6097,3,-0.04802280715013807,-0.10823762155493484,Industry Analysts
The Devil Wears Prada 2,THE_0309,Devil Wears Prada shaped my entire career path. This sequel feels personal. Genuinely can't stop thinking about this.,Reddit,r/movies,2025-09-30,2025-09-30T01:40:00,296,56,18,40,9,devil wears prada shaped my entire career path this sequel feels personal genuinely can't stop thinking about this,devil wears prada shaped entire career path sequel feels personal genuinely can't stop thinking,6.19644412779452,18,117,6.5,0.0427,0.0,0.0,0.0,0.0,Tuesday,False,Viral,-0.5442,0.085,0.197,0.718,negative,0.1333,0.475,1,-0.2117601670358935,0.30966004698945976,Fashion Insiders
The Devil Wears Prada 2,THE_0304,This is the fashion girl movie of the decade. Period. Anyone else feel this way?,Reddit,r/TrueFilm,2025-10-21,2025-10-21T21:59:00,278,58,5,43,10,this is the fashion girl movie of the decade period anyone else feel this way,fashion girl movie decade period anyone else,6.0844994130751715,15,80,5.333333333333333,0.0375,0.0,1.0,0.0,0.0,Tuesday,False,Viral,0.0,0.0,0.0,1.0,neutral,0.0,0.0,3,0.01920438513155381,-0.02703220545135618,Industry Analysts
The Devil Wears Prada 2,THE_0202,This will be fascinating to analyze from an audience reception standpoint. Can't wait.,Twitter/X,,2025-08-31,2025-08-31T18:26:00,180,36,17,35,8,this will be fascinating to analyze from an audience reception standpoint can't wait,fascinating analyze audience reception standpoint can't wait,5.7745515455444085,13,86,6.615384615384615,0.0233,0.0,0.0,1.0,0.0,Sunday,True,High,0.5423,0.226,0.0,0.774,positive,0.7,0.85,3,-0.004254010953889222,-0.06024957122567252,Industry Analysts
The Devil Wears Prada 2,THE_0105,I'll watch it but I have reservations. Fashion films are very of-their-moment. Fight me.,Reddit,r/boxoffice,2025-08-14,2025-08-14T05:21:00,232,44,12,33,8,i'll watch it but i have reservations fashion films are very of their moment fight me,i'll watch reservations fashion films moment fight,5.937536205082426,14,88,6.285714285714286,0.0455,0.0,0.0,0.0,1.0,Thursday,False,High,-0.5267,0.0,0.185,0.815,negative,0.2,0.3,3,-0.011972754272746768,-0.06098726787715523,Industry Analysts
The Devil Wears Prada 2,THE_0287,The original is a masterpiece of corporate satire. Sequel has massive shoes to fill. Can't wait.,Instagram,,2025-09-11,2025-09-11T07:19:00,66,16,7,37,9,the original is a masterpiece of corporate satire sequel has massive shoes to fill can't wait,original masterpiece corporate satire sequel massive shoes fill can't wait,4.852030263919617,16,96,6.0,0.0312,0.0,0.0,2.0,0.0,Thursday,False,High,0.7506,0.314,0.0,0.686,positive,0.125,0.5833,3,-0.036527360846632204,-0.11232180918624572,Industry Analysts
The Devil Wears Prada 2,THE_0195,Good trailer. Not great. But the bar for the actual film is set correctly. Thoughts?,Instagram,,2025-08-21,2025-08-21T08:28:00,326,30,7,34,8,good trailer not great but the bar for the actual film is set correctly thoughts,good trailer great bar actual film set correctly thoughts,6.0473721790462776,15,84,5.6,0.0476,0.0,1.0,0.0,0.0,Thursday,False,Viral,-0.0508,0.114,0.126,0.76,negative,0.1,0.4833,3,-0.013845865012181605,-0.022311085538143288,Industry Analysts
The Devil Wears Prada 2,THE_0408,Hoping they address the toxic workplace dynamics more critically this time. Fight me.,Instagram,,2025-08-14,2025-08-14T04:07:00,233,56,5,33,8,hoping they address the toxic workplace dynamics more critically this time fight me,hoping address toxic workplace dynamics critically time fight,5.963579343618446,13,85,6.538461538461538,0.0235,0.0,0.0,0.0,0.0,Thursday,False,High,0.3182,0.28,0.149,0.571,positive,0.25,0.65,2,-0.021488332209203945,-0.11900263052182232,Cautious Fans
The Devil Wears Prada 2,THE_0182,The aesthetic is immaculate. That first look at the editorial set made me gasp.,Twitter/X,,2025-10-06,2025-10-06T19:10:00,134,27,9,41,10,the aesthetic is immaculate that first look at the editorial set made me gasp,aesthetic immaculate first look editorial set made gasp,5.4359030295006,14,79,5.642857142857143,0.0253,0.0,0.0,0.0,0.0,Monday,False,High,0.0,0.0,0.0,1.0,neutral,0.25,0.3333,3,-0.0037449190728877264,-0.005518364151740837,Industry Analysts
The Devil Wears Prada 2,THE_0377,Hoping they address the toxic workplace dynamics more critically this time. Genuinely can't stop thinking about this.,Twitter/X,,2025-09-20,2025-09-20T09:41:00,276,72,10,38,9,hoping they address the toxic workplace dynamics more critically this time genuinely can't stop thinking about this,hoping address toxic workplace dynamics critically time genuinely can't stop thinking,6.18826412308259,17,117,6.882352941176471,0.0171,0.0,0.0,0.0,0.0,Saturday,True,Viral,0.6992,0.327,0.0,0.673,positive,0.3,0.6,2,-0.05275790751411676,-0.11783495303674359,Cautious Fans
The Devil Wears Prada 2,THE_0063,Interesting that they're releasing this during awards season. Strategic positioning. Hot take.,YouTube comments,,2025-09-24,2025-09-24T17:28:00,159,53,21,39,9,interesting that they're releasing this during awards season strategic positioning hot take,interesting they're releasing during awards season strategic positioning hot take,5.873525249243295,12,94,7.833333333333333,0.0319,0.0,0.0,0.0,0.0,Wednesday,False,High,0.6908,0.363,0.0,0.637,positive,0.375,0.675,3,-0.030187592465051576,-0.018366873313053856,Industry Analysts
The Devil Wears Prada 2,THE_0040,The original is a masterpiece of corporate satire. Sequel has massive shoes to fill. Can't wait.,TikTok comments,,2025-10-04,2025-10-04T15:16:00,219,63,28,40,10,the original is a masterpiece of corporate satire sequel has massive shoes to fill can't wait,original masterpiece corporate satire sequel massive shoes fill can't wait,6.134482053942907,16,96,6.0,0.0312,0.0,0.0,2.0,0.0,Saturday,True,Viral,0.7506,0.314,0.0,0.686,positive,0.125,0.5833,3,-0.036527360846632204,-0.11232180918624572,Industry Analysts
The Devil Wears Prada 2,THE_0422,The nostalgia economy is real. Studios know exactly what they're doing with this IP. Can't wait.,Reddit,r/Oscars,2025-08-26,2025-08-26T04:21:00,123,6,17,35,8,the nostalgia economy is real studios know exactly what they're doing with this ip can't wait,nostalgia economy real studios exactly they're doing can't wait,5.247024072160486,16,96,6.0,0.0521,0.0,0.0,1.0,0.0,Tuesday,False,High,0.0,0.0,0.0,1.0,neutral,0.225,0.275,1,-0.009125167671073797,-0.05499884611487094,Fashion Insiders
The Devil Wears Prada 2,THE_0001,The demographic skew toward 25-45 women is very clear in the marketing. Smart targeting. Thoughts?,Instagram,,2025-08-30,2025-08-30T16:38:00,223,13,5,35,8,the demographic skew toward 25 45 women is very clear in the marketing smart targeting thoughts,demographic skew toward women clear marketing smart targeting thoughts,5.60396213937399,15,98,6.533333333333333,0.0306,0.0,1.0,0.0,0.0,Saturday,True,High,0.6801,0.285,0.0,0.715,positive,0.1721,0.5706,3,-0.002362393769970946,-0.012661591637443506,Industry Analysts
The Devil Wears Prada 2,THE_0379,The fashion sequences look incredible. The plot remains to be seen.,TikTok comments,,2025-10-12,2025-10-12T13:23:00,371,59,23,41,10,the fashion sequences look incredible the plot remains to be seen,fashion sequences look incredible plot remains seen,6.377576926700331,11,67,6.090909090909091,0.0299,0.0,0.0,1.0,0.0,Sunday,True,Viral,0.0,0.0,0.0,1.0,neutral,0.9,0.9,3,-2.1366816050216124e-06,-0.01716850285625059,Industry Analysts
The Devil Wears Prada 2,THE_0094,Meryl Streep in a sequel? She doesn't do sequels. This must be THAT good. Genuinely can't stop thinking about this.,Reddit,r/TrueFilm,2025-10-16,2025-10-16T19:14:00,112,27,7,42,10,meryl streep in a sequel she doesn't do sequels this must be that good genuinely can't stop thinking about this,meryl streep sequel doesn't sequels must good genuinely can't stop thinking,5.305789381386738,20,115,5.75,0.0783,0.0,1.0,0.0,0.0,Thursday,False,High,0.5842,0.21,0.0,0.79,positive,0.55,0.55,3,-0.0788471284259606,-0.0654768100662357,Industry Analysts
The Devil Wears Prada 2,THE_0026,The writing needs to be sharp. Fashion satire works best when it's uncomfortable.,Reddit,r/movies,2025-08-14,2025-08-14T07:12:00,124,37,15,33,8,the writing needs to be sharp fashion satire works best when it's uncomfortable,writing needs sharp fashion satire works best it's uncomfortable,5.570251082031678,13,81,6.230769230769231,0.0247,0.0,0.0,0.0,0.0,Thursday,False,High,0.3818,0.236,0.146,0.618,positive,0.125,0.6833,3,-0.008012982979680335,-0.016548907859262225,Industry Analysts
The Devil Wears Prada 2,THE_0378,"The teaser just dropped and I'm already emotional. Fashion, power, and Meryl Streep. Can't wait.",YouTube comments,,2025-10-16,2025-10-16T02:33:00,166,14,13,42,10,the teaser just dropped and i'm already emotional fashion power and meryl streep can't wait,teaser dropped i'm emotional fashion power meryl streep can't wait,5.484796933490655,15,96,6.4,0.0625,0.0,0.0,4.0,0.0,Thursday,False,High,-0.1027,0.096,0.12,0.783,negative,0.0,0.65,3,-0.025475749569369873,-0.1208623598243172,Industry Analysts
The Devil Wears Prada 2,THE_0167,Devil Wears Prada shaped my entire career path. This sequel feels personal. Real talk.,Instagram,,2025-08-28,2025-08-28T04:48:00,298,15,15,35,8,devil wears prada shaped my entire career path this sequel feels personal real talk,devil wears prada shaped entire career path sequel feels personal real talk,5.9441108507245115,14,86,6.142857142857143,0.0581,0.0,0.0,0.0,0.0,Thursday,False,High,-0.6597,0.0,0.253,0.747,negative,0.0667,0.4083,1,-0.18622317667209246,0.33436389874003514,Fashion Insiders
The Devil Wears Prada 2,THE_0215,The costume design alone justifies a ticket. Anna Wintour era aesthetic is peak cinema. Real talk.,TikTok comments,,2025-08-04,2025-08-04T04:54:00,64,21,6,32,8,the costume design alone justifies a ticket anna wintour era aesthetic is peak cinema real talk,costume design alone justifies ticket anna wintour era aesthetic peak cinema real talk,4.908971640319756,16,98,6.125,0.0408,0.0,0.0,0.0,0.0,Monday,False,High,-0.25,0.0,0.118,0.882,negative,0.2,0.3,3,-0.0135176245571611,-0.019308948864845653,Industry Analysts
The Devil Wears Prada 2,THE_0180,The industry commentary in the original was years ahead of its time. Can't wait to see 2024 through that lens.,YouTube comments,,2025-09-11,2025-09-11T19:30:00,357,119,36,37,9,the industry commentary in the original was years ahead of its time can't wait to see 2024 through that lens,industry commentary original years ahead time can't wait see 2024 through lens,6.637913124658687,20,110,5.5,0.0182,0.0,0.0,1.0,0.0,Thursday,False,Viral,0.3182,0.108,0.0,0.892,positive,0.375,0.75,2,-0.03699672494096157,-0.509862327030491,Cautious Fans
The Devil Wears Prada 2,THE_0051,Anne Hathaway returning means this is going to be emotionally devastating. I'm prepared.,Reddit,r/Oscars,2025-09-25,2025-09-25T19:32:00,82,14,9,39,9,anne hathaway returning means this is going to be emotionally devastating i'm prepared,anne hathaway returning means emotionally devastating i'm prepared,4.976733742420574,13,88,6.769230769230769,0.0341,0.0,0.0,2.0,0.0,Thursday,False,High,-0.5267,0.11,0.25,0.64,negative,-1.0,1.0,0,-0.031438654501899733,-0.06343272170320657,Nostalgia Advocates
The Devil Wears Prada 2,THE_0316,Not sure how they'll top the original. The bar is literally Meryl Streep at peak Meryl. Hot take.,Reddit,r/femalefashionadvice,2025-09-15,2025-09-15T17:24:00,198,78,15,38,9,not sure how they'll top the original the bar is literally meryl streep at peak meryl hot take,sure they'll top original bar literally meryl streep peak meryl hot take,6.0844994130751715,18,97,5.388888888888889,0.0619,0.0,0.0,0.0,0.0,Monday,False,Viral,0.2819,0.195,0.093,0.712,positive,0.2188,0.7472,3,-0.06104174735765484,-0.112234072907636,Industry Analysts
The Devil Wears Prada 2,THE_0406,Fashion Twitter is absolutely losing it. Rightfully so. Genuinely can't stop thinking about this.,Instagram,,2025-08-19,2025-08-19T02:45:00,352,44,45,34,8,fashion twitter is absolutely losing it rightfully so genuinely can't stop thinking about this,fashion twitter absolutely losing rightfully genuinely can't stop thinking,6.393590753950631,14,97,6.928571428571429,0.0412,0.0,0.0,0.0,0.0,Tuesday,False,Viral,-0.188,0.126,0.17,0.704,negative,0.3,0.7,3,-0.05108507272000997,-0.04119978458924008,Industry Analysts
The Devil Wears Prada 2,THE_0241,The original is a masterpiece of corporate satire. Sequel has massive shoes to fill. Thoughts?,YouTube comments,,2025-10-19,2025-10-19T21:39:00,195,40,16,42,10,the original is a masterpiece of corporate satire sequel has massive shoes to fill thoughts,original masterpiece corporate satire sequel massive shoes fill thoughts,5.840641657373398,15,94,6.266666666666667,0.0319,0.0,1.0,1.0,0.0,Sunday,True,High,0.7506,0.33,0.0,0.67,positive,0.125,0.5833,3,-0.04424417598712465,-0.07160299981678865,Industry Analysts
The Devil Wears Prada 2,THE_0318,Devil Wears Prada 2 is giving me everything I didn't know I needed. The casting looks *chef's kiss*. Thoughts?,TikTok comments,,2025-08-20,2025-08-20T23:24:00,274,50,32,34,8,devil wears prada 2 is giving me everything i didn't know i needed the casting looks chef's kiss thoughts,devil wears prada giving everything didn't needed casting looks chef's kiss thoughts,6.206575926724928,19,110,5.7894736842105265,0.0636,0.0,1.0,0.0,0.0,Wednesday,False,Viral,-0.0516,0.203,0.172,0.625,negative,0.0,0.0,1,-0.37836380046899326,0.6990569139291283,Fashion Insiders
The Devil Wears Prada 2,THE_0224,The fashion sequences look incredible. The plot remains to be seen. Thoughts?,Reddit,r/femalefashionadvice,2025-10-07,2025-10-07T13:49:00,77,30,8,41,10,the fashion sequences look incredible the plot remains to be seen thoughts,fashion sequences look incredible plot remains seen thoughts,5.176149732573829,12,77,6.416666666666667,0.039,0.0,1.0,1.0,0.0,Tuesday,False,High,0.0,0.0,0.0,1.0,neutral,0.9,0.9,3,-0.0017806706599209708,-0.01759519862004888,Industry Analysts
The Devil Wears Prada 2,THE_0402,I'll watch it but I have reservations. Fashion films are very of-their-moment. Anyone else feel this way?,Twitter/X,,2025-09-20,2025-09-20T22:53:00,138,19,7,38,9,i'll watch it but i have reservations fashion films are very of their moment anyone else feel this way,i'll watch reservations fashion films moment anyone else,5.335131339670753,17,105,6.176470588235294,0.0381,0.0,1.0,0.0,1.0,Saturday,True,High,0.0,0.0,0.0,1.0,neutral,0.2,0.3,3,0.01002068946082304,-0.05268761777621504,Industry Analysts
The Devil Wears Prada 2,THE_0342,The aesthetic is immaculate. That first look at the editorial set made me gasp. Real talk.,YouTube comments,,2025-09-27,2025-09-27T18:27:00,273,84,36,39,9,the aesthetic is immaculate that first look at the editorial set made me gasp real talk,aesthetic immaculate first look editorial set made gasp real talk,6.3835066348840055,16,90,5.625,0.0333,0.0,0.0,0.0,0.0,Saturday,True,Viral,0.0,0.0,0.0,1.0,neutral,0.225,0.3167,3,-0.0016261112604129388,0.004320268307537135,Industry Analysts
The Devil Wears Prada 2,THE_0446,Can we talk about how perfectly aged this story is? The fashion industry critique hits differently now. Fight me.,Twitter/X,,2025-08-17,2025-08-17T01:27:00,362,141,44,33,8,can we talk about how perfectly aged this story is the fashion industry critique hits differently now fight me,talk perfectly aged story fashion industry critique hits differently fight,6.742290839254605,19,113,5.947368421052632,0.0265,0.0,1.0,0.0,0.0,Sunday,True,Viral,0.3818,0.176,0.109,0.714,positive,-0.05,0.5,1,-0.014933543160295038,-0.056317117292143476,Fashion Insiders
The Devil Wears Prada 2,THE_0282,I've been waiting for this sequel for 15 years. Miranda Priestly is back and I am NOT ready. Genuinely can't stop thinking about this.,YouTube comments,,2025-09-18,2025-09-18T07:15:00,103,31,7,38,9,i've been waiting for this sequel for 15 years miranda priestly is back and i am not ready genuinely can't stop thinking about this,i've waiting sequel years miranda priestly back ready genuinely can't stop thinking,5.310739886546594,24,134,5.583333333333333,0.0597,0.0,0.0,1.0,0.0,Thursday,False,High,-0.0572,0.073,0.081,0.846,negative,0.1,0.3333,3,-0.04563206612706363,-0.04471029850039306,Industry Analysts
The Devil Wears Prada 2,THE_0129,Devil Wears Prada shaped my entire career path. This sequel feels personal. Real talk.,Instagram,,2025-09-07,2025-09-07T00:53:00,207,51,30,36,9,devil wears prada shaped my entire career path this sequel feels personal real talk,devil wears prada shaped entire career path sequel feels personal real talk,6.053264948013429,14,86,6.142857142857143,0.0581,0.0,0.0,0.0,0.0,Sunday,True,Viral,-0.6597,0.0,0.253,0.747,negative,0.0667,0.4083,1,-0.18622317667209246,0.33436389874003514,Fashion Insiders
The Devil Wears Prada 2,THE_0396,This will be fascinating to analyze from an audience reception standpoint. Genuinely can't stop thinking about this.,Instagram,,2025-10-03,2025-10-03T06:46:00,128,27,11,40,10,this will be fascinating to analyze from an audience reception standpoint genuinely can't stop thinking about this,fascinating analyze audience reception standpoint genuinely can't stop thinking,5.4359030295006,17,116,6.823529411764706,0.0172,0.0,0.0,0.0,0.0,Friday,False,High,0.6584,0.264,0.0,0.736,positive,0.55,0.675,3,-0.03926559842734575,-0.016676136948448425,Industry Analysts
The Devil Wears Prada 2,THE_0368,Anne Hathaway returning means this is going to be emotionally devastating. I'm prepared. Thoughts?,TikTok comments,,2025-09-20,2025-09-20T20:19:00,207,75,6,38,9,anne hathaway returning means this is going to be emotionally devastating i'm prepared thoughts,anne hathaway returning means emotionally devastating i'm prepared thoughts,6.024657514463746,14,98,7.0,0.0408,0.0,1.0,2.0,0.0,Saturday,True,Viral,-0.5267,0.104,0.236,0.659,negative,-1.0,1.0,0,-0.03192209366155775,-0.06139406820759052,Nostalgia Advocates
The Devil Wears Prada 2,THE_0157,"The teaser just dropped and I'm already emotional. Fashion, power, and Meryl Streep. Hot take.",Reddit,r/boxoffice,2025-09-24,2025-09-24T23:03:00,208,73,29,39,9,the teaser just dropped and i'm already emotional fashion power and meryl streep hot take,teaser dropped i'm emotional fashion power meryl streep hot take,6.170656210893009,15,94,6.266666666666667,0.0638,0.0,0.0,3.0,0.0,Wednesday,False,Viral,-0.1027,0.096,0.12,0.783,negative,0.125,0.75,3,-0.04560691110319539,-0.07271579629032866,Industry Analysts
The Devil Wears Prada 2,THE_0188,The costume design alone justifies a ticket. Anna Wintour era aesthetic is peak cinema. Real talk.,Instagram,,2025-08-28,2025-08-28T10:49:00,197,11,10,35,8,the costume design alone justifies a ticket anna wintour era aesthetic is peak cinema real talk,costume design alone justifies ticket anna wintour era aesthetic peak cinema real talk,5.543222409643759,16,98,6.125,0.0408,0.0,0.0,0.0,0.0,Thursday,False,High,-0.25,0.0,0.118,0.882,negative,0.2,0.3,3,-0.0135176245571611,-0.019308948864845653,Industry Analysts
The Devil Wears Prada 2,THE_0315,Interesting that they're releasing this during awards season. Strategic positioning. Hot take.,Reddit,r/movies,2025-10-17,2025-10-17T19:38:00,221,29,4,42,10,interesting that they're releasing this during awards season strategic positioning hot take,interesting they're releasing during awards season strategic positioning hot take,5.725217755376266,12,94,7.833333333333333,0.0319,0.0,0.0,0.0,0.0,Friday,False,High,0.6908,0.363,0.0,0.637,positive,0.375,0.675,3,-0.030187592465051576,-0.018366873313053856,Industry Analysts
The Devil Wears Prada 2,THE_0074,Devil Wears Prada 2 is giving me everything I didn't know I needed. The casting looks *chef's kiss*. Fight me.,Reddit,r/Oscars,2025-10-23,2025-10-23T02:49:00,317,126,18,43,10,devil wears prada 2 is giving me everything i didn't know i needed the casting looks chef's kiss fight me,devil wears prada giving everything didn't needed casting looks chef's kiss fight,6.532334292222349,20,110,5.5,0.0636,0.0,0.0,0.0,0.0,Thursday,False,Viral,-0.4215,0.184,0.248,0.567,negative,0.0,0.0,1,-0.3902150408018082,0.7222287774778993,Fashion Insiders
The Devil Wears Prada 2,THE_0162,The aesthetic is immaculate. That first look at the editorial set made me gasp. Anyone else feel this way?,Instagram,,2025-10-21,2025-10-21T00:05:00,138,26,4,43,10,the aesthetic is immaculate that first look at the editorial set made me gasp anyone else feel this way,aesthetic immaculate first look editorial set made gasp anyone else,5.375278407684165,19,106,5.578947368421052,0.0283,0.0,1.0,0.0,0.0,Tuesday,False,High,0.0,0.0,0.0,1.0,neutral,0.25,0.3333,3,0.013108985609133192,-0.004329612999604829,Industry Analysts
The Devil Wears Prada 2,THE_0191,The aesthetic is immaculate. That first look at the editorial set made me gasp. Anyone else feel this way?,YouTube comments,,2025-08-31,2025-08-31T14:39:00,145,28,15,35,8,the aesthetic is immaculate that first look at the editorial set made me gasp anyone else feel this way,aesthetic immaculate first look editorial set made gasp anyone else,5.564520407322694,19,106,5.578947368421052,0.0283,0.0,1.0,0.0,0.0,Sunday,True,High,0.0,0.0,0.0,1.0,neutral,0.25,0.3333,3,0.013108985609133192,-0.004329612999604829,Industry Analysts
The Devil Wears Prada 2,THE_0251,Interesting that they're releasing this during awards season. Strategic positioning. Can't wait.,Instagram,,2025-09-18,2025-09-18T10:11:00,120,47,9,38,9,interesting that they're releasing this during awards season strategic positioning can't wait,interesting they're releasing during awards season strategic positioning can't wait,5.581614840681993,12,96,8.0,0.0312,0.0,0.0,1.0,0.0,Thursday,False,High,0.6908,0.363,0.0,0.637,positive,0.5,0.5,3,-0.014536541923658606,-0.06284439688427919,Industry Analysts
The Devil Wears Prada 2,THE_0301,The costume design alone justifies a ticket. Anna Wintour era aesthetic is peak cinema. Hot take.,TikTok comments,,2025-10-22,2025-10-22T23:31:00,237,80,34,43,10,the costume design alone justifies a ticket anna wintour era aesthetic is peak cinema hot take,costume design alone justifies ticket anna wintour era aesthetic peak cinema hot take,6.29156913955832,16,97,6.0625,0.0412,0.0,0.0,0.0,0.0,Wednesday,False,Viral,-0.25,0.0,0.118,0.882,negative,0.25,0.85,3,-0.027919910775097756,-0.026993622284535765,Industry Analysts
The Devil Wears Prada 2,THE_0130,Fashion Twitter is absolutely losing it. Rightfully so. Real talk.,TikTok comments,,2025-08-07,2025-08-07T19:47:00,234,58,24,32,8,fashion twitter is absolutely losing it rightfully so real talk,fashion twitter absolutely losing rightfully real talk,6.113682179832232,10,66,6.6,0.0606,0.0,0.0,0.0,0.0,Thursday,False,Viral,-0.4391,0.0,0.243,0.757,negative,0.2,0.6,3,-0.01324288709847279,-0.02031886042982194,Industry Analysts
The Devil Wears Prada 2,THE_0209,"The teaser just dropped and I'm already emotional. Fashion, power, and Meryl Streep. Can't wait.",TikTok comments,,2025-10-23,2025-10-23T10:17:00,205,72,3,43,10,the teaser just dropped and i'm already emotional fashion power and meryl streep can't wait,teaser dropped i'm emotional fashion power meryl streep can't wait,5.978885764901122,15,96,6.4,0.0625,0.0,0.0,4.0,0.0,Thursday,False,High,-0.1027,0.096,0.12,0.783,negative,0.0,0.65,3,-0.025475749569369873,-0.1208623598243172,Industry Analysts
The Devil Wears Prada 2,THE_0225,I'll watch it but I have reservations. Fashion films are very of-their-moment. Thoughts?,Twitter/X,,2025-10-27,2025-10-27T16:22:00,202,55,14,44,10,i'll watch it but i have reservations fashion films are very of their moment thoughts,i'll watch reservations fashion films moment thoughts,5.94672865326659,13,88,6.769230769230769,0.0455,0.0,1.0,0.0,1.0,Monday,False,High,0.0,0.0,0.0,1.0,neutral,0.2,0.3,3,-0.01347455278705451,-0.05623560868139442,Industry Analysts
The Devil Wears Prada 2,THE_0439,Box office tracking says this is projected to open at 60M+. Makes sense given the IP. Can't wait.,Reddit,r/movies,2025-08-11,2025-08-11T15:54:00,281,30,14,33,8,box office tracking says this is projected to open at 60m makes sense given the ip can't wait,box office tracking says projected open 60m makes sense given can't wait,5.988961416889864,18,97,5.388888888888889,0.0619,0.0,0.0,1.0,0.0,Monday,False,High,0.0,0.0,0.0,1.0,neutral,0.0,0.5,3,0.8400929865893758,0.25304774620555404,Industry Analysts
The Devil Wears Prada 2,THE_0089,I'm a fashion journalist and this movie is basically a love letter to our industry. Excited doesn't cover it. Hot take.,Reddit,r/Oscars,2025-10-01,2025-10-01T08:46:00,399,116,14,40,10,i'm a fashion journalist and this movie is basically a love letter to our industry excited doesn't cover it hot take,i'm fashion journalist movie basically love letter industry excited doesn't cover hot take,6.595780513961311,21,119,5.666666666666667,0.0252,0.0,0.0,0.0,0.0,Wednesday,False,Viral,0.765,0.258,0.0,0.742,positive,0.375,0.7333,3,-0.021780095829759618,-0.05742524237203433,Industry Analysts
The Devil Wears Prada 2,THE_0073,I'm a fashion journalist and this movie is basically a love letter to our industry. Excited doesn't cover it. Fight me.,TikTok comments,,2025-09-23,2025-09-23T08:53:00,63,19,3,39,9,i'm a fashion journalist and this movie is basically a love letter to our industry excited doesn't cover it fight me,i'm fashion journalist movie basically love letter industry excited doesn't cover fight,4.791649752930709,21,119,5.666666666666667,0.0252,0.0,0.0,0.0,0.0,Tuesday,False,High,0.8309,0.328,0.0,0.672,positive,0.4375,0.675,3,-0.009321958505618918,-0.06273002104325688,Industry Analysts
The Devil Wears Prada 2,THE_0111,I'll watch it but I have reservations. Fashion films are very of-their-moment. Thoughts?,Twitter/X,,2025-08-16,2025-08-16T20:53:00,103,38,7,33,8,i'll watch it but i have reservations fashion films are very of their moment thoughts,i'll watch reservations fashion films moment thoughts,5.393627546352362,13,88,6.769230769230769,0.0455,0.0,1.0,0.0,1.0,Saturday,True,High,0.0,0.0,0.0,1.0,neutral,0.2,0.3,3,-0.01347455278705451,-0.05623560868139442,Industry Analysts
The Devil Wears Prada 2,THE_0354,Some of the new casting choices are surprising. Trust the director but will reserve judgment.,YouTube comments,,2025-10-23,2025-10-23T07:19:00,328,41,22,43,10,some of the new casting choices are surprising trust the director but will reserve judgment,new casting choices surprising trust director reserve judgment,6.209595556598647,15,93,6.2,0.0215,0.0,0.0,0.0,0.0,Thursday,False,Viral,0.4019,0.222,0.0,0.778,positive,0.4182,0.4773,1,-0.02454984045252202,0.035374631570006206,Fashion Insiders
The Devil Wears Prada 2,THE_0199,Meryl Streep in a sequel? She doesn't do sequels. This must be THAT good. Fight me.,YouTube comments,,2025-09-02,2025-09-02T06:53:00,210,10,4,36,9,meryl streep in a sequel she doesn't do sequels this must be that good fight me,meryl streep sequel doesn't sequels must good fight,5.5134287461649825,16,83,5.1875,0.1084,0.0,1.0,0.0,0.0,Tuesday,False,High,0.0772,0.149,0.133,0.718,positive,0.7,0.6,3,-0.05347896734870355,-0.06742702990798857,Industry Analysts
The Devil Wears Prada 2,THE_0299,"The teaser just dropped and I'm already emotional. Fashion, power, and Meryl Streep. Can't wait.",Twitter/X,,2025-10-14,2025-10-14T23:26:00,289,40,40,42,10,the teaser just dropped and i'm already emotional fashion power and meryl streep can't wait,teaser dropped i'm emotional fashion power meryl streep can't wait,6.234410725718371,15,96,6.4,0.0625,0.0,0.0,4.0,0.0,Tuesday,False,Viral,-0.1027,0.096,0.12,0.783,negative,0.0,0.65,3,-0.025475749569369873,-0.1208623598243172,Industry Analysts
The Devil Wears Prada 2,THE_0268,Devil Wears Prada shaped my entire career path. This sequel feels personal.,TikTok comments,,2025-09-12,2025-09-12T09:37:00,90,11,10,37,9,devil wears prada shaped my entire career path this sequel feels personal,devil wears prada shaped entire career path sequel feels personal,5.000584958242754,12,75,6.25,0.0533,0.0,0.0,0.0,0.0,Friday,False,High,-0.6597,0.0,0.286,0.714,negative,0.0,0.4625,1,-0.2009179977918324,0.3473663049626647,Fashion Insiders
The Devil Wears Prada 2,THE_0340,This is the fashion girl movie of the decade. Period. Thoughts?,Reddit,r/femalefashionadvice,2025-09-01,2025-09-01T16:11:00,84,7,10,36,9,this is the fashion girl movie of the decade period thoughts,fashion girl movie decade period thoughts,4.886582645426277,11,63,5.7272727272727275,0.0476,0.0,1.0,0.0,0.0,Monday,False,High,0.0,0.0,0.0,1.0,neutral,0.0,0.0,3,-0.004717538374748711,-0.031875103580405795,Industry Analysts
The Devil Wears Prada 2,THE_0423,This is the fashion girl movie of the decade. Period. Anyone else feel this way?,TikTok comments,,2025-08-19,2025-08-19T03:54:00,488,28,44,34,8,this is the fashion girl movie of the decade period anyone else feel this way,fashion girl movie decade period anyone else,6.53813982376767,15,80,5.333333333333333,0.0375,0.0,1.0,0.0,0.0,Tuesday,False,Viral,0.0,0.0,0.0,1.0,neutral,0.0,0.0,3,0.01920438513155381,-0.02703220545135618,Industry Analysts
The Devil Wears Prada 2,THE_0061,Not sure how they'll top the original. The bar is literally Meryl Streep at peak Meryl. Can't wait.,Twitter/X,,2025-08-14,2025-08-14T13:14:00,59,17,7,33,8,not sure how they'll top the original the bar is literally meryl streep at peak meryl can't wait,sure they'll top original bar literally meryl streep peak meryl can't wait,4.816241156068032,18,99,5.5,0.0606,0.0,0.0,1.0,0.0,Thursday,False,High,0.2819,0.195,0.093,0.712,positive,0.2083,0.713,3,-0.047452409394250536,-0.1587123659783581,Industry Analysts
The Devil Wears Prada 2,THE_0292,I'll watch it but I have reservations. Fashion films are very of-their-moment. Anyone else feel this way?,YouTube comments,,2025-08-11,2025-08-11T14:54:00,219,30,12,33,8,i'll watch it but i have reservations fashion films are very of their moment anyone else feel this way,i'll watch reservations fashion films moment anyone else,5.802118375377063,17,105,6.176470588235294,0.0381,0.0,1.0,0.0,1.0,Monday,False,High,0.0,0.0,0.0,1.0,neutral,0.2,0.3,3,0.01002068946082304,-0.05268761777621504,Industry Analysts
The Devil Wears Prada 2,THE_0336,This is the fashion girl movie of the decade. Period. Can't wait.,YouTube comments,,2025-10-15,2025-10-15T22:32:00,117,21,13,42,10,this is the fashion girl movie of the decade period can't wait,fashion girl movie decade period can't wait,5.344723739362192,12,65,5.416666666666667,0.0462,0.0,0.0,1.0,0.0,Wednesday,False,High,0.0,0.0,0.0,1.0,neutral,0.0,0.0,3,0.0015540435829100728,-0.08822290335683071,Industry Analysts
The Devil Wears Prada 2,THE_0437,The demographic skew toward 25-45 women is very clear in the marketing. Smart targeting. Genuinely can't stop thinking about this.,TikTok comments,,2025-10-13,2025-10-13T17:53:00,262,34,4,42,10,the demographic skew toward 25 45 women is very clear in the marketing smart targeting genuinely can't stop thinking about this,demographic skew toward women clear marketing smart targeting genuinely can't stop thinking,5.886104031450156,20,130,6.5,0.0231,0.0,0.0,0.0,0.0,Monday,False,High,0.7566,0.294,0.0,0.706,positive,0.2481,0.5471,3,-0.029767267322012857,-0.019607754936917056,Industry Analysts
The Devil Wears Prada 2,THE_0208,"The teaser just dropped and I'm already emotional. Fashion, power, and Meryl Streep. Can't wait.",Reddit,r/femalefashionadvice,2025-10-09,2025-10-09T15:16:00,205,32,13,41,10,the teaser just dropped and i'm already emotional fashion power and meryl streep can't wait,teaser dropped i'm emotional fashion power meryl streep can't wait,5.783825182329737,15,96,6.4,0.0625,0.0,0.0,4.0,0.0,Thursday,False,High,-0.1027,0.096,0.12,0.783,negative,0.0,0.65,3,-0.025475749569369873,-0.1208623598243172,Industry Analysts
The Devil Wears Prada 2,THE_0042,The aesthetic is immaculate. That first look at the editorial set made me gasp. Fight me.,Instagram,,2025-08-10,2025-08-10T22:57:00,187,37,2,32,8,the aesthetic is immaculate that first look at the editorial set made me gasp fight me,aesthetic immaculate first look editorial set made gasp fight,5.6577385361547945,16,89,5.5625,0.0337,0.0,0.0,0.0,0.0,Sunday,True,High,-0.3818,0.0,0.148,0.852,negative,0.25,0.3333,3,-0.0036188856437331415,-0.007318037962625693,Industry Analysts
The Devil Wears Prada 2,THE_0021,The industry commentary in the original was years ahead of its time. Can't wait to see 2024 through that lens. Can't wait.,TikTok comments,,2025-09-26,2025-09-26T16:28:00,118,46,11,39,9,the industry commentary in the original was years ahead of its time can't wait to see 2024 through that lens can't wait,industry commentary original years ahead time can't wait see 2024 through lens can't wait,5.58724865840025,22,122,5.545454545454546,0.0246,0.0,0.0,1.0,0.0,Friday,False,High,0.3182,0.099,0.0,0.901,positive,0.375,0.75,2,-0.030360542388407522,-0.49289562534704195,Cautious Fans
The Devil Wears Prada 2,THE_0329,Good trailer. Not great. But the bar for the actual film is set correctly. Can't wait.,Instagram,,2025-08-04,2025-08-04T23:29:00,110,12,12,32,8,good trailer not great but the bar for the actual film is set correctly can't wait,good trailer great bar actual film set correctly can't wait,5.176149732573829,16,86,5.375,0.0465,0.0,0.0,1.0,0.0,Monday,False,High,-0.0508,0.108,0.119,0.774,negative,0.1,0.4833,3,-0.00914440625554493,-0.06365820168654535,Industry Analysts
The Devil Wears Prada 2,THE_0090,This will be fascinating to analyze from an audience reception standpoint. Genuinely can't stop thinking about this.,Reddit,r/TrueFilm,2025-08-02,2025-08-02T22:34:00,148,19,5,31,8,this will be fascinating to analyze from an audience reception standpoint genuinely can't stop thinking about this,fascinating analyze audience reception standpoint genuinely can't stop thinking,5.354224998486333,17,116,6.823529411764706,0.0172,0.0,0.0,0.0,0.0,Saturday,True,High,0.6584,0.264,0.0,0.736,positive,0.55,0.675,3,-0.03926559842734575,-0.016676136948448425,Industry Analysts
The Devil Wears Prada 2,THE_0281,Hoping they address the toxic workplace dynamics more critically this time. Hot take.,Reddit,r/TrueFilm,2025-08-29,2025-08-29T00:48:00,103,19,2,35,8,hoping they address the toxic workplace dynamics more critically this time hot take,hoping address toxic workplace dynamics critically time hot take,5.059425458265688,13,85,6.538461538461538,0.0235,0.0,0.0,0.0,0.0,Friday,False,High,0.5994,0.308,0.0,0.692,positive,0.25,0.7167,2,-0.03559231454582519,-0.10752713410416437,Cautious Fans
The Devil Wears Prada 2,THE_0337,Meryl Streep in a sequel? She doesn't do sequels. This must be THAT good. Hot take.,Reddit,r/boxoffice,2025-08-11,2025-08-11T03:53:00,138,21,19,33,8,meryl streep in a sequel she doesn't do sequels this must be that good hot take,meryl streep sequel doesn't sequels must good hot take,5.5154428455366835,16,83,5.1875,0.1084,0.0,1.0,0.0,0.0,Monday,False,High,0.4404,0.162,0.0,0.838,positive,0.475,0.725,3,-0.06792800061085917,-0.06045530507995678,Industry Analysts
The Devil Wears Prada 2,THE_0132,Fashion Twitter is absolutely losing it. Rightfully so. Anyone else feel this way?,Reddit,r/movies,2025-09-16,2025-09-16T23:08:00,100,32,1,38,9,fashion twitter is absolutely losing it rightfully so anyone else feel this way,fashion twitter absolutely losing rightfully anyone else,5.214935757608986,13,82,6.3076923076923075,0.0488,0.0,1.0,0.0,0.0,Tuesday,False,High,-0.4391,0.0,0.194,0.806,negative,0.2,0.9,3,0.006411934909963799,-0.03364629276682569,Industry Analysts
The Devil Wears Prada 2,THE_0081,The original didn't need a sequel. Hope they don't ruin the legacy. Fight me.,Twitter/X,,2025-10-23,2025-10-23T08:39:00,132,14,10,43,10,the original didn't need a sequel hope they don't ruin the legacy fight me,original didn't sequel hope don't ruin legacy fight,5.288267030694535,14,77,5.5,0.039,0.0,0.0,0.0,1.0,Thursday,False,High,0.688,0.396,0.125,0.479,positive,0.375,0.75,1,-0.07325901698404536,0.02099510722534584,Fashion Insiders
The Devil Wears Prada 2,THE_0331,Meryl Streep in a sequel? She doesn't do sequels. This must be THAT good. Genuinely can't stop thinking about this.,Twitter/X,,2025-09-18,2025-09-18T02:28:00,152,42,16,38,9,meryl streep in a sequel she doesn't do sequels this must be that good genuinely can't stop thinking about this,meryl streep sequel doesn't sequels must good genuinely can't stop thinking,5.723585101952381,20,115,5.75,0.0783,0.0,1.0,0.0,0.0,Thursday,False,High,0.5842,0.21,0.0,0.79,positive,0.55,0.55,3,-0.0788471284259606,-0.0654768100662357,Industry Analysts
The Devil Wears Prada 2,THE_0216,The nostalgia economy is real. Studios know exactly what they're doing with this IP. Fight me.,Reddit,r/TrueFilm,2025-09-16,2025-09-16T12:36:00,296,39,29,38,9,the nostalgia economy is real studios know exactly what they're doing with this ip fight me,nostalgia economy real studios exactly they're doing fight,6.17690623123818,16,94,5.875,0.0532,0.0,0.0,0.0,0.0,Tuesday,False,Viral,-0.3818,0.0,0.148,0.852,negative,0.225,0.275,1,-0.012299082955483714,-0.010444182125587717,Fashion Insiders
The Devil Wears Prada 2,THE_0286,Not sure how they'll top the original. The bar is literally Meryl Streep at peak Meryl. Fight me.,Twitter/X,,2025-08-08,2025-08-08T04:32:00,102,12,13,32,8,not sure how they'll top the original the bar is literally meryl streep at peak meryl fight me,sure they'll top original bar literally meryl streep peak meryl fight,5.147494476813453,18,97,5.388888888888889,0.0619,0.0,0.0,0.0,0.0,Friday,False,High,-0.1184,0.181,0.201,0.618,negative,0.2083,0.713,3,-0.04981191710532236,-0.1190425479450131,Industry Analysts
The Devil Wears Prada 2,THE_0248,The industry commentary in the original was years ahead of its time. Can't wait to see 2024 through that lens.,Instagram,,2025-10-19,2025-10-19T12:09:00,138,15,13,42,10,the industry commentary in the original was years ahead of its time can't wait to see 2024 through that lens,industry commentary original years ahead time can't wait see 2024 through lens,5.372960909543803,20,110,5.5,0.0182,0.0,0.0,1.0,0.0,Sunday,True,High,0.3182,0.108,0.0,0.892,positive,0.375,0.75,2,-0.03699672494096157,-0.509862327030491,Cautious Fans
The Devil Wears Prada 2,THE_0237,I'm a fashion journalist and this movie is basically a love letter to our industry. Excited doesn't cover it. Anyone else feel this way?,YouTube comments,,2025-10-03,2025-10-03T00:05:00,149,31,19,40,10,i'm a fashion journalist and this movie is basically a love letter to our industry excited doesn't cover it anyone else feel this way,i'm fashion journalist movie basically love letter industry excited doesn't cover anyone else,5.6507332535663855,24,136,5.666666666666667,0.0221,0.0,1.0,0.0,0.0,Friday,False,High,0.765,0.231,0.0,0.769,positive,0.4375,0.675,3,0.006201116781737641,-0.058184813661626505,Industry Analysts
The Devil Wears Prada 2,THE_0076,Fashion Twitter is absolutely losing it. Rightfully so. Thoughts?,Instagram,,2025-09-17,2025-09-17T05:38:00,189,40,8,38,9,fashion twitter is absolutely losing it rightfully so thoughts,fashion twitter absolutely losing rightfully thoughts,5.749392985908253,9,65,7.222222222222222,0.0615,0.0,1.0,0.0,0.0,Wednesday,False,High,-0.4391,0.0,0.266,0.734,negative,0.2,0.9,3,-0.019145999960406845,-0.03622668228991035,Industry Analysts
The Devil Wears Prada 2,THE_0058,Fashion Twitter is absolutely losing it. Rightfully so. Thoughts?,TikTok comments,,2025-08-12,2025-08-12T07:43:00,73,20,7,33,8,fashion twitter is absolutely losing it rightfully so thoughts,fashion twitter absolutely losing rightfully thoughts,4.976733742420574,9,65,7.222222222222222,0.0615,0.0,1.0,0.0,0.0,Tuesday,False,High,-0.4391,0.0,0.266,0.734,negative,0.2,0.9,3,-0.019145999960406845,-0.03622668228991035,Industry Analysts
The Devil Wears Prada 2,THE_0207,Box office tracking says this is projected to open at 60M+. Makes sense given the IP. Anyone else feel this way?,Twitter/X,,2025-08-05,2025-08-05T09:12:00,210,63,29,32,8,box office tracking says this is projected to open at 60m makes sense given the ip anyone else feel this way,box office tracking says projected open 60m makes sense given anyone else,6.121395716700013,21,112,5.333333333333333,0.0536,0.0,1.0,0.0,0.0,Tuesday,False,Viral,0.0,0.0,0.0,1.0,neutral,0.0,0.5,3,0.8512627895319571,0.29618084879540235,Industry Analysts
The Devil Wears Prada 2,THE_0120,Anne Hathaway returning means this is going to be emotionally devastating. I'm prepared. Hot take.,Instagram,,2025-09-12,2025-09-12T21:54:00,212,40,4,37,9,anne hathaway returning means this is going to be emotionally devastating i'm prepared hot take,anne hathaway returning means emotionally devastating i'm prepared hot take,5.783825182329737,15,98,6.533333333333333,0.0408,0.0,0.0,2.0,0.0,Friday,False,High,-0.5267,0.099,0.224,0.677,negative,-0.375,0.925,0,-0.045961527658060296,-0.058062281575341594,Nostalgia Advocates
The Devil Wears Prada 2,THE_0307,Good trailer. Not great. But the bar for the actual film is set correctly. Anyone else feel this way?,Reddit,r/movies,2025-10-07,2025-10-07T08:52:00,205,20,7,41,10,good trailer not great but the bar for the actual film is set correctly anyone else feel this way,good trailer great bar actual film set correctly anyone else,5.6240175061873385,19,101,5.315789473684211,0.0396,0.0,1.0,0.0,0.0,Tuesday,False,High,-0.0508,0.092,0.102,0.806,negative,0.1,0.4833,3,0.0047310609083277945,-0.021058094425961602,Industry Analysts
The Devil Wears Prada 2,THE_0082,The pacing of the trailer felt a bit rushed. Hope the actual film breathes more. Fight me.,YouTube comments,,2025-09-11,2025-09-11T07:53:00,188,63,17,37,9,the pacing of the trailer felt a bit rushed hope the actual film breathes more fight me,pacing trailer felt bit rushed hope actual film breathes fight,5.985194934094387,17,90,5.294117647058823,0.0333,0.0,0.0,0.0,0.0,Thursday,False,High,0.0018,0.139,0.139,0.721,neutral,0.25,0.3,3,-0.015427949789312348,-0.016327788715480806,Industry Analysts
The Devil Wears Prada 2,THE_0136,Not sure how they'll top the original. The bar is literally Meryl Streep at peak Meryl. Hot take.,Reddit,r/boxoffice,2025-09-17,2025-09-17T21:47:00,333,47,9,38,9,not sure how they'll top the original the bar is literally meryl streep at peak meryl hot take,sure they'll top original bar literally meryl streep peak meryl hot take,6.170656210893009,18,97,5.388888888888889,0.0619,0.0,0.0,0.0,0.0,Wednesday,False,Viral,0.2819,0.195,0.093,0.712,positive,0.2188,0.7472,3,-0.06104174735765484,-0.112234072907636,Industry Analysts
The Devil Wears Prada 2,THE_0211,Box office tracking says this is projected to open at 60M+. Makes sense given the IP. Fight me.,TikTok comments,,2025-08-11,2025-08-11T23:27:00,360,118,17,33,8,box office tracking says this is projected to open at 60m makes sense given the ip fight me,box office tracking says projected open 60m makes sense given fight,6.561030665896573,18,95,5.277777777777778,0.0632,0.0,0.0,0.0,0.0,Monday,False,Viral,-0.3818,0.0,0.133,0.867,negative,0.0,0.5,3,0.8421440472092121,0.29578651832360137,Industry Analysts
The Devil Wears Prada 2,THE_0163,The industry commentary in the original was years ahead of its time. Can't wait to see 2024 through that lens. Can't wait.,YouTube comments,,2025-09-09,2025-09-09T23:20:00,217,45,6,37,9,the industry commentary in the original was years ahead of its time can't wait to see 2024 through that lens can't wait,industry commentary original years ahead time can't wait see 2024 through lens can't wait,5.853638230200579,22,122,5.545454545454546,0.0246,0.0,0.0,1.0,0.0,Tuesday,False,High,0.3182,0.099,0.0,0.901,positive,0.375,0.75,2,-0.030360542388407522,-0.49289562534704195,Cautious Fans
The Devil Wears Prada 2,THE_0428,Every fashion editor I know has already pre-booked opening weekend.,Twitter/X,,2025-10-18,2025-10-18T07:40:00,211,34,26,42,10,every fashion editor i know has already pre booked opening weekend,every fashion editor pre booked opening weekend,5.926926025970411,10,67,6.7,0.0299,0.0,0.0,2.0,0.0,Saturday,True,High,0.0,0.0,0.0,1.0,neutral,0.0,0.0,3,-0.007573681930672166,-0.011500145299835765,Industry Analysts
The Devil Wears Prada 2,THE_0382,Not sure how they'll top the original. The bar is literally Meryl Streep at peak Meryl. Thoughts?,Instagram,,2025-09-09,2025-09-09T02:32:00,100,26,4,37,9,not sure how they'll top the original the bar is literally meryl streep at peak meryl thoughts,sure they'll top original bar literally meryl streep peak meryl thoughts,5.181783550292085,17,97,5.705882352941177,0.0619,0.0,1.0,0.0,0.0,Tuesday,False,High,0.2819,0.204,0.098,0.698,positive,0.2083,0.713,3,-0.05263301489374657,-0.12087370051290335,Industry Analysts
The Devil Wears Prada 2,THE_0077,The nostalgia economy is real. Studios know exactly what they're doing with this IP. Thoughts?,Twitter/X,,2025-09-09,2025-09-09T18:43:00,145,12,1,37,9,the nostalgia economy is real studios know exactly what they're doing with this ip thoughts,nostalgia economy real studios exactly they're doing thoughts,5.187385805840755,15,94,6.266666666666667,0.0532,0.0,1.0,0.0,0.0,Tuesday,False,High,0.0,0.0,0.0,1.0,neutral,0.225,0.275,1,-0.014349835389175017,-0.009162887593011993,Fashion Insiders
The Devil Wears Prada 2,THE_0123,Hoping they address the toxic workplace dynamics more critically this time. Thoughts?,YouTube comments,,2025-08-06,2025-08-06T10:50:00,159,46,21,32,8,hoping they address the toxic workplace dynamics more critically this time thoughts,hoping address toxic workplace dynamics critically time thoughts,5.823045895483019,12,85,7.083333333333333,0.0235,0.0,1.0,0.0,0.0,Wednesday,False,High,0.5994,0.329,0.0,0.671,positive,0.25,0.65,2,-0.02293776013200024,-0.11542901528327291,Cautious Fans
The Devil Wears Prada 2,THE_0075,The costume design alone justifies a ticket. Anna Wintour era aesthetic is peak cinema.,Reddit,r/TrueFilm,2025-08-31,2025-08-31T04:30:00,242,83,23,35,8,the costume design alone justifies a ticket anna wintour era aesthetic is peak cinema,costume design alone justifies ticket anna wintour era aesthetic peak cinema,6.252866810539282,14,87,6.214285714285714,0.0345,0.0,0.0,0.0,0.0,Sunday,True,Viral,-0.25,0.0,0.133,0.867,negative,0.0,0.0,3,-0.016243994492313302,-0.02969343474110989,Industry Analysts
The Devil Wears Prada 2,THE_0320,Devil Wears Prada 2 is giving me everything I didn't know I needed. The casting looks *chef's kiss*. Anyone else feel this way?,YouTube comments,,2025-08-14,2025-08-14T00:05:00,154,37,12,33,8,devil wears prada 2 is giving me everything i didn't know i needed the casting looks chef's kiss anyone else feel this way,devil wears prada giving everything didn't needed casting looks chef's kiss anyone else,5.647212123167807,23,127,5.521739130434782,0.0551,0.0,1.0,0.0,0.0,Thursday,False,High,-0.0516,0.176,0.149,0.676,negative,0.0,0.0,1,-0.3632331483909329,0.7058550695819791,Fashion Insiders
The Devil Wears Prada 2,THE_0289,The industry commentary in the original was years ahead of its time. Can't wait to see 2024 through that lens. Anyone else feel this way?,YouTube comments,,2025-10-22,2025-10-22T21:24:00,255,56,37,43,10,the industry commentary in the original was years ahead of its time can't wait to see 2024 through that lens anyone else feel this way,industry commentary original years ahead time can't wait see 2024 through lens anyone else,6.2285110035911835,25,137,5.48,0.0219,0.0,1.0,1.0,0.0,Wednesday,False,Viral,0.3182,0.087,0.0,0.913,positive,0.375,0.75,2,-0.019180007970015202,-0.4886751319568155,Cautious Fans
The Devil Wears Prada 2,THE_0393,Devil Wears Prada shaped my entire career path. This sequel feels personal. Real talk.,TikTok comments,,2025-08-16,2025-08-16T16:43:00,252,85,22,33,8,devil wears prada shaped my entire career path this sequel feels personal real talk,devil wears prada shaped entire career path sequel feels personal real talk,6.275703197782002,14,86,6.142857142857143,0.0581,0.0,0.0,0.0,0.0,Saturday,True,Viral,-0.6597,0.0,0.253,0.747,negative,0.0667,0.4083,1,-0.18622317667209246,0.33436389874003514,Fashion Insiders
The Devil Wears Prada 2,THE_0272,The industry commentary in the original was years ahead of its time. Can't wait to see 2024 through that lens. Hot take.,YouTube comments,,2025-10-08,2025-10-08T21:52:00,224,54,17,41,10,the industry commentary in the original was years ahead of its time can't wait to see 2024 through that lens hot take,industry commentary original years ahead time can't wait see 2024 through lens hot take,6.018593214496234,22,120,5.454545454545454,0.025,0.0,0.0,1.0,0.0,Wednesday,False,Viral,0.3182,0.099,0.0,0.901,positive,0.3125,0.8,2,-0.04913920690771923,-0.4855689917396883,Cautious Fans
The Devil Wears Prada 2,THE_0326,The nostalgia economy is real. Studios know exactly what they're doing with this IP. Real talk.,TikTok comments,,2025-10-23,2025-10-23T19:08:00,66,11,8,43,10,the nostalgia economy is real studios know exactly what they're doing with this ip real talk,nostalgia economy real studios exactly they're doing real talk,4.774912960575186,16,95,5.9375,0.0526,0.0,0.0,0.0,0.0,Thursday,False,High,0.0,0.0,0.0,1.0,neutral,0.2167,0.2833,1,-0.009556558263759762,0.0020803309479114243,Fashion Insiders
The Devil Wears Prada 2,THE_0239,The fashion sequences look incredible. The plot remains to be seen. Fight me.,TikTok comments,,2025-08-18,2025-08-18T08:46:00,286,15,7,34,8,the fashion sequences look incredible the plot remains to be seen fight me,fashion sequences look incredible plot remains seen fight,5.844992643207725,13,77,5.923076923076923,0.039,0.0,0.0,1.0,0.0,Monday,False,High,-0.3818,0.0,0.178,0.822,negative,0.9,0.9,3,7.222459342035916e-07,-0.019189744790948433,Industry Analysts
The Devil Wears Prada 2,THE_0338,The industry commentary in the original was years ahead of its time. Can't wait to see 2024 through that lens. Anyone else feel this way?,TikTok comments,,2025-10-06,2025-10-06T15:22:00,186,31,22,41,10,the industry commentary in the original was years ahead of its time can't wait to see 2024 through that lens anyone else feel this way,industry commentary original years ahead time can't wait see 2024 through lens anyone else,5.800606659291741,25,137,5.48,0.0219,0.0,1.0,1.0,0.0,Monday,False,High,0.3182,0.087,0.0,0.913,positive,0.375,0.75,2,-0.019180007970015202,-0.4886751319568155,Cautious Fans
The Devil Wears Prada 2,THE_0255,Good trailer. Not great. But the bar for the actual film is set correctly. Genuinely can't stop thinking about this.,TikTok comments,,2025-09-20,2025-09-20T11:49:00,252,63,21,38,9,good trailer not great but the bar for the actual film is set correctly genuinely can't stop thinking about this,good trailer great bar actual film set correctly genuinely can't stop thinking,6.160151912626133,20,116,5.8,0.0345,0.0,0.0,0.0,0.0,Saturday,True,Viral,0.2812,0.183,0.092,0.726,positive,0.175,0.4875,3,-0.04116604086799944,-0.029522206906907624,Industry Analysts
The Devil Wears Prada 2,THE_0095,Every fashion editor I know has already pre-booked opening weekend. Real talk.,YouTube comments,,2025-09-24,2025-09-24T09:36:00,362,74,47,39,9,every fashion editor i know has already pre booked opening weekend real talk,every fashion editor pre booked opening weekend real talk,6.535241271013659,12,78,6.5,0.0385,0.0,0.0,2.0,0.0,Wednesday,False,Viral,0.0,0.0,0.0,1.0,neutral,0.2,0.3,3,-0.004882974494452178,-0.0005041847581036948,Industry Analysts
The Devil Wears Prada 2,THE_0264,Sequels to perfect movies almost never work. I'm cautiously optimistic but nervous. Genuinely can't stop thinking about this.,YouTube comments,,2025-08-18,2025-08-18T16:29:00,108,25,8,34,8,sequels to perfect movies almost never work i'm cautiously optimistic but nervous genuinely can't stop thinking about this,sequels perfect movies almost never work i'm cautiously optimistic nervous genuinely can't stop thinking,5.27556037942542,18,125,6.944444444444445,0.024,0.0,0.0,0.0,1.0,Monday,False,High,0.3983,0.276,0.115,0.609,positive,0.7,0.75,3,-0.038910233572876075,-0.014100144167319091,Industry Analysts
The Devil Wears Prada 2,THE_0009,Anne Hathaway returning means this is going to be emotionally devastating. I'm prepared. Can't wait.,TikTok comments,,2025-08-05,2025-08-05T10:25:00,157,50,2,32,8,anne hathaway returning means this is going to be emotionally devastating i'm prepared can't wait,anne hathaway returning means emotionally devastating i'm prepared can't wait,5.666426688112432,15,100,6.666666666666667,0.04,0.0,0.0,3.0,0.0,Tuesday,False,High,-0.5267,0.099,0.224,0.677,negative,-1.0,1.0,0,-0.025277157953012958,-0.10619926305755915,Nostalgia Advocates
The Devil Wears Prada 2,THE_0280,Not sure how they'll top the original. The bar is literally Meryl Streep at peak Meryl. Fight me.,YouTube comments,,2025-10-09,2025-10-09T04:41:00,241,18,34,41,10,not sure how they'll top the original the bar is literally meryl streep at peak meryl fight me,sure they'll top original bar literally meryl streep peak meryl fight,5.963579343618446,18,97,5.388888888888889,0.0619,0.0,0.0,0.0,0.0,Thursday,False,High,-0.1184,0.181,0.201,0.618,negative,0.2083,0.713,3,-0.04981191710532236,-0.1190425479450131,Industry Analysts
The Devil Wears Prada 2,THE_0390,The aesthetic is immaculate. That first look at the editorial set made me gasp. Genuinely can't stop thinking about this.,Reddit,r/Oscars,2025-10-05,2025-10-05T00:02:00,98,29,4,40,10,the aesthetic is immaculate that first look at the editorial set made me gasp genuinely can't stop thinking about this,aesthetic immaculate first look editorial set made gasp genuinely can't stop thinking,5.212214667494625,20,121,6.05,0.0248,0.0,0.0,0.0,0.0,Sunday,True,High,0.2235,0.09,0.0,0.91,positive,0.325,0.4167,3,-0.03203587907177542,-0.013447232471730474,Industry Analysts
The Devil Wears Prada 2,THE_0343,Not sure how they'll top the original. The bar is literally Meryl Streep at peak Meryl.,Twitter/X,,2025-08-09,2025-08-09T18:06:00,175,25,18,32,8,not sure how they'll top the original the bar is literally meryl streep at peak meryl,sure they'll top original bar literally meryl streep peak meryl,5.678464666671911,16,87,5.4375,0.0575,0.0,0.0,0.0,0.0,Saturday,True,High,0.2819,0.215,0.103,0.682,positive,0.2083,0.713,3,-0.05176527136980294,-0.12173749662581884,Industry Analysts
The Devil Wears Prada 2,THE_0263,Box office tracking says this is projected to open at 60M+. Makes sense given the IP. Anyone else feel this way?,TikTok comments,,2025-10-17,2025-10-17T03:59:00,333,21,17,42,10,box office tracking says this is projected to open at 60m makes sense given the ip anyone else feel this way,box office tracking says projected open 60m makes sense given anyone else,6.081076705797669,21,112,5.333333333333333,0.0536,0.0,1.0,0.0,0.0,Friday,False,Viral,0.0,0.0,0.0,1.0,neutral,0.0,0.5,3,0.8512627895319571,0.29618084879540235,Industry Analysts
The Devil Wears Prada 2,THE_0212,Devil Wears Prada 2 is giving me everything I didn't know I needed. The casting looks *chef's kiss*. Real talk.,Instagram,,2025-08-14,2025-08-14T02:20:00,286,32,14,33,8,devil wears prada 2 is giving me everything i didn't know i needed the casting looks chef's kiss real talk,devil wears prada giving everything didn't needed casting looks chef's kiss real talk,6.013715156042802,20,111,5.55,0.0631,0.0,0.0,0.0,0.0,Thursday,False,Viral,-0.0516,0.195,0.165,0.639,negative,0.2,0.3,1,-0.3653418761730718,0.6909993236832944,Fashion Insiders
The Devil Wears Prada 2,THE_0276,"The teaser just dropped and I'm already emotional. Fashion, power, and Meryl Streep. Fight me.",Twitter/X,,2025-10-11,2025-10-11T14:43:00,151,29,13,41,10,the teaser just dropped and i'm already emotional fashion power and meryl streep fight me,teaser dropped i'm emotional fashion power meryl streep fight,5.574053367981417,15,94,6.266666666666667,0.0638,0.0,0.0,3.0,0.0,Saturday,True,High,-0.4588,0.088,0.253,0.659,negative,0.0,0.65,3,-0.030636664775837298,-0.07979841798638192,Industry Analysts
The Devil Wears Prada 2,THE_0339,Box office tracking says this is projected to open at 60M+. Makes sense given the IP. Thoughts?,YouTube comments,,2025-09-08,2025-09-08T01:51:00,212,62,11,37,9,box office tracking says this is projected to open at 60m makes sense given the ip thoughts,box office tracking says projected open 60m makes sense given thoughts,5.993961427306569,17,95,5.588235294117647,0.0632,0.0,1.0,0.0,0.0,Monday,False,High,0.0,0.0,0.0,1.0,neutral,0.0,0.5,3,0.8337754972966498,0.2947722941311945,Industry Analysts
The Devil Wears Prada 2,THE_0221,Devil Wears Prada 2 is giving me everything I didn't know I needed. The casting looks *chef's kiss*. Hot take.,TikTok comments,,2025-09-08,2025-09-08T05:45:00,269,19,23,37,9,devil wears prada 2 is giving me everything i didn't know i needed the casting looks chef's kiss hot take,devil wears prada giving everything didn't needed casting looks chef's kiss hot take,5.957131868027477,20,110,5.5,0.0636,0.0,0.0,0.0,0.0,Monday,False,High,-0.0516,0.195,0.165,0.639,negative,0.25,0.85,1,-0.3808709643423099,0.68284780202369,Fashion Insiders
The Devil Wears Prada 2,THE_0153,Interesting that they're releasing this during awards season. Strategic positioning. Genuinely can't stop thinking about this.,YouTube comments,,2025-10-29,2025-10-29T03:54:00,119,31,2,44,10,interesting that they're releasing this during awards season strategic positioning genuinely can't stop thinking about this,interesting they're releasing during awards season strategic positioning genuinely can't stop thinking,5.31566600488265,16,126,7.875,0.0238,0.0,0.0,0.0,0.0,Wednesday,False,High,0.7641,0.369,0.0,0.631,positive,0.45,0.5,3,-0.04347617115970146,-0.026604861475707973,Industry Analysts
The Devil Wears Prada 2,THE_0258,Meryl Streep in a sequel? She doesn't do sequels. This must be THAT good. Thoughts?,Instagram,,2025-10-25,2025-10-25T16:14:00,122,31,5,43,10,meryl streep in a sequel she doesn't do sequels this must be that good thoughts,meryl streep sequel doesn't sequels must good thoughts,5.372960909543803,15,83,5.533333333333333,0.1084,0.0,2.0,0.0,0.0,Saturday,True,High,0.4404,0.172,0.0,0.828,positive,0.7,0.6,3,-0.052632563577228106,-0.06230127779564537,Industry Analysts
The Devil Wears Prada 2,THE_0154,The costume design alone justifies a ticket. Anna Wintour era aesthetic is peak cinema. Can't wait.,YouTube comments,,2025-09-28,2025-09-28T12:26:00,128,46,8,39,9,the costume design alone justifies a ticket anna wintour era aesthetic is peak cinema can't wait,costume design alone justifies ticket anna wintour era aesthetic peak cinema can't wait,5.5909869805108565,16,99,6.1875,0.0404,0.0,0.0,1.0,0.0,Sunday,True,High,-0.25,0.0,0.118,0.882,negative,0.0,0.0,3,-0.01274322823221228,-0.06633148426096766,Industry Analysts
The Devil Wears Prada 2,THE_0039,Fashion Twitter is absolutely losing it. Rightfully so. Genuinely can't stop thinking about this.,Reddit,r/TrueFilm,2025-10-10,2025-10-10T04:17:00,75,6,1,41,10,fashion twitter is absolutely losing it rightfully so genuinely can't stop thinking about this,fashion twitter absolutely losing rightfully genuinely can't stop thinking,4.543294782270004,14,97,6.928571428571429,0.0412,0.0,0.0,0.0,0.0,Friday,False,High,-0.188,0.126,0.17,0.704,negative,0.3,0.7,3,-0.05108507272000997,-0.04119978458924008,Industry Analysts
The Devil Wears Prada 2,THE_0407,Devil Wears Prada shaped my entire career path. This sequel feels personal. Hot take.,YouTube comments,,2025-08-23,2025-08-23T00:25:00,74,4,3,34,8,devil wears prada shaped my entire career path this sequel feels personal hot take,devil wears prada shaped entire career path sequel feels personal hot take,4.543294782270004,14,85,6.071428571428571,0.0588,0.0,0.0,0.0,0.0,Saturday,True,High,-0.6597,0.0,0.253,0.747,negative,0.0833,0.5917,1,-0.20558947293151936,0.3326303742203858,Fashion Insiders
The Devil Wears Prada 2,THE_0177,Fashion Twitter is absolutely losing it. Rightfully so. Hot take.,TikTok comments,,2025-10-20,2025-10-20T09:50:00,161,32,12,43,10,fashion twitter is absolutely losing it rightfully so hot take,fashion twitter absolutely losing rightfully hot take,5.627621113690637,10,65,6.5,0.0615,0.0,0.0,0.0,0.0,Monday,False,High,-0.4391,0.0,0.243,0.757,negative,0.225,0.875,3,-0.036060649389362966,-0.03319812047813497,Industry Analysts
The Devil Wears Prada 2,THE_0218,The original didn't need a sequel. Hope they don't ruin the legacy. Real talk.,TikTok comments,,2025-08-04,2025-08-04T23:11:00,66,9,9,32,8,the original didn't need a sequel hope they don't ruin the legacy real talk,original didn't sequel hope don't ruin legacy real talk,4.757891273005756,14,78,5.571428571428571,0.0385,0.0,0.0,0.0,1.0,Monday,False,High,0.8059,0.429,0.0,0.571,positive,0.2875,0.525,1,-0.06829723787139566,0.03375548017765773,Fashion Insiders
The Devil Wears Prada 2,THE_0243,The nostalgia economy is real. Studios know exactly what they're doing with this IP. Real talk.,Instagram,,2025-09-12,2025-09-12T15:33:00,161,10,4,37,9,the nostalgia economy is real studios know exactly what they're doing with this ip real talk,nostalgia economy real studios exactly they're doing real talk,5.293304824724492,16,95,5.9375,0.0526,0.0,0.0,0.0,0.0,Friday,False,High,0.0,0.0,0.0,1.0,neutral,0.2167,0.2833,1,-0.009556558263759762,0.0020803309479114243,Fashion Insiders
The Devil Wears Prada 2,THE_0271,Can we talk about how perfectly aged this story is? The fashion industry critique hits differently now. Genuinely can't stop thinking about this.,TikTok comments,,2025-10-01,2025-10-01T04:29:00,177,22,25,40,10,can we talk about how perfectly aged this story is the fashion industry critique hits differently now genuinely can't stop thinking about this,talk perfectly aged story fashion industry critique hits differently genuinely can't stop thinking,5.730099782973574,23,145,6.304347826086956,0.0207,0.0,1.0,0.0,0.0,Wednesday,False,High,0.7259,0.225,0.0,0.775,positive,0.1,0.5,1,-0.04138363738896192,-0.056688985770019296,Fashion Insiders
The Devil Wears Prada 2,THE_0034,This will be fascinating to analyze from an audience reception standpoint.,Instagram,,2025-10-06,2025-10-06T10:59:00,219,43,20,41,10,this will be fascinating to analyze from an audience reception standpoint,fascinating analyze audience reception standpoint,5.959715848793402,11,74,6.7272727272727275,0.0135,0.0,0.0,0.0,0.0,Monday,False,High,0.5423,0.259,0.0,0.741,positive,0.7,0.85,3,-0.008218779467655925,-0.008543875001848165,Industry Analysts
The Devil Wears Prada 2,THE_0303,"The teaser just dropped and I'm already emotional. Fashion, power, and Meryl Streep.",Reddit,r/movies,2025-10-20,2025-10-20T07:04:00,152,7,4,43,10,the teaser just dropped and i'm already emotional fashion power and meryl streep,teaser dropped i'm emotional fashion power meryl streep,5.206750173022546,13,84,6.461538461538462,0.0595,0.0,0.0,3.0,0.0,Monday,False,High,-0.1027,0.11,0.137,0.753,negative,0.0,0.65,3,-0.031265613361032694,-0.07893400434291462,Industry Analysts
The Devil Wears Prada 2,THE_0048,I'm a fashion journalist and this movie is basically a love letter to our industry. Excited doesn't cover it. Fight me.,TikTok comments,,2025-08-29,2025-08-29T00:42:00,199,67,26,35,8,i'm a fashion journalist and this movie is basically a love letter to our industry excited doesn't cover it fight me,i'm fashion journalist movie basically love letter industry excited doesn't cover fight,6.099197246910864,21,119,5.666666666666667,0.0252,0.0,0.0,0.0,0.0,Friday,False,Viral,0.8309,0.328,0.0,0.672,positive,0.4375,0.675,3,-0.009321958505618918,-0.06273002104325688,Industry Analysts
The Devil Wears Prada 2,THE_0296,Box office tracking says this is projected to open at 60M+. Makes sense given the IP. Can't wait.,Instagram,,2025-10-10,2025-10-10T10:49:00,178,21,24,41,10,box office tracking says this is projected to open at 60m makes sense given the ip can't wait,box office tracking says projected open 60m makes sense given can't wait,5.715381610499553,18,97,5.388888888888889,0.0619,0.0,0.0,1.0,0.0,Friday,False,High,0.0,0.0,0.0,1.0,neutral,0.0,0.5,3,0.8400929865893758,0.25304774620555404,Industry Analysts
The Devil Wears Prada 2,THE_0367,This is the fashion girl movie of the decade. Period. Anyone else feel this way?,TikTok comments,,2025-08-12,2025-08-12T20:23:00,304,108,40,33,8,this is the fashion girl movie of the decade period anyone else feel this way,fashion girl movie decade period anyone else,6.543911845564792,15,80,5.333333333333333,0.0375,0.0,1.0,0.0,0.0,Tuesday,False,Viral,0.0,0.0,0.0,1.0,neutral,0.0,0.0,3,0.01920438513155381,-0.02703220545135618,Industry Analysts
The Devil Wears Prada 2,THE_0047,The industry commentary in the original was years ahead of its time. Can't wait to see 2024 through that lens. Can't wait.,TikTok comments,,2025-08-05,2025-08-05T15:14:00,113,36,2,32,8,the industry commentary in the original was years ahead of its time can't wait to see 2024 through that lens can't wait,industry commentary original years ahead time can't wait see 2024 through lens can't wait,5.3471075307174685,22,122,5.545454545454546,0.0246,0.0,0.0,1.0,0.0,Tuesday,False,High,0.3182,0.099,0.0,0.901,positive,0.375,0.75,2,-0.030360542388407522,-0.49289562534704195,Cautious Fans
The Devil Wears Prada 2,THE_0380,The demographic skew toward 25-45 women is very clear in the marketing. Smart targeting. Anyone else feel this way?,YouTube comments,,2025-08-02,2025-08-02T08:13:00,242,18,22,31,8,the demographic skew toward 25 45 women is very clear in the marketing smart targeting anyone else feel this way,demographic skew toward women clear marketing smart targeting anyone else,5.869296913133774,19,115,6.052631578947368,0.0261,0.0,1.0,0.0,0.0,Saturday,True,High,0.6801,0.237,0.0,0.763,positive,0.1721,0.5706,3,0.01576860423226693,-0.010384572049018983,Industry Analysts
The Devil Wears Prada 2,THE_0411,Hoping they address the toxic workplace dynamics more critically this time. Hot take.,Reddit,r/movies,2025-09-25,2025-09-25T23:25:00,191,12,26,39,9,hoping they address the toxic workplace dynamics more critically this time hot take,hoping address toxic workplace dynamics critically time hot take,5.703782474656201,13,85,6.538461538461538,0.0235,0.0,0.0,0.0,0.0,Thursday,False,High,0.5994,0.308,0.0,0.692,positive,0.25,0.7167,2,-0.03559231454582519,-0.10752713410416437,Cautious Fans
The Devil Wears Prada 2,THE_0293,The original didn't need a sequel. Hope they don't ruin the legacy. Thoughts?,Instagram,,2025-09-18,2025-09-18T21:38:00,161,54,2,38,9,the original didn't need a sequel hope they don't ruin the legacy thoughts,original didn't sequel hope don't ruin legacy thoughts,5.713732805509369,13,77,5.923076923076923,0.039,0.0,1.0,0.0,1.0,Thursday,False,High,0.8059,0.453,0.0,0.547,positive,0.375,0.75,1,-0.07229197643290614,0.02182338085863969,Fashion Insiders
The Devil Wears Prada 2,THE_0152,Meryl Streep in a sequel? She doesn't do sequels. This must be THAT good. Thoughts?,Twitter/X,,2025-09-11,2025-09-11T12:38:00,189,50,17,37,9,meryl streep in a sequel she doesn't do sequels this must be that good thoughts,meryl streep sequel doesn't sequels must good thoughts,5.902633333401366,15,83,5.533333333333333,0.1084,0.0,2.0,0.0,0.0,Thursday,False,High,0.4404,0.172,0.0,0.828,positive,0.7,0.6,3,-0.052632563577228106,-0.06230127779564537,Industry Analysts
The Devil Wears Prada 2,THE_0024,Anne Hathaway returning means this is going to be emotionally devastating. I'm prepared. Fight me.,Twitter/X,,2025-10-13,2025-10-13T18:30:00,51,4,7,42,10,anne hathaway returning means this is going to be emotionally devastating i'm prepared fight me,anne hathaway returning means emotionally devastating i'm prepared fight,4.418840607796598,15,98,6.533333333333333,0.0408,0.0,0.0,2.0,0.0,Monday,False,High,-0.7184,0.091,0.332,0.577,negative,-1.0,1.0,0,-0.029586550118000668,-0.06202926932009468,Nostalgia Advocates
The Devil Wears Prada 2,THE_0135,Sequels to perfect movies almost never work. I'm cautiously optimistic but nervous. Thoughts?,YouTube comments,,2025-10-26,2025-10-26T23:43:00,182,18,26,43,10,sequels to perfect movies almost never work i'm cautiously optimistic but nervous thoughts,sequels perfect movies almost never work i'm cautiously optimistic nervous thoughts,5.723585101952381,13,93,7.153846153846154,0.0323,0.0,1.0,0.0,1.0,Sunday,True,High,0.09,0.24,0.159,0.601,positive,1.0,1.0,3,-0.013430822457006466,-0.006871285719005241,Industry Analysts
The Devil Wears Prada 2,THE_0274,Devil Wears Prada 2 is giving me everything I didn't know I needed. The casting looks *chef's kiss*. Thoughts?,Reddit,r/Oscars,2025-08-20,2025-08-20T05:20:00,195,44,17,34,8,devil wears prada 2 is giving me everything i didn't know i needed the casting looks chef's kiss thoughts,devil wears prada giving everything didn't needed casting looks chef's kiss thoughts,5.877735781779639,19,110,5.7894736842105265,0.0636,0.0,1.0,0.0,0.0,Wednesday,False,High,-0.0516,0.203,0.172,0.625,negative,0.0,0.0,1,-0.37836380046899326,0.6990569139291283,Fashion Insiders
The Devil Wears Prada 2,THE_0430,The costume design alone justifies a ticket. Anna Wintour era aesthetic is peak cinema. Thoughts?,TikTok comments,,2025-10-28,2025-10-28T02:22:00,66,3,2,44,10,the costume design alone justifies a ticket anna wintour era aesthetic is peak cinema thoughts,costume design alone justifies ticket anna wintour era aesthetic peak cinema thoughts,4.388257184424518,15,97,6.466666666666667,0.0412,0.0,1.0,0.0,0.0,Tuesday,False,High,-0.25,0.0,0.125,0.875,negative,0.0,0.0,3,-0.01701673723682858,-0.02905869049357733,Industry Analysts
The Devil Wears Prada 2,THE_0403,The industry commentary in the original was years ahead of its time. Can't wait to see 2024 through that lens. Hot take.,TikTok comments,,2025-08-26,2025-08-26T04:49:00,104,15,2,35,8,the industry commentary in the original was years ahead of its time can't wait to see 2024 through that lens hot take,industry commentary original years ahead time can't wait see 2024 through lens hot take,5.000584958242754,22,120,5.454545454545454,0.025,0.0,0.0,1.0,0.0,Tuesday,False,High,0.3182,0.099,0.0,0.901,positive,0.3125,0.8,2,-0.04913920690771923,-0.4855689917396883,Cautious Fans
The Devil Wears Prada 2,THE_0433,Fashion Twitter is absolutely losing it. Rightfully so. Can't wait.,Twitter/X,,2025-09-07,2025-09-07T00:20:00,137,10,17,36,9,fashion twitter is absolutely losing it rightfully so can't wait,fashion twitter absolutely losing rightfully can't wait,5.365976015021851,10,67,6.7,0.0597,0.0,0.0,1.0,0.0,Sunday,True,High,-0.4391,0.0,0.243,0.757,negative,0.2,0.9,3,-0.012910659704645663,-0.09586079728423619,Industry Analysts
The Devil Wears Prada 2,THE_0325,Box office tracking says this is projected to open at 60M+. Makes sense given the IP. Can't wait.,YouTube comments,,2025-09-20,2025-09-20T10:53:00,437,42,4,38,9,box office tracking says this is projected to open at 60m makes sense given the ip can't wait,box office tracking says projected open 60m makes sense given can't wait,6.318968113746434,18,97,5.388888888888889,0.0619,0.0,0.0,1.0,0.0,Saturday,True,Viral,0.0,0.0,0.0,1.0,neutral,0.0,0.5,3,0.8400929865893758,0.25304774620555404,Industry Analysts
The Devil Wears Prada 2,THE_0254,The original is a masterpiece of corporate satire. Sequel has massive shoes to fill. Genuinely can't stop thinking about this.,Twitter/X,,2025-09-14,2025-09-14T17:59:00,136,40,7,37,9,the original is a masterpiece of corporate satire sequel has massive shoes to fill genuinely can't stop thinking about this,original masterpiece corporate satire sequel massive shoes fill genuinely can't stop thinking,5.552959584921617,20,126,6.3,0.0238,0.0,0.0,1.0,0.0,Sunday,True,High,0.8068,0.328,0.0,0.672,positive,0.1938,0.5625,3,-0.06745366357439417,-0.07079463248420459,Industry Analysts
The Devil Wears Prada 2,THE_0103,I've been waiting for this sequel for 15 years. Miranda Priestly is back and I am NOT ready. Thoughts?,Twitter/X,,2025-08-03,2025-08-03T21:52:00,171,58,15,31,8,i've been waiting for this sequel for 15 years miranda priestly is back and i am not ready thoughts,i've waiting sequel years miranda priestly back ready thoughts,5.8916442118257715,19,102,5.368421052631579,0.0784,0.0,1.0,1.0,0.0,Sunday,True,High,-0.2755,0.0,0.105,0.895,negative,-0.05,0.25,3,-0.019222698361853256,-0.03852507985338904,Industry Analysts
The Devil Wears Prada 2,THE_0186,This is the fashion girl movie of the decade. Period. Real talk.,Twitter/X,,2025-10-11,2025-10-11T12:41:00,151,45,3,41,10,this is the fashion girl movie of the decade period real talk,fashion girl movie decade period real talk,5.611301621862036,12,64,5.333333333333333,0.0469,0.0,0.0,0.0,0.0,Saturday,True,High,0.0,0.0,0.0,1.0,neutral,0.2,0.3,3,0.00023445668531574056,-0.01647296346963131,Industry Analysts
The Devil Wears Prada 2,THE_0306,The industry commentary in the original was years ahead of its time. Can't wait to see 2024 through that lens. Genuinely can't stop thinking about this.,Instagram,,2025-10-26,2025-10-26T13:51:00,122,6,15,43,10,the industry commentary in the original was years ahead of its time can't wait to see 2024 through that lens genuinely can't stop thinking about this,industry commentary original years ahead time can't wait see 2024 through lens genuinely can't stop thinking,5.209486152841421,26,152,5.846153846153846,0.0197,0.0,0.0,1.0,0.0,Sunday,True,High,0.4919,0.149,0.0,0.851,positive,0.3875,0.625,2,-0.05933137759360043,-0.4544392846348341,Cautious Fans
The Devil Wears Prada 2,THE_0170,The industry commentary in the original was years ahead of its time. Can't wait to see 2024 through that lens.,YouTube comments,,2025-09-10,2025-09-10T18:27:00,260,54,5,37,9,the industry commentary in the original was years ahead of its time can't wait to see 2024 through that lens,industry commentary original years ahead time can't wait see 2024 through lens,6.018593214496234,20,110,5.5,0.0182,0.0,0.0,1.0,0.0,Wednesday,False,Viral,0.3182,0.108,0.0,0.892,positive,0.375,0.75,2,-0.03699672494096157,-0.509862327030491,Cautious Fans
The Devil Wears Prada 2,THE_0347,Devil Wears Prada shaped my entire career path. This sequel feels personal. Genuinely can't stop thinking about this.,Reddit,r/TrueFilm,2025-09-23,2025-09-23T19:08:00,158,46,12,39,9,devil wears prada shaped my entire career path this sequel feels personal genuinely can't stop thinking about this,devil wears prada shaped entire career path sequel feels personal genuinely can't stop thinking,5.736572297479192,18,117,6.5,0.0427,0.0,0.0,0.0,0.0,Tuesday,False,High,-0.5442,0.085,0.197,0.718,negative,0.1333,0.475,1,-0.2117601670358935,0.30966004698945976,Fashion Insiders
The Devil Wears Prada 2,THE_0344,The pacing of the trailer felt a bit rushed. Hope the actual film breathes more. Anyone else feel this way?,TikTok comments,,2025-10-25,2025-10-25T15:33:00,217,25,5,43,10,the pacing of the trailer felt a bit rushed hope the actual film breathes more anyone else feel this way,pacing trailer felt bit rushed hope actual film breathes anyone else,5.688668836846153,20,107,5.35,0.028,0.0,1.0,0.0,0.0,Saturday,True,High,0.4404,0.132,0.0,0.868,positive,0.25,0.3,3,0.0008476567540932671,-0.013183997801062735,Industry Analysts
The Devil Wears Prada 2,THE_0102,The demographic skew toward 25-45 women is very clear in the marketing. Smart targeting. Fight me.,YouTube comments,,2025-09-11,2025-09-11T19:16:00,139,36,18,37,9,the demographic skew toward 25 45 women is very clear in the marketing smart targeting fight me,demographic skew toward women clear marketing smart targeting fight,5.648974238161206,16,98,6.125,0.0306,0.0,0.0,0.0,0.0,Thursday,False,High,0.4576,0.252,0.117,0.631,positive,0.1721,0.5706,3,-0.0007379082890367453,-0.014121405978864816,Industry Analysts
The Devil Wears Prada 2,THE_0100,The demographic skew toward 25-45 women is very clear in the marketing. Smart targeting. Can't wait.,Twitter/X,,2025-08-08,2025-08-08T05:50:00,294,42,8,32,8,the demographic skew toward 25 45 women is very clear in the marketing smart targeting can't wait,demographic skew toward women clear marketing smart targeting can't wait,6.049733455231958,16,100,6.25,0.03,0.0,0.0,1.0,0.0,Friday,False,Viral,0.6801,0.272,0.0,0.728,positive,0.1721,0.5706,3,0.0022751682696645144,-0.0556413759926744,Industry Analysts
The Devil Wears Prada 2,THE_0399,Interesting that they're releasing this during awards season. Strategic positioning. Can't wait.,YouTube comments,,2025-08-19,2025-08-19T22:17:00,102,39,14,34,8,interesting that they're releasing this during awards season strategic positioning can't wait,interesting they're releasing during awards season strategic positioning can't wait,5.491001710377538,12,96,8.0,0.0312,0.0,0.0,1.0,0.0,Tuesday,False,High,0.6908,0.363,0.0,0.637,positive,0.5,0.5,3,-0.014536541923658606,-0.06284439688427919,Industry Analysts
The Devil Wears Prada 2,THE_0324,Anne Hathaway returning means this is going to be emotionally devastating. I'm prepared. Real talk.,TikTok comments,,2025-09-01,2025-09-01T23:40:00,133,43,8,36,9,anne hathaway returning means this is going to be emotionally devastating i'm prepared real talk,anne hathaway returning means emotionally devastating i'm prepared real talk,5.581614840681993,15,99,6.6,0.0404,0.0,0.0,2.0,0.0,Monday,False,High,-0.5267,0.099,0.224,0.677,negative,-0.4,0.65,0,-0.027316417158404348,-0.04844478668997175,Nostalgia Advocates
The Devil Wears Prada 2,THE_0022,Can we talk about how perfectly aged this story is? The fashion industry critique hits differently now. Can't wait.,Twitter/X,,2025-08-30,2025-08-30T18:14:00,148,24,13,35,8,can we talk about how perfectly aged this story is the fashion industry critique hits differently now can't wait,talk perfectly aged story fashion industry critique hits differently can't wait,5.5134287461649825,19,115,6.052631578947368,0.0261,0.0,1.0,1.0,0.0,Saturday,True,High,0.6369,0.189,0.0,0.811,positive,-0.05,0.5,1,-0.011661667626123206,-0.09673003827081753,Fashion Insiders
The Devil Wears Prada 2,THE_0273,I'm a fashion journalist and this movie is basically a love letter to our industry. Excited doesn't cover it. Can't wait.,Instagram,,2025-10-07,2025-10-07T22:23:00,204,66,17,41,10,i'm a fashion journalist and this movie is basically a love letter to our industry excited doesn't cover it can't wait,i'm fashion journalist movie basically love letter industry excited doesn't cover can't wait,6.042632833682381,21,121,5.761904761904762,0.0248,0.0,0.0,1.0,0.0,Tuesday,False,Viral,0.765,0.258,0.0,0.742,positive,0.4375,0.675,3,-0.006385950088195182,-0.09808669670034142,Industry Analysts
The Devil Wears Prada 2,THE_0431,Anne Hathaway returning means this is going to be emotionally devastating. I'm prepared. Thoughts?,Reddit,r/movies,2025-08-22,2025-08-22T13:31:00,316,64,21,34,8,anne hathaway returning means this is going to be emotionally devastating i'm prepared thoughts,anne hathaway returning means emotionally devastating i'm prepared thoughts,6.29156913955832,14,98,7.0,0.0408,0.0,1.0,2.0,0.0,Friday,False,Viral,-0.5267,0.104,0.236,0.659,negative,-1.0,1.0,0,-0.03192209366155775,-0.06139406820759052,Nostalgia Advocates
The Devil Wears Prada 2,THE_0432,The fashion sequences look incredible. The plot remains to be seen. Real talk.,TikTok comments,,2025-10-13,2025-10-13T20:48:00,133,24,16,42,10,the fashion sequences look incredible the plot remains to be seen real talk,fashion sequences look incredible plot remains seen real talk,5.488937726156687,13,78,6.0,0.0385,0.0,0.0,1.0,0.0,Monday,False,High,0.0,0.0,0.0,1.0,neutral,0.55,0.6,3,0.0021741828029317395,-0.005623424603916872,Industry Analysts
The Devil Wears Prada 2,THE_0038,The aesthetic is immaculate. That first look at the editorial set made me gasp. Fight me.,Instagram,,2025-10-23,2025-10-23T16:00:00,163,25,24,43,10,the aesthetic is immaculate that first look at the editorial set made me gasp fight me,aesthetic immaculate first look editorial set made gasp fight,5.698769932832657,16,89,5.5625,0.0337,0.0,0.0,0.0,0.0,Thursday,False,High,-0.3818,0.0,0.148,0.852,negative,0.25,0.3333,3,-0.0036188856437331415,-0.007318037962625693,Industry Analysts
The Devil Wears Prada 2,THE_0333,"The teaser just dropped and I'm already emotional. Fashion, power, and Meryl Streep. Hot take.",Instagram,,2025-09-01,2025-09-01T21:42:00,231,63,5,36,9,the teaser just dropped and i'm already emotional fashion power and meryl streep hot take,teaser dropped i'm emotional fashion power meryl streep hot take,6.002651736498547,15,94,6.266666666666667,0.0638,0.0,0.0,3.0,0.0,Monday,False,Viral,-0.1027,0.096,0.12,0.783,negative,0.125,0.75,3,-0.04560691110319539,-0.07271579629032866,Industry Analysts
The Devil Wears Prada 2,THE_0020,Box office tracking says this is projected to open at 60M+. Makes sense given the IP. Anyone else feel this way?,TikTok comments,,2025-08-28,2025-08-28T17:48:00,127,45,8,35,8,box office tracking says this is projected to open at 60m makes sense given the ip anyone else feel this way,box office tracking says projected open 60m makes sense given anyone else,5.577841251298354,21,112,5.333333333333333,0.0536,0.0,1.0,0.0,0.0,Thursday,False,High,0.0,0.0,0.0,1.0,neutral,0.0,0.5,3,0.8512627895319571,0.29618084879540235,Industry Analysts
The Devil Wears Prada 2,THE_0173,Interesting that they're releasing this during awards season. Strategic positioning. Thoughts?,YouTube comments,,2025-09-12,2025-09-12T05:04:00,178,28,10,37,9,interesting that they're releasing this during awards season strategic positioning thoughts,interesting they're releasing during awards season strategic positioning thoughts,5.631211781821365,11,94,8.545454545454545,0.0319,0.0,1.0,0.0,0.0,Friday,False,High,0.6908,0.388,0.0,0.612,positive,0.5,0.5,3,-0.018734726278069224,-0.020541216699101486,Industry Analysts
The Devil Wears Prada 2,THE_0345,The costume design alone justifies a ticket. Anna Wintour era aesthetic is peak cinema. Hot take.,Instagram,,2025-09-14,2025-09-14T11:54:00,161,42,14,37,9,the costume design alone justifies a ticket anna wintour era aesthetic is peak cinema hot take,costume design alone justifies ticket anna wintour era aesthetic peak cinema hot take,5.733341276897746,16,97,6.0625,0.0412,0.0,0.0,0.0,0.0,Sunday,True,High,-0.25,0.0,0.118,0.882,negative,0.25,0.85,3,-0.027919910775097756,-0.026993622284535765,Industry Analysts
The Devil Wears Prada 2,THE_0117,The industry commentary in the original was years ahead of its time. Can't wait to see 2024 through that lens. Fight me.,YouTube comments,,2025-10-23,2025-10-23T04:31:00,276,109,33,43,10,the industry commentary in the original was years ahead of its time can't wait to see 2024 through that lens fight me,industry commentary original years ahead time can't wait see 2024 through lens fight,6.474662003756499,22,120,5.454545454545454,0.025,0.0,0.0,1.0,0.0,Thursday,False,Viral,-0.0772,0.092,0.104,0.803,negative,0.375,0.75,2,-0.03549779803989431,-0.4909688104755542,Cautious Fans
The Devil Wears Prada 2,THE_0312,"The teaser just dropped and I'm already emotional. Fashion, power, and Meryl Streep. Thoughts?",TikTok comments,,2025-08-23,2025-08-23T10:01:00,156,37,15,34,8,the teaser just dropped and i'm already emotional fashion power and meryl streep thoughts,teaser dropped i'm emotional fashion power meryl streep thoughts,5.685279003091641,14,94,6.714285714285714,0.0638,0.0,1.0,3.0,0.0,Saturday,True,High,-0.1027,0.103,0.128,0.769,negative,0.0,0.65,3,-0.032541571620830954,-0.07820208786993256,Industry Analysts
The Devil Wears Prada 2,THE_0086,Box office tracking says this is projected to open at 60M+. Makes sense given the IP. Can't wait.,YouTube comments,,2025-08-03,2025-08-03T02:18:00,180,53,13,31,8,box office tracking says this is projected to open at 60m makes sense given the ip can't wait,box office tracking says projected open 60m makes sense given can't wait,5.8650506222523235,18,97,5.388888888888889,0.0619,0.0,0.0,1.0,0.0,Sunday,True,High,0.0,0.0,0.0,1.0,neutral,0.0,0.5,3,0.8400929865893758,0.25304774620555404,Industry Analysts
The Devil Wears Prada 2,THE_0240,The original didn't need a sequel. Hope they don't ruin the legacy. Real talk.,TikTok comments,,2025-08-25,2025-08-25T11:35:00,187,35,16,35,8,the original didn't need a sequel hope they don't ruin the legacy real talk,original didn't sequel hope don't ruin legacy real talk,5.7791991139409555,14,78,5.571428571428571,0.0385,0.0,0.0,0.0,1.0,Monday,False,High,0.8059,0.429,0.0,0.571,positive,0.2875,0.525,1,-0.06829723787139566,0.03375548017765773,Fashion Insiders
The Devil Wears Prada 2,THE_0253,This is the fashion girl movie of the decade. Period. Genuinely can't stop thinking about this.,Instagram,,2025-10-11,2025-10-11T09:14:00,93,10,4,41,10,this is the fashion girl movie of the decade period genuinely can't stop thinking about this,fashion girl movie decade period genuinely can't stop thinking,4.875197323201151,16,95,5.9375,0.0316,0.0,0.0,0.0,0.0,Saturday,True,High,0.2235,0.112,0.0,0.888,positive,0.4,0.5,3,-0.0392870511214877,-0.03778127347298925,Industry Analysts
The Devil Wears Prada 2,THE_0250,I'll watch it but I have reservations. Fashion films are very of-their-moment. Can't wait.,YouTube comments,,2025-08-08,2025-08-08T22:08:00,203,65,28,32,8,i'll watch it but i have reservations fashion films are very of their moment can't wait,i'll watch reservations fashion films moment can't wait,6.110358077048392,14,90,6.428571428571429,0.0444,0.0,0.0,1.0,1.0,Friday,False,Viral,0.0,0.0,0.0,1.0,neutral,0.2,0.3,3,-0.007710241053879508,-0.11289200410243995,Industry Analysts
The Devil Wears Prada 2,THE_0365,Hoping they address the toxic workplace dynamics more critically this time. Fight me.,TikTok comments,,2025-08-13,2025-08-13T20:50:00,174,50,2,33,8,hoping they address the toxic workplace dynamics more critically this time fight me,hoping address toxic workplace dynamics critically time fight,5.723585101952381,13,85,6.538461538461538,0.0235,0.0,0.0,0.0,0.0,Wednesday,False,High,0.3182,0.28,0.149,0.571,positive,0.25,0.65,2,-0.021488332209203945,-0.11900263052182232,Cautious Fans
The Devil Wears Prada 2,THE_0353,The industry commentary in the original was years ahead of its time. Can't wait to see 2024 through that lens. Fight me.,Instagram,,2025-10-09,2025-10-09T11:34:00,258,23,6,41,10,the industry commentary in the original was years ahead of its time can't wait to see 2024 through that lens fight me,industry commentary original years ahead time can't wait see 2024 through lens fight,5.8126368795682835,22,120,5.454545454545454,0.025,0.0,0.0,1.0,0.0,Thursday,False,High,-0.0772,0.092,0.104,0.803,negative,0.375,0.75,2,-0.03549779803989431,-0.4909688104755542,Cautious Fans
The Devil Wears Prada 2,THE_0099,Fashion Twitter is absolutely losing it. Rightfully so. Can't wait.,TikTok comments,,2025-08-26,2025-08-26T13:07:00,142,46,13,35,8,fashion twitter is absolutely losing it rightfully so can't wait,fashion twitter absolutely losing rightfully can't wait,5.6937321388027,10,67,6.7,0.0597,0.0,0.0,1.0,0.0,Tuesday,False,High,-0.4391,0.0,0.243,0.757,negative,0.2,0.9,3,-0.012910659704645663,-0.09586079728423619,Industry Analysts
The Devil Wears Prada 2,THE_0389,The costume design alone justifies a ticket. Anna Wintour era aesthetic is peak cinema. Thoughts?,YouTube comments,,2025-10-12,2025-10-12T05:23:00,128,29,2,41,10,the costume design alone justifies a ticket anna wintour era aesthetic is peak cinema thoughts,costume design alone justifies ticket anna wintour era aesthetic peak cinema thoughts,5.335131339670753,15,97,6.466666666666667,0.0412,0.0,1.0,0.0,0.0,Sunday,True,High,-0.25,0.0,0.125,0.875,negative,0.0,0.0,3,-0.01701673723682858,-0.02905869049357733,Industry Analysts
The Devil Wears Prada 2,THE_0349,The aesthetic is immaculate. That first look at the editorial set made me gasp. Fight me.,TikTok comments,,2025-10-19,2025-10-19T01:55:00,258,29,32,42,10,the aesthetic is immaculate that first look at the editorial set made me gasp fight me,aesthetic immaculate first look editorial set made gasp fight,6.0579542883768145,16,89,5.5625,0.0337,0.0,0.0,0.0,0.0,Sunday,True,Viral,-0.3818,0.0,0.148,0.852,negative,0.25,0.3333,3,-0.0036188856437331415,-0.007318037962625693,Industry Analysts
The Devil Wears Prada 2,THE_0357,I'll watch it but I have reservations. Fashion films are very of-their-moment. Anyone else feel this way?,Instagram,,2025-08-08,2025-08-08T18:22:00,306,99,37,32,8,i'll watch it but i have reservations fashion films are very of their moment anyone else feel this way,i'll watch reservations fashion films moment anyone else,6.500538637835167,17,105,6.176470588235294,0.0381,0.0,1.0,0.0,1.0,Friday,False,Viral,0.0,0.0,0.0,1.0,neutral,0.2,0.3,3,0.01002068946082304,-0.05268761777621504,Industry Analysts
The Devil Wears Prada 2,THE_0046,I'll watch it but I have reservations. Fashion films are very of-their-moment.,Twitter/X,,2025-09-22,2025-09-22T21:55:00,205,76,24,39,9,i'll watch it but i have reservations fashion films are very of their moment,i'll watch reservations fashion films moment,6.148468295917647,12,78,6.5,0.0385,0.0,0.0,0.0,1.0,Monday,False,Viral,0.0,0.0,0.0,1.0,neutral,0.2,0.3,3,-0.012292505406386014,-0.05975844787573834,Industry Analysts
The Devil Wears Prada 2,THE_0028,Hoping they address the toxic workplace dynamics more critically this time. Thoughts?,Reddit,r/Oscars,2025-08-31,2025-08-31T05:26:00,244,13,5,35,8,hoping they address the toxic workplace dynamics more critically this time thoughts,hoping address toxic workplace dynamics critically time thoughts,5.678464666671911,12,85,7.083333333333333,0.0235,0.0,1.0,0.0,0.0,Sunday,True,High,0.5994,0.329,0.0,0.671,positive,0.25,0.65,2,-0.02293776013200024,-0.11542901528327291,Cautious Fans
The Devil Wears Prada 2,THE_0062,The aesthetic is immaculate. That first look at the editorial set made me gasp. Fight me.,Reddit,r/Oscars,2025-08-18,2025-08-18T14:42:00,368,136,9,34,8,the aesthetic is immaculate that first look at the editorial set made me gasp fight me,aesthetic immaculate first look editorial set made gasp fight,6.601230118728877,16,89,5.5625,0.0337,0.0,0.0,0.0,0.0,Monday,False,Viral,-0.3818,0.0,0.148,0.852,negative,0.25,0.3333,3,-0.0036188856437331415,-0.007318037962625693,Industry Analysts
The Devil Wears Prada 2,THE_0328,The industry commentary in the original was years ahead of its time. Can't wait to see 2024 through that lens. Fight me.,Instagram,,2025-09-20,2025-09-20T11:07:00,217,29,13,38,9,the industry commentary in the original was years ahead of its time can't wait to see 2024 through that lens fight me,industry commentary original years ahead time can't wait see 2024 through lens fight,5.797576353942562,22,120,5.454545454545454,0.025,0.0,0.0,1.0,0.0,Saturday,True,High,-0.0772,0.092,0.104,0.803,negative,0.375,0.75,2,-0.03549779803989431,-0.4909688104755542,Cautious Fans
The Devil Wears Prada 2,THE_0291,Hoping they address the toxic workplace dynamics more critically this time. Can't wait.,TikTok comments,,2025-08-08,2025-08-08T17:26:00,362,107,44,32,8,hoping they address the toxic workplace dynamics more critically this time can't wait,hoping address toxic workplace dynamics critically time can't wait,6.636602508481567,13,87,6.6923076923076925,0.023,0.0,0.0,1.0,0.0,Friday,False,Viral,0.5994,0.308,0.0,0.692,positive,0.25,0.65,2,-0.019636533657067773,-0.1897274168454031,Cautious Fans
The Devil Wears Prada 2,THE_0361,Meryl Streep in a sequel? She doesn't do sequels. This must be THAT good. Genuinely can't stop thinking about this.,YouTube comments,,2025-08-12,2025-08-12T12:32:00,152,31,15,33,8,meryl streep in a sequel she doesn't do sequels this must be that good genuinely can't stop thinking about this,meryl streep sequel doesn't sequels must good genuinely can't stop thinking,5.6185876285929695,20,115,5.75,0.0783,0.0,1.0,0.0,0.0,Tuesday,False,High,0.5842,0.21,0.0,0.79,positive,0.55,0.55,3,-0.0788471284259606,-0.0654768100662357,Industry Analysts
The Devil Wears Prada 2,THE_0386,Can we talk about how perfectly aged this story is? The fashion industry critique hits differently now.,Twitter/X,,2025-09-14,2025-09-14T16:33:00,200,10,15,37,9,can we talk about how perfectly aged this story is the fashion industry critique hits differently now,talk perfectly aged story fashion industry critique hits differently,5.602118820879701,17,103,6.0588235294117645,0.0194,0.0,1.0,0.0,0.0,Sunday,True,High,0.6369,0.208,0.0,0.792,positive,-0.05,0.5,1,-0.015163635597284257,-0.05502492996665195,Fashion Insiders
The Devil Wears Prada 2,THE_0269,The industry commentary in the original was years ahead of its time. Can't wait to see 2024 through that lens.,TikTok comments,,2025-10-25,2025-10-25T03:29:00,94,16,4,43,10,the industry commentary in the original was years ahead of its time can't wait to see 2024 through that lens,industry commentary original years ahead time can't wait see 2024 through lens,4.990432586778736,20,110,5.5,0.0182,0.0,0.0,1.0,0.0,Saturday,True,High,0.3182,0.108,0.0,0.892,positive,0.375,0.75,2,-0.03699672494096157,-0.509862327030491,Cautious Fans
The Devil Wears Prada 2,THE_0400,Devil Wears Prada 2 is giving me everything I didn't know I needed. The casting looks *chef's kiss*.,Twitter/X,,2025-09-17,2025-09-17T14:47:00,180,62,12,38,9,devil wears prada 2 is giving me everything i didn't know i needed the casting looks chef's kiss,devil wears prada giving everything didn't needed casting looks chef's kiss,5.918893854273146,18,100,5.555555555555555,0.06,0.0,0.0,0.0,0.0,Wednesday,False,High,-0.0516,0.211,0.179,0.61,negative,0.0,0.0,1,-0.39587054334448496,0.7347858609170536,Fashion Insiders
The Devil Wears Prada 2,THE_0057,The costume design alone justifies a ticket. Anna Wintour era aesthetic is peak cinema. Hot take.,YouTube comments,,2025-09-30,2025-09-30T23:10:00,112,22,4,40,9,the costume design alone justifies a ticket anna wintour era aesthetic is peak cinema hot take,costume design alone justifies ticket anna wintour era aesthetic peak cinema hot take,5.19295685089021,16,97,6.0625,0.0412,0.0,0.0,0.0,0.0,Tuesday,False,High,-0.25,0.0,0.118,0.882,negative,0.25,0.85,3,-0.027919910775097756,-0.026993622284535765,Industry Analysts
The Devil Wears Prada 2,THE_0160,The pacing of the trailer felt a bit rushed. Hope the actual film breathes more. Real talk.,Instagram,,2025-10-22,2025-10-22T17:01:00,239,80,22,43,10,the pacing of the trailer felt a bit rushed hope the actual film breathes more real talk,pacing trailer felt bit rushed hope actual film breathes real talk,6.226536669287466,17,91,5.352941176470588,0.033,0.0,0.0,0.0,0.0,Wednesday,False,Viral,0.4404,0.153,0.0,0.847,positive,0.2333,0.3,3,-0.013706609080120422,-0.005047824492269046,Industry Analysts
The Devil Wears Prada 2,THE_0398,Some of the new casting choices are surprising. Trust the director but will reserve judgment.,TikTok comments,,2025-09-09,2025-09-09T03:13:00,335,105,20,37,9,some of the new casting choices are surprising trust the director but will reserve judgment,new casting choices surprising trust director reserve judgment,6.489964521183336,15,93,6.2,0.0215,0.0,0.0,0.0,0.0,Tuesday,False,Viral,0.4019,0.222,0.0,0.778,positive,0.4182,0.4773,1,-0.02454984045252202,0.035374631570006206,Fashion Insiders
The Devil Wears Prada 2,THE_0168,Anne Hathaway returning means this is going to be emotionally devastating. I'm prepared. Genuinely can't stop thinking about this.,TikTok comments,,2025-08-23,2025-08-23T04:24:00,186,9,21,34,8,anne hathaway returning means this is going to be emotionally devastating i'm prepared genuinely can't stop thinking about this,anne hathaway returning means emotionally devastating i'm prepared genuinely can't stop thinking,5.607638614103299,19,130,6.842105263157895,0.0308,0.0,0.0,2.0,0.0,Saturday,True,High,-0.3637,0.157,0.179,0.664,negative,-0.3,0.75,0,-0.06073258626532543,-0.06544536754747479,Nostalgia Advocates
The Devil Wears Prada 2,THE_0181,Interesting that they're releasing this during awards season. Strategic positioning. Anyone else feel this way?,Reddit,r/boxoffice,2025-08-11,2025-08-11T16:41:00,267,89,33,33,8,interesting that they're releasing this during awards season strategic positioning anyone else feel this way,interesting they're releasing during awards season strategic positioning anyone else,6.379274719977426,15,111,7.4,0.027,0.0,1.0,0.0,0.0,Monday,False,Viral,0.6908,0.305,0.0,0.695,positive,0.5,0.5,3,-0.0008020352894862809,-0.019118123215600673,Industry Analysts
The Devil Wears Prada 2,THE_0036,Sequels to perfect movies almost never work. I'm cautiously optimistic but nervous. Thoughts?,Reddit,r/boxoffice,2025-08-10,2025-08-10T17:13:00,219,87,32,32,8,sequels to perfect movies almost never work i'm cautiously optimistic but nervous thoughts,sequels perfect movies almost never work i'm cautiously optimistic nervous thoughts,6.279459070741808,13,93,7.153846153846154,0.0323,0.0,1.0,0.0,1.0,Sunday,True,Viral,0.09,0.24,0.159,0.601,positive,1.0,1.0,3,-0.013430822457006466,-0.006871285719005241,Industry Analysts
The Devil Wears Prada 2,THE_0385,I'll watch it but I have reservations. Fashion films are very of-their-moment. Thoughts?,YouTube comments,,2025-10-24,2025-10-24T23:11:00,96,25,5,43,10,i'll watch it but i have reservations fashion films are very of their moment thoughts,i'll watch reservations fashion films moment thoughts,5.161924741642482,13,88,6.769230769230769,0.0455,0.0,1.0,0.0,1.0,Friday,False,High,0.0,0.0,0.0,1.0,neutral,0.2,0.3,3,-0.01347455278705451,-0.05623560868139442,Industry Analysts
The Devil Wears Prada 2,THE_0322,Not sure how they'll top the original. The bar is literally Meryl Streep at peak Meryl. Thoughts?,Instagram,,2025-10-06,2025-10-06T05:43:00,245,97,10,41,10,not sure how they'll top the original the bar is literally meryl streep at peak meryl thoughts,sure they'll top original bar literally meryl streep peak meryl thoughts,6.250940027669582,17,97,5.705882352941177,0.0619,0.0,1.0,0.0,0.0,Monday,False,Viral,0.2819,0.204,0.098,0.698,positive,0.2083,0.713,3,-0.05263301489374657,-0.12087370051290335,Industry Analysts
The Devil Wears Prada 2,THE_0392,Hoping they address the toxic workplace dynamics more critically this time.,Instagram,,2025-09-23,2025-09-23T07:20:00,257,95,29,39,9,hoping they address the toxic workplace dynamics more critically this time,hoping address toxic workplace dynamics critically time,6.367329185439855,11,75,6.818181818181818,0.0133,0.0,0.0,0.0,0.0,Tuesday,False,Viral,0.5994,0.353,0.0,0.647,positive,0.25,0.65,2,-0.022612509068045232,-0.1228891180318247,Cautious Fans
The Devil Wears Prada 2,THE_0440,Can we talk about how perfectly aged this story is? The fashion industry critique hits differently now. Genuinely can't stop thinking about this.,YouTube comments,,2025-08-12,2025-08-12T20:34:00,179,39,18,33,8,can we talk about how perfectly aged this story is the fashion industry critique hits differently now genuinely can't stop thinking about this,talk perfectly aged story fashion industry critique hits differently genuinely can't stop thinking,5.803627809625917,23,145,6.304347826086956,0.0207,0.0,1.0,0.0,0.0,Tuesday,False,High,0.7259,0.225,0.0,0.775,positive,0.1,0.5,1,-0.04138363738896192,-0.056688985770019296,Fashion Insiders
The Devil Wears Prada 2,THE_0032,Sequels to perfect movies almost never work. I'm cautiously optimistic but nervous.,Reddit,r/Oscars,2025-08-21,2025-08-21T01:32:00,192,43,24,34,8,sequels to perfect movies almost never work i'm cautiously optimistic but nervous,sequels perfect movies almost never work i'm cautiously optimistic nervous,5.920237037819614,12,83,6.916666666666667,0.0241,0.0,0.0,0.0,1.0,Thursday,False,High,0.09,0.256,0.169,0.575,positive,1.0,1.0,3,-0.012486144382635319,-0.006561514010758726,Industry Analysts
The Devil Wears Prada 2,THE_0018,Sequels to perfect movies almost never work. I'm cautiously optimistic but nervous. Fight me.,Reddit,r/movies,2025-09-09,2025-09-09T07:03:00,106,18,15,37,9,sequels to perfect movies almost never work i'm cautiously optimistic but nervous fight me,sequels perfect movies almost never work i'm cautiously optimistic nervous fight,5.2832037287379885,14,93,6.642857142857143,0.0323,0.0,0.0,0.0,1.0,Tuesday,False,High,-0.4678,0.2,0.302,0.499,negative,1.0,1.0,3,-0.01231678641943545,-0.008463993583182158,Industry Analysts
The Devil Wears Prada 2,THE_0351,Box office tracking says this is projected to open at 60M+. Makes sense given the IP. Real talk.,YouTube comments,,2025-08-22,2025-08-22T02:36:00,62,18,4,34,8,box office tracking says this is projected to open at 60m makes sense given the ip real talk,box office tracking says projected open 60m makes sense given real talk,4.787491742782046,18,96,5.333333333333333,0.0625,0.0,0.0,0.0,0.0,Friday,False,High,0.0,0.0,0.0,1.0,neutral,0.1,0.4,3,0.8276253138833857,0.3015930663365729,Industry Analysts
The Devil Wears Prada 2,THE_0267,I'll watch it but I have reservations. Fashion films are very of-their-moment. Hot take.,Reddit,r/boxoffice,2025-10-01,2025-10-01T10:59:00,204,17,30,40,10,i'll watch it but i have reservations fashion films are very of their moment hot take,i'll watch reservations fashion films moment hot take,5.821565510312585,14,88,6.285714285714286,0.0455,0.0,0.0,0.0,1.0,Wednesday,False,High,0.0,0.0,0.0,1.0,neutral,0.225,0.575,3,-0.028647508430532192,-0.05169547158355704,Industry Analysts
The Devil Wears Prada 2,THE_0300,The original is a masterpiece of corporate satire. Sequel has massive shoes to fill. Anyone else feel this way?,Twitter/X,,2025-09-01,2025-09-01T15:35:00,140,18,12,36,9,the original is a masterpiece of corporate satire sequel has massive shoes to fill anyone else feel this way,original masterpiece corporate satire sequel massive shoes fill anyone else,5.402677381872279,19,111,5.842105263157895,0.027,0.0,1.0,1.0,0.0,Monday,False,High,0.7506,0.274,0.0,0.726,positive,0.125,0.5833,3,-0.021642117651313356,-0.06507659346448205,Industry Analysts
The Devil Wears Prada 2,THE_0206,Sequels to perfect movies almost never work. I'm cautiously optimistic but nervous. Anyone else feel this way?,Reddit,r/femalefashionadvice,2025-10-27,2025-10-27T14:44:00,267,44,26,44,10,sequels to perfect movies almost never work i'm cautiously optimistic but nervous anyone else feel this way,sequels perfect movies almost never work i'm cautiously optimistic nervous anyone else,6.1224928095143865,17,110,6.470588235294118,0.0273,0.0,1.0,0.0,1.0,Monday,False,Viral,0.09,0.194,0.128,0.678,positive,1.0,1.0,3,0.0039308762816802545,-0.005397087667570688,Industry Analysts
The Devil Wears Prada 2,THE_0310,I've been waiting for this sequel for 15 years. Miranda Priestly is back and I am NOT ready. Anyone else feel this way?,Reddit,r/boxoffice,2025-10-12,2025-10-12T03:57:00,319,64,38,41,10,i've been waiting for this sequel for 15 years miranda priestly is back and i am not ready anyone else feel this way,i've waiting sequel years miranda priestly back ready anyone else,6.386879319362645,23,119,5.173913043478261,0.0672,0.0,1.0,1.0,0.0,Sunday,True,Viral,-0.2755,0.0,0.088,0.912,negative,-0.05,0.25,3,-0.0010042125762281908,-0.03721957961224558,Industry Analysts
The Devil Wears Prada 2,THE_0156,Box office tracking says this is projected to open at 60M+. Makes sense given the IP. Thoughts?,Reddit,r/movies,2025-09-17,2025-09-17T04:35:00,364,73,41,38,9,box office tracking says this is projected to open at 60m makes sense given the ip thoughts,box office tracking says projected open 60m makes sense given thoughts,6.508023702721733,17,95,5.588235294117647,0.0632,0.0,1.0,0.0,0.0,Wednesday,False,Viral,0.0,0.0,0.0,1.0,neutral,0.0,0.5,3,0.8337754972966498,0.2947722941311945,Industry Analysts
The Devil Wears Prada 2,THE_0334,The original didn't need a sequel. Hope they don't ruin the legacy. Anyone else feel this way?,Instagram,,2025-10-22,2025-10-22T12:48:00,197,48,19,43,10,the original didn't need a sequel hope they don't ruin the legacy anyone else feel this way,original didn't sequel hope don't ruin legacy anyone else,5.926926025970411,17,94,5.529411764705882,0.0319,0.0,1.0,0.0,1.0,Wednesday,False,High,0.8059,0.371,0.0,0.629,positive,0.375,0.75,1,-0.05114929310053423,0.023692623113031094,Fashion Insiders
The Devil Wears Prada 2,THE_0391,Hoping they address the toxic workplace dynamics more critically this time.,Twitter/X,,2025-08-20,2025-08-20T05:59:00,337,72,21,34,8,hoping they address the toxic workplace dynamics more critically this time,hoping address toxic workplace dynamics critically time,6.364750756851911,11,75,6.818181818181818,0.0133,0.0,0.0,0.0,0.0,Wednesday,False,Viral,0.5994,0.353,0.0,0.647,positive,0.25,0.65,2,-0.022612509068045232,-0.1228891180318247,Cautious Fans
The Devil Wears Prada 2,THE_0027,I'm a fashion journalist and this movie is basically a love letter to our industry. Excited doesn't cover it. Fight me.,Twitter/X,,2025-08-10,2025-08-10T14:51:00,218,24,16,32,8,i'm a fashion journalist and this movie is basically a love letter to our industry excited doesn't cover it fight me,i'm fashion journalist movie basically love letter industry excited doesn't cover fight,5.7899601708972535,21,119,5.666666666666667,0.0252,0.0,0.0,0.0,0.0,Sunday,True,High,0.8309,0.328,0.0,0.672,positive,0.4375,0.675,3,-0.009321958505618918,-0.06273002104325688,Industry Analysts
The Devil Wears Prada 2,THE_0054,Fashion Twitter is absolutely losing it. Rightfully so. Thoughts?,TikTok comments,,2025-09-21,2025-09-21T22:18:00,98,15,6,38,9,fashion twitter is absolutely losing it rightfully so thoughts,fashion twitter absolutely losing rightfully thoughts,5.0401940963378005,9,65,7.222222222222222,0.0615,0.0,1.0,0.0,0.0,Sunday,True,High,-0.4391,0.0,0.266,0.734,negative,0.2,0.9,3,-0.019145999960406845,-0.03622668228991035,Industry Analysts
The Devil Wears Prada 2,THE_0030,Anne Hathaway returning means this is going to be emotionally devastating. I'm prepared. Fight me.,TikTok comments,,2025-10-11,2025-10-11T21:45:00,96,28,10,41,10,anne hathaway returning means this is going to be emotionally devastating i'm prepared fight me,anne hathaway returning means emotionally devastating i'm prepared fight,5.2832037287379885,15,98,6.533333333333333,0.0408,0.0,0.0,2.0,0.0,Saturday,True,High,-0.7184,0.091,0.332,0.577,negative,-1.0,1.0,0,-0.029586550118000668,-0.06202926932009468,Nostalgia Advocates
The Devil Wears Prada 2,THE_0137,Fashion Twitter is absolutely losing it. Rightfully so. Genuinely can't stop thinking about this.,Instagram,,2025-08-14,2025-08-14T21:14:00,123,41,17,33,8,fashion twitter is absolutely losing it rightfully so genuinely can't stop thinking about this,fashion twitter absolutely losing rightfully genuinely can't stop thinking,5.625820933186489,14,97,6.928571428571429,0.0412,0.0,0.0,0.0,0.0,Thursday,False,High,-0.188,0.126,0.17,0.704,negative,0.3,0.7,3,-0.05108507272000997,-0.04119978458924008,Industry Analysts
The Devil Wears Prada 2,THE_0236,The nostalgia economy is real. Studios know exactly what they're doing with this IP. Real talk.,Twitter/X,,2025-10-13,2025-10-13T23:20:00,440,160,54,42,10,the nostalgia economy is real studios know exactly what they're doing with this ip real talk,nostalgia economy real studios exactly they're doing real talk,6.910750787961936,16,95,5.9375,0.0526,0.0,0.0,0.0,0.0,Monday,False,Viral,0.0,0.0,0.0,1.0,neutral,0.2167,0.2833,1,-0.009556558263759762,0.0020803309479114243,Fashion Insiders
The Devil Wears Prada 2,THE_0256,The pacing of the trailer felt a bit rushed. Hope the actual film breathes more. Anyone else feel this way?,TikTok comments,,2025-09-14,2025-09-14T14:41:00,187,28,20,37,9,the pacing of the trailer felt a bit rushed hope the actual film breathes more anyone else feel this way,pacing trailer felt bit rushed hope actual film breathes anyone else,5.762051382780177,20,107,5.35,0.028,0.0,1.0,0.0,0.0,Sunday,True,High,0.4404,0.132,0.0,0.868,positive,0.25,0.3,3,0.0008476567540932671,-0.013183997801062735,Industry Analysts
The Devil Wears Prada 2,THE_0150,Devil Wears Prada shaped my entire career path. This sequel feels personal.,Instagram,,2025-08-08,2025-08-08T15:54:00,112,23,16,32,8,devil wears prada shaped my entire career path this sequel feels personal,devil wears prada shaped entire career path sequel feels personal,5.3867860145356445,12,75,6.25,0.0533,0.0,0.0,0.0,0.0,Friday,False,High,-0.6597,0.0,0.286,0.714,negative,0.0,0.4625,1,-0.2009179977918324,0.3473663049626647,Fashion Insiders
The Devil Wears Prada 2,THE_0414,The demographic skew toward 25-45 women is very clear in the marketing. Smart targeting. Fight me.,Reddit,r/movies,2025-10-22,2025-10-22T16:15:00,151,27,10,43,10,the demographic skew toward 25 45 women is very clear in the marketing smart targeting fight me,demographic skew toward women clear marketing smart targeting fight,5.519458915191573,16,98,6.125,0.0306,0.0,0.0,0.0,0.0,Wednesday,False,High,0.4576,0.252,0.117,0.631,positive,0.1721,0.5706,3,-0.0007379082890367453,-0.014121405978864816,Industry Analysts
The Devil Wears Prada 2,THE_0364,I'm a fashion journalist and this movie is basically a love letter to our industry. Excited doesn't cover it. Fight me.,TikTok comments,,2025-10-13,2025-10-13T04:36:00,104,35,5,42,10,i'm a fashion journalist and this movie is basically a love letter to our industry excited doesn't cover it fight me,i'm fashion journalist movie basically love letter industry excited doesn't cover fight,5.335131339670753,21,119,5.666666666666667,0.0252,0.0,0.0,0.0,0.0,Monday,False,High,0.8309,0.328,0.0,0.672,positive,0.4375,0.675,3,-0.009321958505618918,-0.06273002104325688,Industry Analysts
The Devil Wears Prada 2,THE_0409,I've been waiting for this sequel for 15 years. Miranda Priestly is back and I am NOT ready.,Twitter/X,,2025-10-27,2025-10-27T20:41:00,311,37,20,44,10,i've been waiting for this sequel for 15 years miranda priestly is back and i am not ready,i've waiting sequel years miranda priestly back ready,6.140961558253893,18,92,5.111111111111111,0.0761,0.0,0.0,1.0,0.0,Monday,False,Viral,-0.2755,0.0,0.11,0.89,negative,-0.05,0.25,3,-0.018559669738930043,-0.03985314536412874,Industry Analysts
The Devil Wears Prada 2,THE_0279,I'll watch it but I have reservations. Fashion films are very of-their-moment. Anyone else feel this way?,Twitter/X,,2025-09-23,2025-09-23T11:57:00,166,45,18,39,9,i'll watch it but i have reservations fashion films are very of their moment anyone else feel this way,i'll watch reservations fashion films moment anyone else,5.809642865355678,17,105,6.176470588235294,0.0381,0.0,1.0,0.0,1.0,Tuesday,False,High,0.0,0.0,0.0,1.0,neutral,0.2,0.3,3,0.01002068946082304,-0.05268761777621504,Industry Analysts
The Devil Wears Prada 2,THE_0285,Can we talk about how perfectly aged this story is? The fashion industry critique hits differently now.,YouTube comments,,2025-09-01,2025-09-01T23:02:00,221,63,29,36,9,can we talk about how perfectly aged this story is the fashion industry critique hits differently now,talk perfectly aged story fashion industry critique hits differently,6.1452580202873985,17,103,6.0588235294117645,0.0194,0.0,1.0,0.0,0.0,Monday,False,Viral,0.6369,0.208,0.0,0.792,positive,-0.05,0.5,1,-0.015163635597284257,-0.05502492996665195,Fashion Insiders
The Devil Wears Prada 2,THE_0238,Not sure how they'll top the original. The bar is literally Meryl Streep at peak Meryl. Fight me.,Twitter/X,,2025-09-06,2025-09-06T15:38:00,255,64,4,36,9,not sure how they'll top the original the bar is literally meryl streep at peak meryl fight me,sure they'll top original bar literally meryl streep peak meryl fight,6.059123195581797,18,97,5.388888888888889,0.0619,0.0,0.0,0.0,0.0,Saturday,True,Viral,-0.1184,0.181,0.201,0.618,negative,0.2083,0.713,3,-0.04981191710532236,-0.1190425479450131,Industry Analysts
The Devil Wears Prada 2,THE_0125,The pacing of the trailer felt a bit rushed. Hope the actual film breathes more. Anyone else feel this way?,Twitter/X,,2025-10-19,2025-10-19T21:15:00,208,16,27,42,10,the pacing of the trailer felt a bit rushed hope the actual film breathes more anyone else feel this way,pacing trailer felt bit rushed hope actual film breathes anyone else,5.799092654460526,20,107,5.35,0.028,0.0,1.0,0.0,0.0,Sunday,True,High,0.4404,0.132,0.0,0.868,positive,0.25,0.3,3,0.0008476567540932671,-0.013183997801062735,Industry Analysts
The Devil Wears Prada 2,THE_0413,The writing needs to be sharp. Fashion satire works best when it's uncomfortable. Anyone else feel this way?,Reddit,r/Oscars,2025-10-03,2025-10-03T13:56:00,103,27,10,40,10,the writing needs to be sharp fashion satire works best when it's uncomfortable anyone else feel this way,writing needs sharp fashion satire works best it's uncomfortable anyone else,5.305789381386738,18,108,6.0,0.0278,0.0,1.0,0.0,0.0,Friday,False,High,0.3818,0.184,0.114,0.702,positive,0.125,0.6833,3,0.008156057686922498,-0.01469618377196582,Industry Analysts
The Devil Wears Prada 2,THE_0205,The original didn't need a sequel. Hope they don't ruin the legacy. Thoughts?,TikTok comments,,2025-10-14,2025-10-14T23:48:00,151,46,14,42,10,the original didn't need a sequel hope they don't ruin the legacy thoughts,original didn't sequel hope don't ruin legacy thoughts,5.733341276897746,13,77,5.923076923076923,0.039,0.0,1.0,0.0,1.0,Tuesday,False,High,0.8059,0.453,0.0,0.547,positive,0.375,0.75,1,-0.07229197643290614,0.02182338085863969,Fashion Insiders
The Devil Wears Prada 2,THE_0346,The writing needs to be sharp. Fashion satire works best when it's uncomfortable. Anyone else feel this way?,TikTok comments,,2025-08-18,2025-08-18T10:07:00,375,99,8,34,8,the writing needs to be sharp fashion satire works best when it's uncomfortable anyone else feel this way,writing needs sharp fashion satire works best it's uncomfortable anyone else,6.4731187935736925,18,108,6.0,0.0278,0.0,1.0,0.0,0.0,Monday,False,Viral,0.3818,0.184,0.114,0.702,positive,0.125,0.6833,3,0.008156057686922498,-0.01469618377196582,Industry Analysts
The Devil Wears Prada 2,THE_0203,The aesthetic is immaculate. That first look at the editorial set made me gasp. Thoughts?,Instagram,,2025-10-04,2025-10-04T16:35:00,95,7,7,40,10,the aesthetic is immaculate that first look at the editorial set made me gasp thoughts,aesthetic immaculate first look editorial set made gasp thoughts,4.901564199041894,15,89,5.933333333333334,0.0337,0.0,1.0,0.0,0.0,Saturday,True,High,0.0,0.0,0.0,1.0,neutral,0.25,0.3333,3,-0.0052834935548382546,-0.006087535649859058,Industry Analysts
The Devil Wears Prada 2,THE_0372,The original didn't need a sequel. Hope they don't ruin the legacy. Genuinely can't stop thinking about this.,Twitter/X,,2025-08-18,2025-08-18T20:43:00,124,39,14,34,8,the original didn't need a sequel hope they don't ruin the legacy genuinely can't stop thinking about this,original didn't sequel hope don't ruin legacy genuinely can't stop thinking,5.577841251298354,18,109,6.055555555555555,0.0275,0.0,0.0,0.0,1.0,Monday,False,High,0.8466,0.421,0.0,0.579,positive,0.3875,0.625,1,-0.09861004831344865,0.011459881494311739,Fashion Insiders
The Devil Wears Prada 2,THE_0066,Sequels to perfect movies almost never work. I'm cautiously optimistic but nervous. Thoughts?,Twitter/X,,2025-10-30,2025-10-30T06:04:00,210,27,22,44,10,sequels to perfect movies almost never work i'm cautiously optimistic but nervous thoughts,sequels perfect movies almost never work i'm cautiously optimistic nervous thoughts,5.842094090453713,13,93,7.153846153846154,0.0323,0.0,1.0,0.0,1.0,Thursday,False,High,0.09,0.24,0.159,0.601,positive,1.0,1.0,3,-0.013430822457006466,-0.006871285719005241,Industry Analysts
The Devil Wears Prada 2,THE_0172,The nostalgia economy is real. Studios know exactly what they're doing with this IP. Fight me.,TikTok comments,,2025-09-25,2025-09-25T18:25:00,251,50,6,39,9,the nostalgia economy is real studios know exactly what they're doing with this ip fight me,nostalgia economy real studios exactly they're doing fight,5.978885764901122,16,94,5.875,0.0532,0.0,0.0,0.0,0.0,Thursday,False,High,-0.3818,0.0,0.148,0.852,negative,0.225,0.275,1,-0.012299082955483714,-0.010444182125587717,Fashion Insiders
The Devil Wears Prada 2,THE_0410,Devil Wears Prada 2 is giving me everything I didn't know I needed. The casting looks *chef's kiss*. Genuinely can't stop thinking about this.,Reddit,r/movies,2025-08-17,2025-08-17T02:57:00,331,39,33,33,8,devil wears prada 2 is giving me everything i didn't know i needed the casting looks chef's kiss genuinely can't stop thinking about this,devil wears prada giving everything didn't needed casting looks chef's kiss genuinely can't stop thinking,6.270042805310292,24,142,5.916666666666667,0.0493,0.0,0.0,0.0,0.0,Sunday,True,Viral,0.1749,0.225,0.14,0.635,positive,0.4,0.5,1,-0.37988505714558285,0.645807826846829,Fashion Insiders
The Devil Wears Prada 2,THE_0404,Every fashion editor I know has already pre-booked opening weekend. Thoughts?,Twitter/X,,2025-09-22,2025-09-22T03:34:00,219,23,16,39,9,every fashion editor i know has already pre booked opening weekend thoughts,every fashion editor pre booked opening weekend thoughts,5.785362461648624,11,77,7.0,0.039,0.0,1.0,2.0,0.0,Monday,False,High,0.0,0.0,0.0,1.0,neutral,0.0,0.0,3,-0.008974145029249966,-0.011698899849743863,Industry Analysts
The Devil Wears Prada 2,THE_0146,I'm a fashion journalist and this movie is basically a love letter to our industry. Excited doesn't cover it. Can't wait.,TikTok comments,,2025-08-01,2025-08-01T08:54:00,294,29,40,31,8,i'm a fashion journalist and this movie is basically a love letter to our industry excited doesn't cover it can't wait,i'm fashion journalist movie basically love letter industry excited doesn't cover can't wait,6.189290290437902,21,121,5.761904761904762,0.0248,0.0,0.0,1.0,0.0,Friday,False,Viral,0.765,0.258,0.0,0.742,positive,0.4375,0.675,3,-0.006385950088195182,-0.09808669670034142,Industry Analysts
The Devil Wears Prada 2,THE_0122,Devil Wears Prada 2 is giving me everything I didn't know I needed. The casting looks *chef's kiss*. Can't wait.,TikTok comments,,2025-08-13,2025-08-13T20:45:00,127,39,8,33,8,devil wears prada 2 is giving me everything i didn't know i needed the casting looks chef's kiss can't wait,devil wears prada giving everything didn't needed casting looks chef's kiss can't wait,5.519458915191573,20,112,5.6,0.0625,0.0,0.0,1.0,0.0,Wednesday,False,High,-0.0516,0.195,0.165,0.639,negative,0.0,0.0,1,-0.3799441829955781,0.6679570026517734,Fashion Insiders
The Devil Wears Prada 2,THE_0087,Devil Wears Prada shaped my entire career path. This sequel feels personal. Real talk.,Twitter/X,,2025-10-10,2025-10-10T16:22:00,230,64,14,41,10,devil wears prada shaped my entire career path this sequel feels personal real talk,devil wears prada shaped entire career path sequel feels personal real talk,6.07073772800249,14,86,6.142857142857143,0.0581,0.0,0.0,0.0,0.0,Friday,False,Viral,-0.6597,0.0,0.253,0.747,negative,0.0667,0.4083,1,-0.18622317667209246,0.33436389874003514,Fashion Insiders
The Devil Wears Prada 2,THE_0448,The industry commentary in the original was years ahead of its time. Can't wait to see 2024 through that lens. Thoughts?,Reddit,r/boxoffice,2025-09-05,2025-09-05T16:29:00,137,25,7,36,9,the industry commentary in the original was years ahead of its time can't wait to see 2024 through that lens thoughts,industry commentary original years ahead time can't wait see 2024 through lens thoughts,5.40042258948519,21,120,5.714285714285714,0.025,0.0,1.0,1.0,0.0,Friday,False,High,0.3182,0.103,0.0,0.897,positive,0.375,0.75,2,-0.036499760908930146,-0.48263345437415783,Cautious Fans
The Devil Wears Prada 2,THE_0405,The original didn't need a sequel. Hope they don't ruin the legacy. Can't wait.,YouTube comments,,2025-08-12,2025-08-12T05:51:00,142,30,18,33,8,the original didn't need a sequel hope they don't ruin the legacy can't wait,original didn't sequel hope don't ruin legacy can't wait,5.605802066295998,14,79,5.642857142857143,0.038,0.0,0.0,1.0,1.0,Tuesday,False,High,0.8059,0.429,0.0,0.571,positive,0.375,0.75,1,-0.06790972799496293,-0.02741156661347458,Fashion Insiders
The Devil Wears Prada 2,THE_0107,Devil Wears Prada 2 is giving me everything I didn't know I needed. The casting looks *chef's kiss*. Hot take.,TikTok comments,,2025-10-05,2025-10-05T00:42:00,179,16,21,40,10,devil wears prada 2 is giving me everything i didn't know i needed the casting looks chef's kiss hot take,devil wears prada giving everything didn't needed casting looks chef's kiss hot take,5.645446897643238,20,110,5.5,0.0636,0.0,0.0,0.0,0.0,Sunday,True,High,-0.0516,0.195,0.165,0.639,negative,0.25,0.85,1,-0.3808709643423099,0.68284780202369,Fashion Insiders
The Devil Wears Prada 2,THE_0183,The original didn't need a sequel. Hope they don't ruin the legacy. Hot take.,TikTok comments,,2025-10-16,2025-10-16T01:50:00,146,28,8,42,10,the original didn't need a sequel hope they don't ruin the legacy hot take,original didn't sequel hope don't ruin legacy hot take,5.484796933490655,14,77,5.5,0.039,0.0,0.0,0.0,1.0,Thursday,False,High,0.8059,0.429,0.0,0.571,positive,0.3125,0.8,1,-0.0863123208370397,0.0235033699468882,Fashion Insiders
The Devil Wears Prada 2,THE_0376,Anne Hathaway returning means this is going to be emotionally devastating. I'm prepared. Thoughts?,Twitter/X,,2025-09-06,2025-09-06T22:01:00,220,57,24,36,9,anne hathaway returning means this is going to be emotionally devastating i'm prepared thoughts,anne hathaway returning means emotionally devastating i'm prepared thoughts,6.0764947962925575,14,98,7.0,0.0408,0.0,1.0,2.0,0.0,Saturday,True,Viral,-0.5267,0.104,0.236,0.659,negative,-1.0,1.0,0,-0.03192209366155775,-0.06139406820759052,Nostalgia Advocates
The Devil Wears Prada 2,THE_0071,Some of the new casting choices are surprising. Trust the director but will reserve judgment. Fight me.,Twitter/X,,2025-10-15,2025-10-15T18:42:00,232,54,31,42,10,some of the new casting choices are surprising trust the director but will reserve judgment fight me,new casting choices surprising trust director reserve judgment fight,6.133398042996649,17,103,6.0588235294117645,0.0291,0.0,0.0,0.0,0.0,Wednesday,False,Viral,-0.1779,0.175,0.161,0.664,negative,0.4182,0.4773,1,-0.024250399757355486,0.033053224976636146,Fashion Insiders
The Devil Wears Prada 2,THE_0193,Fashion Twitter is absolutely losing it. Rightfully so. Fight me.,YouTube comments,,2025-10-07,2025-10-07T13:10:00,301,44,19,41,10,fashion twitter is absolutely losing it rightfully so fight me,fashion twitter absolutely losing rightfully fight,6.150602768446279,10,65,6.5,0.0615,0.0,0.0,0.0,0.0,Tuesday,False,Viral,-0.7399,0.0,0.439,0.561,negative,0.2,0.9,3,-0.017694503294342544,-0.03992573170375035,Industry Analysts
The Devil Wears Prada 2,THE_0438,Box office tracking says this is projected to open at 60M+. Makes sense given the IP. Anyone else feel this way?,Reddit,r/femalefashionadvice,2025-10-24,2025-10-24T20:38:00,273,54,13,43,10,box office tracking says this is projected to open at 60m makes sense given the ip anyone else feel this way,box office tracking says projected open 60m makes sense given anyone else,6.104793232414985,21,112,5.333333333333333,0.0536,0.0,1.0,0.0,0.0,Friday,False,Viral,0.0,0.0,0.0,1.0,neutral,0.0,0.5,3,0.8512627895319571,0.29618084879540235,Industry Analysts
The Devil Wears Prada 2,THE_0297,The original is a masterpiece of corporate satire. Sequel has massive shoes to fill. Real talk.,YouTube comments,,2025-09-16,2025-09-16T16:56:00,103,28,5,38,9,the original is a masterpiece of corporate satire sequel has massive shoes to fill real talk,original masterpiece corporate satire sequel massive shoes fill real talk,5.241747015059643,16,95,5.9375,0.0316,0.0,0.0,1.0,0.0,Tuesday,False,High,0.7506,0.314,0.0,0.686,positive,0.1437,0.5125,3,-0.0387948837687895,-0.05769859699617249,Industry Analysts
The Devil Wears Prada 2,THE_0231,This will be fascinating to analyze from an audience reception standpoint. Genuinely can't stop thinking about this.,Twitter/X,,2025-08-04,2025-08-04T15:56:00,254,63,24,32,8,this will be fascinating to analyze from an audience reception standpoint genuinely can't stop thinking about this,fascinating analyze audience reception standpoint genuinely can't stop thinking,6.183117431330821,17,116,6.823529411764706,0.0172,0.0,0.0,0.0,0.0,Monday,False,Viral,0.6584,0.264,0.0,0.736,positive,0.55,0.675,3,-0.03926559842734575,-0.016676136948448425,Industry Analysts
The Devil Wears Prada 2,THE_0290,The pacing of the trailer felt a bit rushed. Hope the actual film breathes more. Hot take.,YouTube comments,,2025-10-08,2025-10-08T15:15:00,121,12,7,41,10,the pacing of the trailer felt a bit rushed hope the actual film breathes more hot take,pacing trailer felt bit rushed hope actual film breathes hot take,5.153291594497779,17,90,5.294117647058823,0.0333,0.0,0.0,0.0,0.0,Wednesday,False,High,0.4404,0.153,0.0,0.847,positive,0.25,0.4833,3,-0.028634514345110825,-0.013086422135675587,Industry Analysts
The Devil Wears Prada 2,THE_0394,The fashion sequences look incredible. The plot remains to be seen.,Twitter/X,,2025-09-21,2025-09-21T02:56:00,96,31,14,38,9,the fashion sequences look incredible the plot remains to be seen,fashion sequences look incredible plot remains seen,5.377590547442544,11,67,6.090909090909091,0.0299,0.0,0.0,1.0,0.0,Sunday,True,High,0.0,0.0,0.0,1.0,neutral,0.9,0.9,3,-2.1366816050216124e-06,-0.01716850285625059,Industry Analysts
The Devil Wears Prada 2,THE_0118,"The teaser just dropped and I'm already emotional. Fashion, power, and Meryl Streep. Anyone else feel this way?",Instagram,,2025-09-26,2025-09-26T03:33:00,239,39,5,39,9,the teaser just dropped and i'm already emotional fashion power and meryl streep anyone else feel this way,teaser dropped i'm emotional fashion power meryl streep anyone else,5.8650506222523235,18,111,6.166666666666667,0.0541,0.0,1.0,3.0,0.0,Friday,False,High,-0.1027,0.082,0.102,0.816,negative,0.0,0.65,3,-0.010148974262638782,-0.07338513372198616,Industry Analysts
The Devil Wears Prada 2,THE_0335,Sequels to perfect movies almost never work. I'm cautiously optimistic but nervous. Real talk.,Reddit,r/movies,2025-10-06,2025-10-06T17:37:00,113,15,9,41,10,sequels to perfect movies almost never work i'm cautiously optimistic but nervous real talk,sequels perfect movies almost never work i'm cautiously optimistic nervous real talk,5.184588601219693,14,94,6.714285714285714,0.0319,0.0,0.0,0.0,1.0,Monday,False,High,0.09,0.227,0.15,0.623,positive,0.6,0.65,3,-0.010140656708432833,0.002861581532430878,Industry Analysts
The Devil Wears Prada 2,THE_0084,Not sure how they'll top the original. The bar is literally Meryl Streep at peak Meryl. Hot take.,Reddit,r/boxoffice,2025-09-15,2025-09-15T08:21:00,197,32,15,38,9,not sure how they'll top the original the bar is literally meryl streep at peak meryl hot take,sure they'll top original bar literally meryl streep peak meryl hot take,5.777652323222656,18,97,5.388888888888889,0.0619,0.0,0.0,0.0,0.0,Monday,False,High,0.2819,0.195,0.093,0.712,positive,0.2188,0.7472,3,-0.06104174735765484,-0.112234072907636,Industry Analysts
The Devil Wears Prada 2,THE_0041,The fashion sequences look incredible. The plot remains to be seen.,Reddit,r/boxoffice,2025-08-17,2025-08-17T20:16:00,139,20,1,33,8,the fashion sequences look incredible the plot remains to be seen,fashion sequences look incredible plot remains seen,5.262690188904886,11,67,6.090909090909091,0.0299,0.0,0.0,1.0,0.0,Sunday,True,High,0.0,0.0,0.0,1.0,neutral,0.9,0.9,3,-2.1366816050216124e-06,-0.01716850285625059,Industry Analysts
The Devil Wears Prada 2,THE_0295,I'm a fashion journalist and this movie is basically a love letter to our industry. Excited doesn't cover it. Hot take.,TikTok comments,,2025-08-16,2025-08-16T23:48:00,226,12,31,33,8,i'm a fashion journalist and this movie is basically a love letter to our industry excited doesn't cover it hot take,i'm fashion journalist movie basically love letter industry excited doesn't cover hot take,5.857933154483459,21,119,5.666666666666667,0.0252,0.0,0.0,0.0,0.0,Saturday,True,High,0.765,0.258,0.0,0.742,positive,0.375,0.7333,3,-0.021780095829759618,-0.05742524237203433,Industry Analysts
The Devil Wears Prada 2,THE_0369,The industry commentary in the original was years ahead of its time. Can't wait to see 2024 through that lens. Can't wait.,YouTube comments,,2025-08-28,2025-08-28T15:04:00,149,12,3,35,8,the industry commentary in the original was years ahead of its time can't wait to see 2024 through that lens can't wait,industry commentary original years ahead time can't wait see 2024 through lens can't wait,5.241747015059643,22,122,5.545454545454546,0.0246,0.0,0.0,1.0,0.0,Thursday,False,High,0.3182,0.099,0.0,0.901,positive,0.375,0.75,2,-0.030360542388407522,-0.49289562534704195,Cautious Fans
The Devil Wears Prada 2,THE_0139,Devil Wears Prada 2 is giving me everything I didn't know I needed. The casting looks *chef's kiss*. Fight me.,TikTok comments,,2025-08-05,2025-08-05T09:31:00,138,26,4,32,8,devil wears prada 2 is giving me everything i didn't know i needed the casting looks chef's kiss fight me,devil wears prada giving everything didn't needed casting looks chef's kiss fight,5.375278407684165,20,110,5.5,0.0636,0.0,0.0,0.0,0.0,Tuesday,False,High,-0.4215,0.184,0.248,0.567,negative,0.0,0.0,1,-0.3902150408018082,0.7222287774778993,Fashion Insiders
The Devil Wears Prada 2,THE_0112,Meryl Streep in a sequel? She doesn't do sequels. This must be THAT good. Fight me.,TikTok comments,,2025-10-01,2025-10-01T15:15:00,176,52,11,40,10,meryl streep in a sequel she doesn't do sequels this must be that good fight me,meryl streep sequel doesn't sequels must good fight,5.8289456176102075,16,83,5.1875,0.1084,0.0,1.0,0.0,0.0,Wednesday,False,High,0.0772,0.149,0.133,0.718,positive,0.7,0.6,3,-0.05347896734870355,-0.06742702990798857,Industry Analysts
The Devil Wears Prada 2,THE_0321,The original didn't need a sequel. Hope they don't ruin the legacy. Thoughts?,Instagram,,2025-08-02,2025-08-02T09:26:00,87,28,11,31,8,the original didn't need a sequel hope they don't ruin the legacy thoughts,original didn't sequel hope don't ruin legacy thoughts,5.25227342804663,13,77,5.923076923076923,0.039,0.0,1.0,0.0,1.0,Saturday,True,High,0.8059,0.453,0.0,0.547,positive,0.375,0.75,1,-0.07229197643290614,0.02182338085863969,Fashion Insiders
The Devil Wears Prada 2,THE_0115,The original is a masterpiece of corporate satire. Sequel has massive shoes to fill. Fight me.,Twitter/X,,2025-10-10,2025-10-10T17:24:00,128,30,7,41,10,the original is a masterpiece of corporate satire sequel has massive shoes to fill fight me,original masterpiece corporate satire sequel massive shoes fill fight,5.41610040220442,16,94,5.875,0.0319,0.0,0.0,1.0,0.0,Friday,False,High,0.5859,0.291,0.118,0.591,positive,0.125,0.5833,3,-0.04091552065052873,-0.07053948709594408,Industry Analysts
The Devil Wears Prada 2,THE_0417,The pacing of the trailer felt a bit rushed. Hope the actual film breathes more. Genuinely can't stop thinking about this.,Reddit,r/boxoffice,2025-08-30,2025-08-30T05:06:00,121,21,11,35,8,the pacing of the trailer felt a bit rushed hope the actual film breathes more genuinely can't stop thinking about this,pacing trailer felt bit rushed hope actual film breathes genuinely can't stop thinking,5.335131339670753,21,122,5.809523809523809,0.0246,0.0,0.0,0.0,0.0,Saturday,True,High,0.6189,0.21,0.0,0.79,positive,0.3,0.3667,3,-0.04202381008671417,-0.02156234416507039,Industry Analysts
The Devil Wears Prada 2,THE_0233,Devil Wears Prada 2 is giving me everything I didn't know I needed. The casting looks *chef's kiss*.,Twitter/X,,2025-09-13,2025-09-13T19:09:00,171,33,12,37,9,devil wears prada 2 is giving me everything i didn't know i needed the casting looks chef's kiss,devil wears prada giving everything didn't needed casting looks chef's kiss,5.671603576291966,18,100,5.555555555555555,0.06,0.0,0.0,0.0,0.0,Saturday,True,High,-0.0516,0.211,0.179,0.61,negative,0.0,0.0,1,-0.39587054334448496,0.7347858609170536,Fashion Insiders
The Devil Wears Prada 2,THE_0434,Anne Hathaway returning means this is going to be emotionally devastating. I'm prepared. Thoughts?,Reddit,r/femalefashionadvice,2025-08-10,2025-08-10T17:57:00,400,144,13,32,8,anne hathaway returning means this is going to be emotionally devastating i'm prepared thoughts,anne hathaway returning means emotionally devastating i'm prepared thoughts,6.684611727667927,14,98,7.0,0.0408,0.0,1.0,2.0,0.0,Sunday,True,Viral,-0.5267,0.104,0.236,0.659,negative,-1.0,1.0,0,-0.03192209366155775,-0.06139406820759052,Nostalgia Advocates
The Devil Wears Prada 2,THE_0388,Can we talk about how perfectly aged this story is? The fashion industry critique hits differently now.,TikTok comments,,2025-09-03,2025-09-03T22:36:00,233,46,19,36,9,can we talk about how perfectly aged this story is the fashion industry critique hits differently now,talk perfectly aged story fashion industry critique hits differently,6.0063531596017325,17,103,6.0588235294117645,0.0194,0.0,1.0,0.0,0.0,Wednesday,False,Viral,0.6369,0.208,0.0,0.792,positive,-0.05,0.5,1,-0.015163635597284257,-0.05502492996665195,Fashion Insiders
The Devil Wears Prada 2,THE_0363,The industry commentary in the original was years ahead of its time. Can't wait to see 2024 through that lens. Fight me.,TikTok comments,,2025-08-28,2025-08-28T13:52:00,268,19,22,35,8,the industry commentary in the original was years ahead of its time can't wait to see 2024 through that lens fight me,industry commentary original years ahead time can't wait see 2024 through lens fight,5.94672865326659,22,120,5.454545454545454,0.025,0.0,0.0,1.0,0.0,Thursday,False,High,-0.0772,0.092,0.104,0.803,negative,0.375,0.75,2,-0.03549779803989431,-0.4909688104755542,Cautious Fans
The Devil Wears Prada 2,THE_0185,Fashion Twitter is absolutely losing it. Rightfully so. Anyone else feel this way?,TikTok comments,,2025-09-14,2025-09-14T09:41:00,295,74,8,37,9,fashion twitter is absolutely losing it rightfully so anyone else feel this way,fashion twitter absolutely losing rightfully anyone else,6.22455842927536,13,82,6.3076923076923075,0.0488,0.0,1.0,0.0,0.0,Sunday,True,Viral,-0.4391,0.0,0.194,0.806,negative,0.2,0.9,3,0.006411934909963799,-0.03364629276682569,Industry Analysts
The Devil Wears Prada 2,THE_0109,Every fashion editor I know has already pre-booked opening weekend.,Twitter/X,,2025-09-26,2025-09-26T22:31:00,166,40,23,39,9,every fashion editor i know has already pre booked opening weekend,every fashion editor pre booked opening weekend,5.817111159963204,10,67,6.7,0.0299,0.0,0.0,2.0,0.0,Friday,False,High,0.0,0.0,0.0,1.0,neutral,0.0,0.0,3,-0.007573681930672166,-0.011500145299835765,Industry Analysts
The Devil Wears Prada 2,THE_0375,Every fashion editor I know has already pre-booked opening weekend. Thoughts?,Instagram,,2025-09-10,2025-09-10T04:15:00,141,26,20,37,9,every fashion editor i know has already pre booked opening weekend thoughts,every fashion editor pre booked opening weekend thoughts,5.58724865840025,11,77,7.0,0.039,0.0,1.0,2.0,0.0,Wednesday,False,High,0.0,0.0,0.0,1.0,neutral,0.0,0.0,3,-0.008974145029249966,-0.011698899849743863,Industry Analysts
The Devil Wears Prada 2,THE_0219,Box office tracking says this is projected to open at 60M+. Makes sense given the IP. Real talk.,Instagram,,2025-09-27,2025-09-27T06:39:00,164,23,7,39,9,box office tracking says this is projected to open at 60m makes sense given the ip real talk,box office tracking says projected open 60m makes sense given real talk,5.495116942522644,18,96,5.333333333333333,0.0625,0.0,0.0,0.0,0.0,Saturday,True,High,0.0,0.0,0.0,1.0,neutral,0.1,0.4,3,0.8276253138833857,0.3015930663365729,Industry Analysts
The Devil Wears Prada 2,THE_0004,Can we talk about how perfectly aged this story is? The fashion industry critique hits differently now. Hot take.,TikTok comments,,2025-09-28,2025-09-28T17:07:00,196,27,3,39,9,can we talk about how perfectly aged this story is the fashion industry critique hits differently now hot take,talk perfectly aged story fashion industry critique hits differently hot take,5.611301621862036,19,113,5.947368421052632,0.0265,0.0,1.0,0.0,0.0,Sunday,True,High,0.6369,0.189,0.0,0.811,positive,0.05,0.6167,1,-0.027540667641935253,-0.0492092659306118,Fashion Insiders
The Devil Wears Prada 2,THE_0175,The costume design alone justifies a ticket. Anna Wintour era aesthetic is peak cinema. Anyone else feel this way?,Twitter/X,,2025-10-17,2025-10-17T04:48:00,372,37,13,42,10,the costume design alone justifies a ticket anna wintour era aesthetic is peak cinema anyone else feel this way,costume design alone justifies ticket anna wintour era aesthetic peak cinema anyone else,6.223567839793664,19,114,6.0,0.0351,0.0,1.0,0.0,0.0,Friday,False,Viral,-0.25,0.0,0.1,0.9,negative,0.0,0.0,3,-0.000384393954238701,-0.027784355354979886,Industry Analysts
The Devil Wears Prada 2,THE_0196,The fashion sequences look incredible. The plot remains to be seen. Anyone else feel this way?,YouTube comments,,2025-09-27,2025-09-27T11:59:00,304,115,12,39,9,the fashion sequences look incredible the plot remains to be seen anyone else feel this way,fashion sequences look incredible plot remains seen anyone else,6.443336028030302,16,94,5.875,0.0319,0.0,1.0,1.0,0.0,Saturday,True,Viral,0.0,0.0,0.0,1.0,neutral,0.9,0.9,3,0.017711987687897692,-0.014606623483421167,Industry Analysts
The Devil Wears Prada 2,THE_0222,This is the fashion girl movie of the decade. Period. Anyone else feel this way?,TikTok comments,,2025-08-18,2025-08-18T07:50:00,204,26,30,34,8,this is the fashion girl movie of the decade period anyone else feel this way,fashion girl movie decade period anyone else,5.886104031450156,15,80,5.333333333333333,0.0375,0.0,1.0,0.0,0.0,Monday,False,High,0.0,0.0,0.0,1.0,neutral,0.0,0.0,3,0.01920438513155381,-0.02703220545135618,Industry Analysts
The Devil Wears Prada 2,THE_0014,Not sure how they'll top the original. The bar is literally Meryl Streep at peak Meryl. Fight me.,Instagram,,2025-08-02,2025-08-02T21:46:00,143,55,18,31,8,not sure how they'll top the original the bar is literally meryl streep at peak meryl fight me,sure they'll top original bar literally meryl streep peak meryl fight,5.815621956411737,18,97,5.388888888888889,0.0619,0.0,0.0,0.0,0.0,Saturday,True,High,-0.1184,0.181,0.201,0.618,negative,0.2083,0.713,3,-0.04981191710532236,-0.1190425479450131,Industry Analysts
The Devil Wears Prada 2,THE_0101,The original is a masterpiece of corporate satire. Sequel has massive shoes to fill. Genuinely can't stop thinking about this.,YouTube comments,,2025-09-21,2025-09-21T08:32:00,385,82,20,38,9,the original is a masterpiece of corporate satire sequel has massive shoes to fill genuinely can't stop thinking about this,original masterpiece corporate satire sequel massive shoes fill genuinely can't stop thinking,6.478509642208569,20,126,6.3,0.0238,0.0,0.0,1.0,0.0,Sunday,True,Viral,0.8068,0.328,0.0,0.672,positive,0.1938,0.5625,3,-0.06745366357439417,-0.07079463248420459,Industry Analysts
The Devil Wears Prada 2,THE_0069,The fashion sequences look incredible. The plot remains to be seen. Real talk.,Instagram,,2025-08-29,2025-08-29T15:14:00,100,30,12,35,8,the fashion sequences look incredible the plot remains to be seen real talk,fashion sequences look incredible plot remains seen real talk,5.356586274672012,13,78,6.0,0.0385,0.0,0.0,1.0,0.0,Friday,False,High,0.0,0.0,0.0,1.0,neutral,0.55,0.6,3,0.0021741828029317395,-0.005623424603916872,Industry Analysts
The Devil Wears Prada 2,THE_0247,The fashion sequences look incredible. The plot remains to be seen.,Instagram,,2025-10-14,2025-10-14T18:14:00,195,27,19,42,10,the fashion sequences look incredible the plot remains to be seen,fashion sequences look incredible plot remains seen,5.7698822763607245,11,67,6.090909090909091,0.0299,0.0,0.0,1.0,0.0,Tuesday,False,High,0.0,0.0,0.0,1.0,neutral,0.9,0.9,3,-2.1366816050216124e-06,-0.01716850285625059,Industry Analysts
The Devil Wears Prada 2,THE_0164,Every fashion editor I know has already pre-booked opening weekend. Thoughts?,Reddit,r/TrueFilm,2025-08-11,2025-08-11T08:28:00,294,92,4,33,8,every fashion editor i know has already pre booked opening weekend thoughts,every fashion editor pre booked opening weekend thoughts,6.285998094508865,11,77,7.0,0.039,0.0,1.0,2.0,0.0,Monday,False,Viral,0.0,0.0,0.0,1.0,neutral,0.0,0.0,3,-0.008974145029249966,-0.011698899849743863,Industry Analysts
The Devil Wears Prada 2,THE_0284,Fashion Twitter is absolutely losing it. Rightfully so. Real talk.,Instagram,,2025-08-31,2025-08-31T06:04:00,261,98,35,35,8,fashion twitter is absolutely losing it rightfully so real talk,fashion twitter absolutely losing rightfully real talk,6.416732282512326,10,66,6.6,0.0606,0.0,0.0,0.0,0.0,Sunday,True,Viral,-0.4391,0.0,0.243,0.757,negative,0.2,0.6,3,-0.01324288709847279,-0.02031886042982194,Industry Analysts
The Devil Wears Prada 2,THE_0149,Interesting that they're releasing this during awards season. Strategic positioning. Thoughts?,Reddit,r/boxoffice,2025-08-14,2025-08-14T14:32:00,176,56,14,33,8,interesting that they're releasing this during awards season strategic positioning thoughts,interesting they're releasing during awards season strategic positioning thoughts,5.883322388488279,11,94,8.545454545454545,0.0319,0.0,1.0,0.0,0.0,Thursday,False,High,0.6908,0.388,0.0,0.612,positive,0.5,0.5,3,-0.018734726278069224,-0.020541216699101486,Industry Analysts
The Devil Wears Prada 2,THE_0092,Hoping they address the toxic workplace dynamics more critically this time.,Instagram,,2025-08-24,2025-08-24T01:16:00,196,42,14,34,8,hoping they address the toxic workplace dynamics more critically this time,hoping address toxic workplace dynamics critically time,5.840641657373398,11,75,6.818181818181818,0.0133,0.0,0.0,0.0,0.0,Sunday,True,High,0.5994,0.353,0.0,0.647,positive,0.25,0.65,2,-0.022612509068045232,-0.1228891180318247,Cautious Fans
The Devil Wears Prada 2,THE_0359,Anne Hathaway returning means this is going to be emotionally devastating. I'm prepared. Thoughts?,Twitter/X,,2025-09-05,2025-09-05T20:08:00,220,71,30,36,9,anne hathaway returning means this is going to be emotionally devastating i'm prepared thoughts,anne hathaway returning means emotionally devastating i'm prepared thoughts,6.191339471482838,14,98,7.0,0.0408,0.0,1.0,2.0,0.0,Friday,False,Viral,-0.5267,0.104,0.236,0.659,negative,-1.0,1.0,0,-0.03192209366155775,-0.06139406820759052,Nostalgia Advocates
The Devil Wears Prada 2,THE_0189,Box office tracking says this is projected to open at 60M+. Makes sense given the IP. Can't wait.,Twitter/X,,2025-08-13,2025-08-13T16:49:00,250,26,12,33,8,box office tracking says this is projected to open at 60m makes sense given the ip can't wait,box office tracking says projected open 60m makes sense given can't wait,5.863631175598097,18,97,5.388888888888889,0.0619,0.0,0.0,1.0,0.0,Wednesday,False,High,0.0,0.0,0.0,1.0,neutral,0.0,0.5,3,0.8400929865893758,0.25304774620555404,Industry Analysts
The Devil Wears Prada 2,THE_0204,I've been waiting for this sequel for 15 years. Miranda Priestly is back and I am NOT ready. Real talk.,YouTube comments,,2025-09-02,2025-09-02T23:01:00,315,85,46,36,9,i've been waiting for this sequel for 15 years miranda priestly is back and i am not ready real talk,i've waiting sequel years miranda priestly back ready real talk,6.502040139618764,20,103,5.15,0.0777,0.0,0.0,1.0,0.0,Tuesday,False,Viral,-0.2755,0.0,0.1,0.9,negative,0.0333,0.2667,3,-0.015190143958254241,-0.027347189640854083,Industry Analysts
The Devil Wears Prada 2,THE_0210,Can we talk about how perfectly aged this story is? The fashion industry critique hits differently now. Hot take.,YouTube comments,,2025-09-19,2025-09-19T10:11:00,249,47,17,38,9,can we talk about how perfectly aged this story is the fashion industry critique hits differently now hot take,talk perfectly aged story fashion industry critique hits differently hot take,6.03667688992953,19,113,5.947368421052632,0.0265,0.0,1.0,0.0,0.0,Friday,False,Viral,0.6369,0.189,0.0,0.811,positive,0.05,0.6167,1,-0.027540667641935253,-0.0492092659306118,Fashion Insiders
The Devil Wears Prada 2,THE_0126,Box office tracking says this is projected to open at 60M+. Makes sense given the IP. Anyone else feel this way?,Twitter/X,,2025-10-25,2025-10-25T00:57:00,271,74,20,43,10,box office tracking says this is projected to open at 60m makes sense given the ip anyone else feel this way,box office tracking says projected open 60m makes sense given anyone else,6.248042874508429,21,112,5.333333333333333,0.0536,0.0,1.0,0.0,0.0,Saturday,True,Viral,0.0,0.0,0.0,1.0,neutral,0.0,0.5,3,0.8512627895319571,0.29618084879540235,Industry Analysts
The Devil Wears Prada 2,THE_0010,Anne Hathaway returning means this is going to be emotionally devastating. I'm prepared. Thoughts?,Twitter/X,,2025-09-10,2025-09-10T06:41:00,188,71,24,37,9,anne hathaway returning means this is going to be emotionally devastating i'm prepared thoughts,anne hathaway returning means emotionally devastating i'm prepared thoughts,6.083359811812238,14,98,7.0,0.0408,0.0,1.0,2.0,0.0,Wednesday,False,Viral,-0.5267,0.104,0.236,0.659,negative,-1.0,1.0,0,-0.03192209366155775,-0.06139406820759052,Nostalgia Advocates
The Devil Wears Prada 2,THE_0067,I'll watch it but I have reservations. Fashion films are very of-their-moment. Real talk.,TikTok comments,,2025-09-23,2025-09-23T12:57:00,242,51,4,39,9,i'll watch it but i have reservations fashion films are very of their moment real talk,i'll watch reservations fashion films moment real talk,5.94672865326659,14,89,6.357142857142857,0.0449,0.0,0.0,0.0,1.0,Tuesday,False,High,0.0,0.0,0.0,1.0,neutral,0.2,0.3,3,-0.008864033386327871,-0.04294008861543876,Industry Analysts
The Devil Wears Prada 2,THE_0044,The fashion sequences look incredible. The plot remains to be seen.,TikTok comments,,2025-09-15,2025-09-15T17:56:00,212,61,21,38,9,the fashion sequences look incredible the plot remains to be seen,fashion sequences look incredible plot remains seen,6.060290738037835,11,67,6.090909090909091,0.0299,0.0,0.0,1.0,0.0,Monday,False,Viral,0.0,0.0,0.0,1.0,neutral,0.9,0.9,3,-2.1366816050216124e-06,-0.01716850285625059,Industry Analysts
The Devil Wears Prada 2,THE_0259,The costume design alone justifies a ticket. Anna Wintour era aesthetic is peak cinema. Can't wait.,Reddit,r/movies,2025-10-27,2025-10-27T04:00:00,157,25,11,44,10,the costume design alone justifies a ticket anna wintour era aesthetic is peak cinema can't wait,costume design alone justifies ticket anna wintour era aesthetic peak cinema can't wait,5.535363823031238,16,99,6.1875,0.0404,0.0,0.0,1.0,0.0,Monday,False,High,-0.25,0.0,0.118,0.882,negative,0.0,0.0,3,-0.01274322823221228,-0.06633148426096766,Industry Analysts
The Devil Wears Prada 2,THE_0060,Every fashion editor I know has already pre-booked opening weekend. Thoughts?,YouTube comments,,2025-10-29,2025-10-29T12:31:00,116,41,10,44,10,every fashion editor i know has already pre booked opening weekend thoughts,every fashion editor pre booked opening weekend thoughts,5.519458915191573,11,77,7.0,0.039,0.0,1.0,2.0,0.0,Wednesday,False,High,0.0,0.0,0.0,1.0,neutral,0.0,0.0,3,-0.008974145029249966,-0.011698899849743863,Industry Analysts
The Devil Wears Prada 2,THE_0033,Devil Wears Prada 2 is giving me everything I didn't know I needed. The casting looks *chef's kiss*. Anyone else feel this way?,Reddit,r/Oscars,2025-08-16,2025-08-16T18:15:00,328,93,14,33,8,devil wears prada 2 is giving me everything i didn't know i needed the casting looks chef's kiss anyone else feel this way,devil wears prada giving everything didn't needed casting looks chef's kiss anyone else,6.402746040537586,23,127,5.521739130434782,0.0551,0.0,1.0,0.0,0.0,Saturday,True,Viral,-0.0516,0.176,0.149,0.676,negative,0.0,0.0,1,-0.3632331483909329,0.7058550695819791,Fashion Insiders
The Devil Wears Prada 2,THE_0110,Can we talk about how perfectly aged this story is? The fashion industry critique hits differently now.,Instagram,,2025-10-10,2025-10-10T00:35:00,50,6,1,41,10,can we talk about how perfectly aged this story is the fashion industry critique hits differently now,talk perfectly aged story fashion industry critique hits differently,4.23410650459726,17,103,6.0588235294117645,0.0194,0.0,1.0,0.0,0.0,Friday,False,High,0.6369,0.208,0.0,0.792,positive,-0.05,0.5,1,-0.015163635597284257,-0.05502492996665195,Fashion Insiders
The Devil Wears Prada 2,THE_0201,The nostalgia economy is real. Studios know exactly what they're doing with this IP. Fight me.,Reddit,r/movies,2025-08-03,2025-08-03T20:32:00,235,86,21,31,8,the nostalgia economy is real studios know exactly what they're doing with this ip fight me,nostalgia economy real studios exactly they're doing fight,6.2422232654551655,16,94,5.875,0.0532,0.0,0.0,0.0,0.0,Sunday,True,Viral,-0.3818,0.0,0.148,0.852,negative,0.225,0.275,1,-0.012299082955483714,-0.010444182125587717,Fashion Insiders
The Devil Wears Prada 2,THE_0043,Meryl Streep in a sequel? She doesn't do sequels. This must be THAT good.,TikTok comments,,2025-08-06,2025-08-06T09:23:00,115,27,8,32,8,meryl streep in a sequel she doesn't do sequels this must be that good,meryl streep sequel doesn't sequels must good,5.335131339670753,14,73,5.214285714285714,0.1096,0.0,1.0,0.0,0.0,Wednesday,False,High,0.4404,0.182,0.0,0.818,positive,0.7,0.6,3,-0.05469138445050244,-0.06632532961181824,Industry Analysts
The Devil Wears Prada 2,THE_0441,Not sure how they'll top the original. The bar is literally Meryl Streep at peak Meryl. Anyone else feel this way?,TikTok comments,,2025-08-06,2025-08-06T08:28:00,365,66,13,32,8,not sure how they'll top the original the bar is literally meryl streep at peak meryl anyone else feel this way,sure they'll top original bar literally meryl streep peak meryl anyone else,6.345636360828596,21,114,5.428571428571429,0.0526,0.0,1.0,0.0,0.0,Wednesday,False,Viral,0.2819,0.17,0.082,0.748,positive,0.2083,0.713,3,-0.032889305227546024,-0.11204082480282788,Industry Analysts
The Devil Wears Prada 2,THE_0019,Devil Wears Prada shaped my entire career path. This sequel feels personal. Thoughts?,Reddit,r/boxoffice,2025-08-17,2025-08-17T04:42:00,308,22,35,33,8,devil wears prada shaped my entire career path this sequel feels personal thoughts,devil wears prada shaped entire career path sequel feels personal thoughts,6.150602768446279,13,85,6.538461538461538,0.0588,0.0,1.0,0.0,0.0,Sunday,True,Viral,-0.6597,0.0,0.268,0.732,negative,0.0,0.4625,1,-0.199869941567033,0.3422613061331526,Fashion Insiders
The Devil Wears Prada 2,THE_0079,This is the fashion girl movie of the decade. Period. Genuinely can't stop thinking about this.,Instagram,,2025-08-06,2025-08-06T11:34:00,327,30,48,32,8,this is the fashion girl movie of the decade period genuinely can't stop thinking about this,fashion girl movie decade period genuinely can't stop thinking,6.304448802421981,16,95,5.9375,0.0316,0.0,0.0,0.0,0.0,Wednesday,False,Viral,0.2235,0.112,0.0,0.888,positive,0.4,0.5,3,-0.0392870511214877,-0.03778127347298925,Industry Analysts
The Devil Wears Prada 2,THE_0114,Every fashion editor I know has already pre-booked opening weekend. Real talk.,TikTok comments,,2025-08-01,2025-08-01T09:46:00,361,117,17,31,8,every fashion editor i know has already pre booked opening weekend real talk,every fashion editor pre booked opening weekend real talk,6.558906771292869,12,78,6.5,0.0385,0.0,0.0,2.0,0.0,Friday,False,Viral,0.0,0.0,0.0,1.0,neutral,0.2,0.3,3,-0.004882974494452178,-0.0005041847581036948,Industry Analysts
The Devil Wears Prada 2,THE_0435,Devil Wears Prada 2 is giving me everything I didn't know I needed. The casting looks *chef's kiss*. Hot take.,Instagram,,2025-09-25,2025-09-25T20:10:00,118,42,12,39,9,devil wears prada 2 is giving me everything i didn't know i needed the casting looks chef's kiss hot take,devil wears prada giving everything didn't needed casting looks chef's kiss hot take,5.560681631015528,20,110,5.5,0.0636,0.0,0.0,0.0,0.0,Thursday,False,High,-0.0516,0.195,0.165,0.639,negative,0.25,0.85,1,-0.3808709643423099,0.68284780202369,Fashion Insiders
The Devil Wears Prada 2,THE_0080,I'll watch it but I have reservations. Fashion films are very of-their-moment. Hot take.,Reddit,r/Oscars,2025-10-02,2025-10-02T03:27:00,251,42,32,40,10,i'll watch it but i have reservations fashion films are very of their moment hot take,i'll watch reservations fashion films moment hot take,6.115892125483034,14,88,6.285714285714286,0.0455,0.0,0.0,0.0,1.0,Thursday,False,Viral,0.0,0.0,0.0,1.0,neutral,0.225,0.575,3,-0.028647508430532192,-0.05169547158355704,Industry Analysts
The Devil Wears Prada 2,THE_0133,Devil Wears Prada 2 is giving me everything I didn't know I needed. The casting looks *chef's kiss*. Genuinely can't stop thinking about this.,TikTok comments,,2025-10-09,2025-10-09T11:33:00,69,13,2,41,10,devil wears prada 2 is giving me everything i didn't know i needed the casting looks chef's kiss genuinely can't stop thinking about this,devil wears prada giving everything didn't needed casting looks chef's kiss genuinely can't stop thinking,4.686750172980514,24,142,5.916666666666667,0.0493,0.0,0.0,0.0,0.0,Thursday,False,High,0.1749,0.225,0.14,0.635,positive,0.4,0.5,1,-0.37988505714558285,0.645807826846829,Fashion Insiders
The Devil Wears Prada 2,THE_0214,The writing needs to be sharp. Fashion satire works best when it's uncomfortable.,TikTok comments,,2025-08-08,2025-08-08T02:42:00,47,18,2,32,8,the writing needs to be sharp fashion satire works best when it's uncomfortable,writing needs sharp fashion satire works best it's uncomfortable,4.59511985013459,13,81,6.230769230769231,0.0247,0.0,0.0,0.0,0.0,Friday,False,High,0.3818,0.236,0.146,0.618,positive,0.125,0.6833,3,-0.008012982979680335,-0.016548907859262225,Industry Analysts
The Devil Wears Prada 2,THE_0128,The costume design alone justifies a ticket. Anna Wintour era aesthetic is peak cinema. Real talk.,TikTok comments,,2025-09-19,2025-09-19T15:06:00,133,45,5,38,9,the costume design alone justifies a ticket anna wintour era aesthetic is peak cinema real talk,costume design alone justifies ticket anna wintour era aesthetic peak cinema real talk,5.566434283504978,16,98,6.125,0.0408,0.0,0.0,0.0,0.0,Friday,False,High,-0.25,0.0,0.118,0.882,negative,0.2,0.3,3,-0.0135176245571611,-0.019308948864845653,Industry Analysts
The Devil Wears Prada 2,THE_0314,Hoping they address the toxic workplace dynamics more critically this time. Real talk.,Instagram,,2025-10-28,2025-10-28T23:05:00,215,39,24,44,10,hoping they address the toxic workplace dynamics more critically this time real talk,hoping address toxic workplace dynamics critically time real talk,5.954541193003384,13,86,6.615384615384615,0.0233,0.0,0.0,0.0,0.0,Tuesday,False,High,0.5994,0.308,0.0,0.692,positive,0.2333,0.5333,2,-0.018232431948017404,-0.10000091459050521,Cautious Fans
The Devil Wears Prada 2,THE_0232,The costume design alone justifies a ticket. Anna Wintour era aesthetic is peak cinema. Genuinely can't stop thinking about this.,TikTok comments,,2025-09-21,2025-09-21T09:29:00,98,13,12,38,9,the costume design alone justifies a ticket anna wintour era aesthetic is peak cinema genuinely can't stop thinking about this,costume design alone justifies ticket anna wintour era aesthetic peak cinema genuinely can't stop thinking,5.120983351265121,20,129,6.45,0.031,0.0,0.0,0.0,0.0,Sunday,True,High,-0.0289,0.086,0.091,0.822,neutral,0.4,0.5,3,-0.041433805429692855,-0.035217762008793126,Industry Analysts
The Devil Wears Prada 2,THE_0145,The pacing of the trailer felt a bit rushed. Hope the actual film breathes more. Hot take.,Twitter/X,,2025-10-10,2025-10-10T06:37:00,189,61,7,41,10,the pacing of the trailer felt a bit rushed hope the actual film breathes more hot take,pacing trailer felt bit rushed hope actual film breathes hot take,5.895779296973574,17,90,5.294117647058823,0.0333,0.0,0.0,0.0,0.0,Friday,False,High,0.4404,0.153,0.0,0.847,positive,0.25,0.4833,3,-0.028634514345110825,-0.013086422135675587,Industry Analysts
The Devil Wears Prada 2,THE_0131,Box office tracking says this is projected to open at 60M+. Makes sense given the IP. Genuinely can't stop thinking about this.,Twitter/X,,2025-08-25,2025-08-25T19:16:00,203,67,8,35,8,box office tracking says this is projected to open at 60m makes sense given the ip genuinely can't stop thinking about this,box office tracking says projected open 60m makes sense given genuinely can't stop thinking,5.980150787207709,22,127,5.7727272727272725,0.0472,0.0,0.0,0.0,0.0,Monday,False,High,0.2235,0.082,0.0,0.918,positive,0.2,0.5,3,0.7763413745350369,0.27617903908727626,Industry Analysts
The Devil Wears Prada 2,THE_0227,The original is a masterpiece of corporate satire. Sequel has massive shoes to fill. Anyone else feel this way?,Twitter/X,,2025-10-06,2025-10-06T09:54:00,103,38,4,41,10,the original is a masterpiece of corporate satire sequel has massive shoes to fill anyone else feel this way,original masterpiece corporate satire sequel massive shoes fill anyone else,5.351858133476067,19,111,5.842105263157895,0.027,0.0,1.0,1.0,0.0,Monday,False,High,0.7506,0.274,0.0,0.726,positive,0.125,0.5833,3,-0.021642117651313356,-0.06507659346448205,Industry Analysts
The Devil Wears Prada 2,THE_0121,The demographic skew toward 25-45 women is very clear in the marketing. Smart targeting. Real talk.,TikTok comments,,2025-10-09,2025-10-09T01:39:00,172,51,20,41,10,the demographic skew toward 25 45 women is very clear in the marketing smart targeting real talk,demographic skew toward women clear marketing smart targeting real talk,5.887491956725004,16,99,6.1875,0.0303,0.0,0.0,0.0,0.0,Thursday,False,High,0.6801,0.272,0.0,0.728,positive,0.1814,0.4804,3,0.0012776129465773512,-0.0018762798033822507,Industry Analysts
The Devil Wears Prada 2,THE_0029,Box office tracking says this is projected to open at 60M+. Makes sense given the IP. Fight me.,Twitter/X,,2025-09-18,2025-09-18T00:24:00,296,56,5,38,9,box office tracking says this is projected to open at 60m makes sense given the ip fight me,box office tracking says projected open 60m makes sense given fight,6.113682179832232,18,95,5.277777777777778,0.0632,0.0,0.0,0.0,0.0,Thursday,False,Viral,-0.3818,0.0,0.133,0.867,negative,0.0,0.5,3,0.8421440472092121,0.29578651832360137,Industry Analysts
The Devil Wears Prada 2,THE_0311,Interesting that they're releasing this during awards season. Strategic positioning.,Twitter/X,,2025-10-12,2025-10-12T15:17:00,410,149,43,41,10,interesting that they're releasing this during awards season strategic positioning,interesting they're releasing during awards season strategic positioning,6.816188085456647,10,84,8.4,0.0238,0.0,0.0,0.0,0.0,Sunday,True,Viral,0.6908,0.416,0.0,0.584,positive,0.5,0.5,3,-0.01804318272961573,-0.020914732844744145,Industry Analysts
The Devil Wears Prada 2,THE_0176,Every fashion editor I know has already pre-booked opening weekend. Thoughts?,Twitter/X,,2025-10-12,2025-10-12T18:28:00,161,43,12,41,10,every fashion editor i know has already pre booked opening weekend thoughts,every fashion editor pre booked opening weekend thoughts,5.72194977861165,11,77,7.0,0.039,0.0,1.0,2.0,0.0,Sunday,True,High,0.0,0.0,0.0,1.0,neutral,0.0,0.0,3,-0.008974145029249966,-0.011698899849743863,Industry Analysts
The Devil Wears Prada 2,THE_0350,The original didn't need a sequel. Hope they don't ruin the legacy.,YouTube comments,,2025-10-11,2025-10-11T16:41:00,274,32,17,41,10,the original didn't need a sequel hope they don't ruin the legacy,original didn't sequel hope don't ruin legacy,6.0063531596017325,12,67,5.583333333333333,0.0299,0.0,0.0,0.0,1.0,Saturday,True,Viral,0.8059,0.479,0.0,0.521,positive,0.375,0.75,1,-0.07476650192944057,0.023928999586823523,Fashion Insiders
The Devil Wears Prada 2,THE_0142,Box office tracking says this is projected to open at 60M+. Makes sense given the IP. Real talk.,TikTok comments,,2025-09-26,2025-09-26T07:54:00,150,43,6,39,9,box office tracking says this is projected to open at 60m makes sense given the ip real talk,box office tracking says projected open 60m makes sense given real talk,5.6222108209623896,18,96,5.333333333333333,0.0625,0.0,0.0,0.0,0.0,Friday,False,High,0.0,0.0,0.0,1.0,neutral,0.1,0.4,3,0.8276253138833857,0.3015930663365729,Industry Analysts
The Devil Wears Prada 2,THE_0319,Sequels to perfect movies almost never work. I'm cautiously optimistic but nervous. Hot take.,Reddit,r/movies,2025-09-04,2025-09-04T03:08:00,135,51,9,36,9,sequels to perfect movies almost never work i'm cautiously optimistic but nervous hot take,sequels perfect movies almost never work i'm cautiously optimistic nervous hot take,5.671603576291966,14,93,6.642857142857143,0.0323,0.0,0.0,0.0,1.0,Thursday,False,High,0.09,0.227,0.15,0.623,positive,0.625,0.925,3,-0.0246948834120945,-0.005190871036851946,Industry Analysts
The Devil Wears Prada 2,THE_0356,The pacing of the trailer felt a bit rushed. Hope the actual film breathes more. Can't wait.,Twitter/X,,2025-10-30,2025-10-30T19:40:00,273,84,29,44,10,the pacing of the trailer felt a bit rushed hope the actual film breathes more can't wait,pacing trailer felt bit rushed hope actual film breathes can't wait,6.3473892096560105,17,92,5.411764705882353,0.0326,0.0,0.0,1.0,0.0,Thursday,False,Viral,0.4404,0.153,0.0,0.847,positive,0.25,0.3,3,-0.012359117630820695,-0.05508941605682644,Industry Analysts
The Devil Wears Prada 2,THE_0017,The costume design alone justifies a ticket. Anna Wintour era aesthetic is peak cinema. Can't wait.,Twitter/X,,2025-10-07,2025-10-07T00:38:00,117,37,10,41,10,the costume design alone justifies a ticket anna wintour era aesthetic is peak cinema can't wait,costume design alone justifies ticket anna wintour era aesthetic peak cinema can't wait,5.482720089545816,16,99,6.1875,0.0404,0.0,0.0,1.0,0.0,Tuesday,False,High,-0.25,0.0,0.118,0.882,negative,0.0,0.0,3,-0.01274322823221228,-0.06633148426096766,Industry Analysts
The Devil Wears Prada 2,THE_0134,Interesting that they're releasing this during awards season. Strategic positioning. Genuinely can't stop thinking about this.,Twitter/X,,2025-09-07,2025-09-07T23:55:00,170,62,24,36,9,interesting that they're releasing this during awards season strategic positioning genuinely can't stop thinking about this,interesting they're releasing during awards season strategic positioning genuinely can't stop thinking,5.986452005284438,16,126,7.875,0.0238,0.0,0.0,0.0,0.0,Sunday,True,High,0.7641,0.369,0.0,0.631,positive,0.45,0.5,3,-0.04347617115970146,-0.026604861475707973,Industry Analysts
The Devil Wears Prada 2,THE_0119,Good trailer. Not great. But the bar for the actual film is set correctly. Fight me.,Reddit,r/TrueFilm,2025-08-10,2025-08-10T15:50:00,132,46,19,32,8,good trailer not great but the bar for the actual film is set correctly fight me,good trailer great bar actual film set correctly fight,5.720311776607412,16,84,5.25,0.0476,0.0,0.0,0.0,0.0,Sunday,True,High,-0.5569,0.095,0.271,0.634,negative,0.1,0.4833,3,-0.012817723273149242,-0.024855272091456895,Industry Analysts
The Devil Wears Prada 2,THE_0427,The original is a masterpiece of corporate satire. Sequel has massive shoes to fill. Anyone else feel this way?,Twitter/X,,2025-10-13,2025-10-13T12:54:00,109,5,11,42,10,the original is a masterpiece of corporate satire sequel has massive shoes to fill anyone else feel this way,original masterpiece corporate satire sequel massive shoes fill anyone else,5.0466457316192885,19,111,5.842105263157895,0.027,0.0,1.0,1.0,0.0,Monday,False,High,0.7506,0.274,0.0,0.726,positive,0.125,0.5833,3,-0.021642117651313356,-0.06507659346448205,Industry Analysts
The Devil Wears Prada 2,THE_0116,The writing needs to be sharp. Fashion satire works best when it's uncomfortable. Hot take.,Twitter/X,,2025-09-22,2025-09-22T01:20:00,146,19,9,39,9,the writing needs to be sharp fashion satire works best when it's uncomfortable hot take,writing needs sharp fashion satire works best it's uncomfortable hot take,5.40042258948519,15,91,6.066666666666666,0.033,0.0,0.0,0.0,0.0,Monday,False,High,0.3818,0.212,0.131,0.657,positive,0.1562,0.725,3,-0.02063278344177029,-0.014428763492809867,Industry Analysts
The Devil Wears Prada 2,THE_0192,The original is a masterpiece of corporate satire. Sequel has massive shoes to fill. Fight me.,Twitter/X,,2025-09-30,2025-09-30T06:23:00,165,22,23,40,9,the original is a masterpiece of corporate satire sequel has massive shoes to fill fight me,original masterpiece corporate satire sequel massive shoes fill fight,5.66988092298052,16,94,5.875,0.0319,0.0,0.0,1.0,0.0,Tuesday,False,High,0.5859,0.291,0.118,0.591,positive,0.125,0.5833,3,-0.04091552065052873,-0.07053948709594408,Industry Analysts
The Devil Wears Prada 2,THE_0226,Meryl Streep in a sequel? She doesn't do sequels. This must be THAT good. Anyone else feel this way?,Twitter/X,,2025-08-16,2025-08-16T16:09:00,138,31,18,33,8,meryl streep in a sequel she doesn't do sequels this must be that good anyone else feel this way,meryl streep sequel doesn't sequels must good anyone else,5.600272098286537,19,100,5.2631578947368425,0.09,0.0,2.0,0.0,0.0,Saturday,True,High,0.4404,0.139,0.0,0.861,positive,0.7,0.6,3,-0.031057613316246204,-0.061067318733641344,Industry Analysts
The Devil Wears Prada 2,THE_0158,The original is a masterpiece of corporate satire. Sequel has massive shoes to fill. Genuinely can't stop thinking about this.,TikTok comments,,2025-10-24,2025-10-24T15:14:00,249,62,9,43,10,the original is a masterpiece of corporate satire sequel has massive shoes to fill genuinely can't stop thinking about this,original masterpiece corporate satire sequel massive shoes fill genuinely can't stop thinking,6.068425588244111,20,126,6.3,0.0238,0.0,0.0,1.0,0.0,Friday,False,Viral,0.8068,0.328,0.0,0.672,positive,0.1938,0.5625,3,-0.06745366357439417,-0.07079463248420459,Industry Analysts
The Devil Wears Prada 2,THE_0223,Box office tracking says this is projected to open at 60M+. Makes sense given the IP.,TikTok comments,,2025-10-10,2025-10-10T04:39:00,77,19,5,41,10,box office tracking says this is projected to open at 60m makes sense given the ip,box office tracking says projected open 60m makes sense given,4.945207488773801,16,85,5.3125,0.0588,0.0,0.0,0.0,0.0,Friday,False,High,0.0,0.0,0.0,1.0,neutral,0.0,0.5,3,0.8885626670460115,0.31411961530652177,Industry Analysts
The Devil Wears Prada 2,THE_0104,Anne Hathaway returning means this is going to be emotionally devastating. I'm prepared.,Twitter/X,,2025-09-05,2025-09-05T05:37:00,265,61,19,36,9,anne hathaway returning means this is going to be emotionally devastating i'm prepared,anne hathaway returning means emotionally devastating i'm prepared,6.164366881985445,13,88,6.769230769230769,0.0341,0.0,0.0,2.0,0.0,Friday,False,Viral,-0.5267,0.11,0.25,0.64,negative,-1.0,1.0,0,-0.031438654501899733,-0.06343272170320657,Nostalgia Advocates
The Devil Wears Prada 2,THE_0166,I'll watch it but I have reservations. Fashion films are very of-their-moment. Thoughts?,TikTok comments,,2025-10-25,2025-10-25T09:02:00,134,38,10,43,10,i'll watch it but i have reservations fashion films are very of their moment thoughts,i'll watch reservations fashion films moment thoughts,5.560681631015528,13,88,6.769230769230769,0.0455,0.0,1.0,0.0,1.0,Saturday,True,High,0.0,0.0,0.0,1.0,neutral,0.2,0.3,3,-0.01347455278705451,-0.05623560868139442,Industry Analysts
The Devil Wears Prada 2,THE_0348,This will be fascinating to analyze from an audience reception standpoint. Real talk.,YouTube comments,,2025-10-22,2025-10-22T05:35:00,146,32,12,43,10,this will be fascinating to analyze from an audience reception standpoint real talk,fascinating analyze audience reception standpoint real talk,5.572154032177765,13,85,6.538461538461538,0.0235,0.0,0.0,0.0,0.0,Wednesday,False,High,0.5423,0.226,0.0,0.774,positive,0.45,0.575,3,-0.005364983201291681,0.0035495272591544343,Industry Analysts
The Devil Wears Prada 2,THE_0421,This will be fascinating to analyze from an audience reception standpoint. Can't wait.,YouTube comments,,2025-08-12,2025-08-12T01:14:00,194,30,15,33,8,this will be fascinating to analyze from an audience reception standpoint can't wait,fascinating analyze audience reception standpoint can't wait,5.752572638825633,13,86,6.615384615384615,0.0233,0.0,0.0,1.0,0.0,Tuesday,False,High,0.5423,0.226,0.0,0.774,positive,0.7,0.85,3,-0.004254010953889222,-0.06024957122567252,Industry Analysts
The Devil Wears Prada 2,THE_0381,"The teaser just dropped and I'm already emotional. Fashion, power, and Meryl Streep.",YouTube comments,,2025-09-23,2025-09-23T13:44:00,197,29,21,39,9,the teaser just dropped and i'm already emotional fashion power and meryl streep,teaser dropped i'm emotional fashion power meryl streep,5.809642865355678,13,84,6.461538461538462,0.0595,0.0,0.0,3.0,0.0,Tuesday,False,High,-0.1027,0.11,0.137,0.753,negative,0.0,0.65,3,-0.031265613361032694,-0.07893400434291462,Industry Analysts
The Devil Wears Prada 2,THE_0288,The fashion sequences look incredible. The plot remains to be seen. Anyone else feel this way?,Instagram,,2025-10-11,2025-10-11T18:56:00,254,49,12,41,10,the fashion sequences look incredible the plot remains to be seen anyone else feel this way,fashion sequences look incredible plot remains seen anyone else,6.024657514463746,16,94,5.875,0.0319,0.0,1.0,1.0,0.0,Saturday,True,Viral,0.0,0.0,0.0,1.0,neutral,0.9,0.9,3,0.017711987687897692,-0.014606623483421167,Industry Analysts
The Devil Wears Prada 2,THE_0140,Can we talk about how perfectly aged this story is? The fashion industry critique hits differently now. Thoughts?,Twitter/X,,2025-09-17,2025-09-17T21:47:00,300,71,19,38,9,can we talk about how perfectly aged this story is the fashion industry critique hits differently now thoughts,talk perfectly aged story fashion industry critique hits differently thoughts,6.283200889887803,18,113,6.277777777777778,0.0265,0.0,2.0,0.0,0.0,Wednesday,False,Viral,0.6369,0.198,0.0,0.802,positive,-0.05,0.5,1,-0.016559583898260618,-0.054905959981439045,Fashion Insiders
The Devil Wears Prada 2,THE_0013,Devil Wears Prada 2 is giving me everything I didn't know I needed. The casting looks *chef's kiss*.,Reddit,r/TrueFilm,2025-10-16,2025-10-16T02:24:00,235,24,24,42,10,devil wears prada 2 is giving me everything i didn't know i needed the casting looks chef's kiss,devil wears prada giving everything didn't needed casting looks chef's kiss,5.908082938168931,18,100,5.555555555555555,0.06,0.0,0.0,0.0,0.0,Thursday,False,High,-0.0516,0.211,0.179,0.61,negative,0.0,0.0,1,-0.39587054334448496,0.7347858609170536,Fashion Insiders
The Devil Wears Prada 2,THE_0147,Meryl Streep in a sequel? She doesn't do sequels. This must be THAT good. Anyone else feel this way?,Instagram,,2025-08-04,2025-08-04T04:00:00,158,52,4,32,8,meryl streep in a sequel she doesn't do sequels this must be that good anyone else feel this way,meryl streep sequel doesn't sequels must good anyone else,5.707110264748875,19,100,5.2631578947368425,0.09,0.0,2.0,0.0,0.0,Monday,False,High,0.4404,0.139,0.0,0.861,positive,0.7,0.6,3,-0.031057613316246204,-0.061067318733641344,Industry Analysts
The Devil Wears Prada 2,THE_0360,This is the fashion girl movie of the decade. Period. Anyone else feel this way?,Twitter/X,,2025-10-26,2025-10-26T12:31:00,119,35,14,43,10,this is the fashion girl movie of the decade period anyone else feel this way,fashion girl movie decade period anyone else,5.519458915191573,15,80,5.333333333333333,0.0375,0.0,1.0,0.0,0.0,Sunday,True,High,0.0,0.0,0.0,1.0,neutral,0.0,0.0,3,0.01920438513155381,-0.02703220545135618,Industry Analysts
The Devil Wears Prada 2,THE_0098,This is the fashion girl movie of the decade. Period. Fight me.,TikTok comments,,2025-10-29,2025-10-29T14:04:00,238,31,25,44,10,this is the fashion girl movie of the decade period fight me,fashion girl movie decade period fight,5.969985515430857,12,63,5.25,0.0476,0.0,0.0,0.0,0.0,Wednesday,False,High,-0.3818,0.0,0.191,0.809,negative,0.0,0.0,3,-0.0025166551349909594,-0.03381072282644867,Industry Analysts
The Devil Wears Prada 2,THE_0371,I'll watch it but I have reservations. Fashion films are very of-their-moment. Anyone else feel this way?,YouTube comments,,2025-08-14,2025-08-14T03:20:00,229,29,5,33,8,i'll watch it but i have reservations fashion films are very of their moment anyone else feel this way,i'll watch reservations fashion films moment anyone else,5.760477818332746,17,105,6.176470588235294,0.0381,0.0,1.0,0.0,1.0,Thursday,False,High,0.0,0.0,0.0,1.0,neutral,0.2,0.3,3,0.01002068946082304,-0.05268761777621504,Industry Analysts
The Devil Wears Prada 2,THE_0277,The pacing of the trailer felt a bit rushed. Hope the actual film breathes more. Genuinely can't stop thinking about this.,Reddit,r/boxoffice,2025-10-14,2025-10-14T02:02:00,174,58,19,42,10,the pacing of the trailer felt a bit rushed hope the actual film breathes more genuinely can't stop thinking about this,pacing trailer felt bit rushed hope actual film breathes genuinely can't stop thinking,5.932245187448011,21,122,5.809523809523809,0.0246,0.0,0.0,0.0,0.0,Tuesday,False,High,0.6189,0.21,0.0,0.79,positive,0.3,0.3667,3,-0.04202381008671417,-0.02156234416507039,Industry Analysts
The Devil Wears Prada 2,THE_0308,The original didn't need a sequel. Hope they don't ruin the legacy. Genuinely can't stop thinking about this.,YouTube comments,,2025-10-12,2025-10-12T07:44:00,317,57,21,41,10,the original didn't need a sequel hope they don't ruin the legacy genuinely can't stop thinking about this,original didn't sequel hope don't ruin legacy genuinely can't stop thinking,6.260537030310592,18,109,6.055555555555555,0.0275,0.0,0.0,0.0,1.0,Sunday,True,Viral,0.8466,0.421,0.0,0.579,positive,0.3875,0.625,1,-0.09861004831344865,0.011459881494311739,Fashion Insiders
The Devil Wears Prada 2,THE_0323,Not sure how they'll top the original. The bar is literally Meryl Streep at peak Meryl. Anyone else feel this way?,Twitter/X,,2025-08-09,2025-08-09T05:27:00,135,20,10,32,8,not sure how they'll top the original the bar is literally meryl streep at peak meryl anyone else feel this way,sure they'll top original bar literally meryl streep peak meryl anyone else,5.375278407684165,21,114,5.428571428571429,0.0526,0.0,1.0,0.0,0.0,Saturday,True,High,0.2819,0.17,0.082,0.748,positive,0.2083,0.713,3,-0.032889305227546024,-0.11204082480282788,Industry Analysts
The Devil Wears Prada 2,THE_0330,This is the fashion girl movie of the decade. Period. Can't wait.,YouTube comments,,2025-09-22,2025-09-22T21:31:00,205,31,21,39,9,this is the fashion girl movie of the decade period can't wait,fashion girl movie decade period can't wait,5.847882818629958,12,65,5.416666666666667,0.0462,0.0,0.0,1.0,0.0,Monday,False,High,0.0,0.0,0.0,1.0,neutral,0.0,0.0,3,0.0015540435829100728,-0.08822290335683071,Industry Analysts
The Devil Wears Prada 2,THE_0171,This will be fascinating to analyze from an audience reception standpoint. Real talk.,YouTube comments,,2025-09-11,2025-09-11T05:51:00,155,13,2,37,9,this will be fascinating to analyze from an audience reception standpoint real talk,fascinating analyze audience reception standpoint real talk,5.270432163058501,13,85,6.538461538461538,0.0235,0.0,0.0,0.0,0.0,Thursday,False,High,0.5423,0.226,0.0,0.774,positive,0.45,0.575,3,-0.005364983201291681,0.0035495272591544343,Industry Analysts
The Devil Wears Prada 2,THE_0096,The nostalgia economy is real. Studios know exactly what they're doing with this IP.,Instagram,,2025-10-20,2025-10-20T06:16:00,116,9,13,43,10,the nostalgia economy is real studios know exactly what they're doing with this ip,nostalgia economy real studios exactly they're doing,5.184588601219693,14,84,6.0,0.0476,0.0,0.0,0.0,0.0,Monday,False,High,0.0,0.0,0.0,1.0,neutral,0.225,0.275,1,-0.01282698822818156,-0.008600767996885741,Fashion Insiders
The Devil Wears Prada 2,THE_0187,The pacing of the trailer felt a bit rushed. Hope the actual film breathes more. Hot take.,Twitter/X,,2025-10-27,2025-10-27T16:05:00,96,28,13,44,10,the pacing of the trailer felt a bit rushed hope the actual film breathes more hot take,pacing trailer felt bit rushed hope actual film breathes hot take,5.327876168789581,17,90,5.294117647058823,0.0333,0.0,0.0,0.0,0.0,Monday,False,High,0.4404,0.153,0.0,0.847,positive,0.25,0.4833,3,-0.028634514345110825,-0.013086422135675587,Industry Analysts
The Devil Wears Prada 2,THE_0198,I've been waiting for this sequel for 15 years. Miranda Priestly is back and I am NOT ready. Hot take.,Reddit,r/femalefashionadvice,2025-09-30,2025-09-30T22:53:00,417,42,6,40,9,i've been waiting for this sequel for 15 years miranda priestly is back and i am not ready hot take,i've waiting sequel years miranda priestly back ready hot take,6.293419278846481,20,102,5.1,0.0784,0.0,0.0,1.0,0.0,Tuesday,False,Viral,-0.2755,0.0,0.1,0.9,negative,0.05,0.45,3,-0.03186183196367969,-0.0369536172162512,Industry Analysts
The Devil Wears Prada 2,THE_0078,Good trailer. Not great. But the bar for the actual film is set correctly. Real talk.,YouTube comments,,2025-10-20,2025-10-20T07:06:00,114,13,10,43,10,good trailer not great but the bar for the actual film is set correctly real talk,good trailer great bar actual film set correctly real talk,5.178970608915471,16,85,5.3125,0.0471,0.0,0.0,0.0,0.0,Monday,False,High,-0.0508,0.108,0.119,0.774,negative,0.125,0.4375,3,-0.01001959950999813,-0.01163643221276743,Industry Analysts
The Devil Wears Prada 2,THE_0298,Box office tracking says this is projected to open at 60M+. Makes sense given the IP. Fight me.,Reddit,r/boxoffice,2025-09-17,2025-09-17T10:26:00,155,53,21,38,9,box office tracking says this is projected to open at 60m makes sense given the ip fight me,box office tracking says projected open 60m makes sense given fight,5.86220971125072,18,95,5.277777777777778,0.0632,0.0,0.0,0.0,0.0,Wednesday,False,High,-0.3818,0.0,0.133,0.867,negative,0.0,0.5,3,0.8421440472092121,0.29578651832360137,Industry Analysts
